rank_today;tier;action;Beteckn;Kommun;status;priority_class;score;Inkomdatum;days_left;valid_until;AnmaldHa;area_ha_geom;Avverktyp;Skogstyp;new_since_last_run;needs_survey;survey_reasons;annex4_inside;protected_plant_inside;priobird_inside;threatened_inside;n_key_species_inside;n_key_species_500;nyckelbiotop_share;hcvf_mean;noble_share;tall_share;natura2000_dist_m;natura2000_nearest;reserve_dist_m;reserve_nearest;species_inside;species_within_150;x_sweref;y_sweref;lon;lat
1;1;Skicka begäran om tillsyn till Skogsstyrelsen NU (fristen löper);A 33035-2026;FINSPÅNG;Fristen löper;Mycket hög;127.2;2026-08-10;15;2031-08-09;8.3;8.24880048954766;Avverkning för att bevara och utveckla /försöksver;Ädellövskog;FALSE;TRUE;"nyckelbiotop överlappar; hög skoglig naturvärdessannolikhet (HCVF 88); ädellövskog 70 %; hög skog >= 20 m på 95 %";0;0;0;0;12;17;0.969043631820515;87.8;0.705;0.951;4564;Prästängsuddens lövskog;4564;Prästängsuddens lövskog;"Alleniella complanata (platt fjädermossa, LC, 2022); Anomodon viticulosus (grov baronmossa, LC, 2022); Antitrichia curtipendula (fällmossa, LC, 2022); Bacidia rubella (lönnlav, LC, 2022); Homalia trichomanoides (trubbfjädermossa, LC, 2022); Homalothecium sericeum (guldlockmossa, LC, 2022); Leucobryum glaucum (blåmossa, LC, 2022); Lopadium disciforme (barkkornlav, LC, 2022); Carbonicola anthracophila (kolflarnlav, NT, 2022); Lecanographa amylacea (gammelekslav, NT, 2022); Peltigera collina (grynig filtlav, NT, 2022); Rostania occultata (skorpgelélav, NT, 2022)";"Acolium inquinans (sotlav, LC, 2022); Biatoridium monasteriense (klosterlav, VU, 2022)";556274;6532802;15.97756;58.93119
2;1;Skicka begäran om tillsyn till Skogsstyrelsen NU (fristen löper);A 32488-2026;MOTALA;Brådskande: fristen går ut inom 14 dagar;Mycket hög;106.5;2026-08-05;10;2031-08-04;2;2.46661652500047;Föryngringsavverkning;Normal skog;FALSE;TRUE;"rödlistad/bilaga IV-fridlyst art inom området (6/8 §); prioriterad fågelart inom området (4 §); hotad art (CR/EN/VU) inom området; hög skog >= 20 m på 94 %";0;1;1;1;4;5;0;21.1;0;0.945;3861;Kristberg;3332;Lustigkulle domänreservat;"Lycopodium annotinum (revlummer, LC, fridlyst, 2026); Goodyera repens (knärot, VU, fridlyst, 2026); Dryocopus martius (spillkråka, LC, prio. fågel, 2026); Cacotemnus thomsoni (thomsons trägnagare, LC, 2026)";Tomicus minor (mindre märgborre, LC, 2026);509668;6496386;15.16639;58.60773
3;1;Skicka begäran om tillsyn till Skogsstyrelsen NU (fristen löper);A 36146-2026;LINKÖPING;Fristen löper;Mycket hög;99.6;2026-08-30;35;2031-08-29;2.5;2.641225845647;Föryngringsavverkning;Normal skog;TRUE;TRUE;"rödlistad/bilaga IV-fridlyst art inom 150 m (6/8 §, buffertzon); prioriterad fågelart inom området (4 §); hotad art (CR/EN/VU) inom området; hög skog >= 20 m på 58 %";0;0;6;1;7;18;0;50.3;0.003;0.578;1285;Lunderna;5032;Ytterby;"Cygnus cygnus (sångsvan, LC, prio. fågel, 2012); Haliaeetus albicilla (havsörn, LC, prio. fågel, 2016); Lanius collurio (törnskata, LC, prio. fågel, 2015); Lullula arborea (trädlärka, LC, prio. fågel, 2012); Dryobates minor (mindre hackspett, NT, prio. fågel, 2010); Motacilla alba (sädesärla, NT, prio. fågel, 2015); Vanellus vanellus (tofsvipa, VU, 2016)";"Lucanus cervus (ekoxe, LC, fridlyst, 2026); Selinum carvifolia (krusfrö, NT, 2022); Serratula tinctoria (ängsskära, NT, 2022); Seseli libanotis (säfferot, NT, 2022)";551728;6471517;15.88457;58.38143
4;1;Skicka begäran om tillsyn till Skogsstyrelsen NU (fristen löper);A 32813-2026;NORRKÖPING;Brådskande: fristen går ut inom 14 dagar;Hög;77.7;2026-08-07;12;2031-08-06;5.7;5.73972959926427;Föryngringsavverkning;Normal skog;FALSE;TRUE;"rödlistad/bilaga IV-fridlyst art inom 150 m (6/8 §, buffertzon); prioriterad fågelart inom 150 m (4 §); hög skoglig naturvärdessannolikhet (HCVF 74); hög skog >= 20 m på 90 %";0;0;0;0;0;16;0.000817109066032795;73.5;0;0.895;3774;Bråviken arkipelag;4059;Södra Lunda;"";"Lucanus cervus (ekoxe, LC, fridlyst, 2020); Haliaeetus albicilla (havsörn, LC, prio. fågel, 2020); Somateria mollissima (ejder, EN, 2016); Leucobryum glaucum (blåmossa, LC, 2013); Phaeolus schweinitzii (grovticka, LC, 2013); Haematopus ostralegus (strandskata, NT, 2016); Hydroprogne caspia (skräntärna, NT, 2020); Phellodon melaleucus (svartvit taggsvamp, NT, 2013); Sarcodon squamosus (motaggsvamp, NT, 2013); Coronella austriaca (hasselsnok, VU, 2020)";612452;6483208;16.92821;58.475
5;1;Skicka begäran om tillsyn till Skogsstyrelsen NU (fristen löper);A 35032-2026;SÖDERKÖPING;Fristen löper;Hög;76.1;2026-08-25;30;2031-08-24;7;7.05037499999031;Föryngringsavverkning;Normal skog;FALSE;TRUE;"allmän fridlyst art (t.ex. orkidé) inom 150 m, ej utlösande; prioriterad fågelart inom området (4 §); hög skog >= 20 m på 96 %";0;0;1;0;4;13;0;29.2;0;0.956;5371;Össby lindäng;6625;Ramunderberget;"Hepatica nobilis (blåsippa, LC, fridlyst, 2026); Poecile montanus (talltita, NT, prio. fågel, 2026); Helodium blandowii (kärrkammossa, LC, 2026); Leucobryum glaucum (blåmossa, LC, 2026)";"Dryocopus martius (spillkråka, LC, prio. fågel, 2026); Tetrao urogallus (tjäder, LC, prio. fågel, 2026); Motacilla alba (sädesärla, NT, prio. fågel, 2026); Tomicus minor (mindre märgborre, LC, 2026); Scolytus ratzeburgii (björksplintborre, LC, 2026)";571741;6478959;16.22904;58.44543
6;1;Skicka begäran om tillsyn till Skogsstyrelsen NU (fristen löper);A 33177-2026;VALDEMARSVIK;Fristen löper;Hög;64.6;2026-08-11;16;2031-08-10;4.6;4.61086804675395;Föryngringsavverkning;Normal skog;FALSE;TRUE;"rödlistad/bilaga IV-fridlyst art inom 150 m (6/8 §, buffertzon); hög skoglig naturvärdessannolikhet (HCVF 71); hög skog >= 20 m på 98 %";0;0;0;0;0;14;0;71;0;0.976;6854;Hägerstad;3265;Skrickerum;"";"Vicia pisiformis (ärtvicker, EN, fridlyst, 2026); Hypericum montanum (bergjohannesört, NT, 2024)";585856;6443622;16.45767;58.12561
7;1;Skicka begäran om tillsyn till Skogsstyrelsen NU (fristen löper);A 36576-2026;LINKÖPING;Fristen löper;Hög;61.4;2026-09-04;40;2031-09-03;1.4;1.43197471000242;Avverkning för att bevara och utveckla /försöksver;Normal skog;TRUE;TRUE;"hotad art (CR/EN/VU) inom området; hög skog >= 20 m på 75 %";0;0;0;1;8;16;0;37.5;0.07;0.753;1790;Ullebergsskogen;1779;Ullebergsskogen;"Acolium inquinans (sotlav, LC, 2015); Alleniella complanata (platt fjädermossa, LC, 2015); Antitrichia curtipendula (fällmossa, LC, 2015); Homalothecium sericeum (guldlockmossa, LC, 2015); Lopadium disciforme (barkkornlav, LC, 2015); Porella platyphylla (trädporella, LC, 2015); Fistulina hepatica (oxtungssvamp, NT, 2015); Sclerophora pallida (gulvit blekspik, VU, 2015)";"";518341;6442825;15.31138;58.1264
8;1;Skicka begäran om tillsyn till Skogsstyrelsen NU (fristen löper);A 32573-2026;MJÖLBY;Brådskande: fristen går ut inom 14 dagar;Hög;58.6;2026-08-05;10;2031-08-04;6.6;6.61811494500004;Föryngringsavverkning;Normal skog;FALSE;TRUE;"rödlistad/bilaga IV-fridlyst art inom 150 m (6/8 §, buffertzon); prioriterad fågelart inom 150 m (4 §); hög skog >= 20 m på 98 %";0;0;0;0;1;7;0;36.8;0;0.979;2707;Ullebergsskogen;2700;Ullebergsskogen;Lobaria pulmonaria (lunglav, NT, 2019);"Epipactis atrorubens (purpurknipprot, LC, fridlyst, 2019); Vipera berus (huggorm, LC, fridlyst, 2025); Poecile montanus (talltita, NT, prio. fågel, 2025); Trifolium aureum (gullklöver, NT, 2024)";516243;6443917;15.27585;58.13629
9;1;Skicka begäran om tillsyn till Skogsstyrelsen NU (fristen löper);A 31892-2026;NORRKÖPING;Brådskande: fristen går ut inom 14 dagar;Hög;54.9;2026-07-28;2;2031-07-27;2.2;2.94136434499868;Föryngringsavverkning;Normal skog;FALSE;TRUE;"allmän fridlyst art (t.ex. orkidé) inom 150 m, ej utlösande; prioriterad fågelart inom 150 m (4 §); hög skoglig naturvärdessannolikhet (HCVF 83); hög skog >= 20 m på 70 %";0;0;0;0;1;10;0;83;0;0.7;5588;Magnehults domänreservat;5506;Magnehults domänreservat;Phellinidium ferrugineofuscum (ullticka, NT, 2020);"Dactylorhiza maculata (fläcknycklar, LC, fridlyst, 2024); Hepatica nobilis (blåsippa, LC, fridlyst, 2024); Lycopodium clavatum (mattlummer, LC, fridlyst, 2024); Haliaeetus albicilla (havsörn, LC, prio. fågel, 2021); Actitis hypoleucos (drillsnäppa, NT, prio. fågel, 2025); Hertelidea botryosa (vedskivlav, NT, 2024); Hydnellum ferrugineum (dropptaggsvamp, NT, 2020)";564915;6517423;16.12316;58.79188
10;1;Skicka begäran om tillsyn till Skogsstyrelsen NU (fristen löper);A 35080-2026;KINDA;Fristen löper;Hög;53.8;2026-08-26;31;2031-08-25;8.8;8.7507895298359;Avverkning för annat ändamål;Normal skog;FALSE;TRUE;"hög skoglig naturvärdessannolikhet (HCVF 72); ädellövskog 65 %; hög skog >= 20 m på 74 %";0;0;0;0;0;2;0.00639459753430877;72;0.65;0.737;3842;Ryda;3842;Ryda;"";"";548575;6427304;15.82145;57.98472
11;1;Skicka begäran om tillsyn till Skogsstyrelsen NU (fristen löper);A 36366-2026;NORRKÖPING;Fristen löper;Hög;50.5;2026-09-03;39;2031-09-02;2.5;2.54175925500738;Avverkning för annat ändamål;Normal skog;TRUE;TRUE;"rödlistad/bilaga IV-fridlyst art inom 150 m (6/8 §, buffertzon); hög skog >= 20 m på 71 %";0;0;0;0;1;11;0;38.9;0.011;0.711;1701;Ljusfors;1701;Ljusfors;Leucobryum glaucum (blåmossa, LC, 2022);"Goodyera repens (knärot, VU, fridlyst, 2022); Porodaedalea pini (tallticka, NT, 2022)";551990;6492591;15.89384;58.57065
12;1;Skicka begäran om tillsyn till Skogsstyrelsen NU (fristen löper);A 34790-2026;SÖDERKÖPING;Fristen löper;Hög;46;2026-08-24;29;2031-08-23;3.5;4.04052210999751;Föryngringsavverkning;Normal skog;FALSE;TRUE;"rödlistad/bilaga IV-fridlyst art inom 150 m (6/8 §, buffertzon); prioriterad fågelart inom 150 m (4 §); hög skog >= 20 m på 86 %";0;0;0;0;0;12;0;63.8;0.095;0.861;682;Svensmarö;682;Svensmarö;"";"Lucanus cervus (ekoxe, LC, fridlyst, 2020); Grus grus (trana, LC, prio. fågel, 2009); Mergellus albellus (salskrake, LC, prio. fågel, 2008); Asio flammeus (jorduggla, NT, prio. fågel, 2006); Carpodacus erythrinus (rosenfink, NT, prio. fågel, 2009); Gallinago gallinago (enkelbeckasin, NT, prio. fågel, 2007); Motacilla alba (sädesärla, NT, prio. fågel, 2009); Polygala vulgaris (jungfrulin, NT, 2021)";602677;6464772;16.75246;58.3119
13;1;Skicka begäran om tillsyn till Skogsstyrelsen NU (fristen löper);A 32815-2026;NORRKÖPING;Brådskande: fristen går ut inom 14 dagar;Medel;44.2;2026-08-07;12;2031-08-06;2.2;2.20312602034509;Föryngringsavverkning;Normal skog;FALSE;TRUE;"prioriterad fågelart inom 150 m (4 §); hög skoglig naturvärdessannolikhet (HCVF 84); hög skog >= 20 m på 88 %";0;0;0;0;0;17;0.0225753060386163;83.8;0;0.876;3497;Bråviken arkipelag;3609;Södra Lunda;"";"Haliaeetus albicilla (havsörn, LC, prio. fågel, 2020); Hydnellum concrescens (zontaggsvamp, LC, 2011); Leucobryum glaucum (blåmossa, LC, 2011); Hydnellum ferrugineum (dropptaggsvamp, NT, 2011); Lactarius musteus (tallriska, NT, 2011); Porodaedalea pini (tallticka, NT, 2024); Sarcodon squamosus (motaggsvamp, NT, 2011)";612715;6484032;16.93313;58.48232
14;1;Skicka begäran om tillsyn till Skogsstyrelsen NU (fristen löper);A 33396-2026;BOXHOLM;Fristen löper;Medel;41.6;2026-08-13;18;2031-08-12;1.6;1.63727639500158;Avverkning för att bevara och utveckla /försöksver;Normal skog;FALSE;TRUE;"hög skoglig naturvärdessannolikhet (HCVF 81); hög skog >= 20 m på 98 %";0;0;0;0;0;6;0;81.2;0;0.976;797;Pukehål;804;Pukehål;"";Fraxinus excelsior (ask, EN, 2020);516637;6435598;15.28195;58.06155
15;1;Skicka begäran om tillsyn till Skogsstyrelsen NU (fristen löper);A 36610-2026;YDRE;Fristen löper;Medel;41.4;2026-09-04;40;2031-09-03;1.4;1.36051675000306;Föryngringsavverkning;Normal skog;TRUE;TRUE;"rödlistad/bilaga IV-fridlyst art inom 150 m (6/8 §, buffertzon); hög skog >= 20 m på 88 %";0;0;0;0;0;18;0;28.4;0;0.883;1187;Fundshult;683;Födekulla;"";"Goodyera repens (knärot, VU, fridlyst, 2026); Sparassis crispa (blomkålssvamp, LC, 2022)";526590;6401994;15.44685;57.75924
16;1;Skicka begäran om tillsyn till Skogsstyrelsen NU (fristen löper);A 34869-2026;MJÖLBY;Fristen löper;Medel;41.3;2026-08-21;26;2031-08-20;1.3;1.32105411640611;Föryngringsavverkning;Normal skog;FALSE;TRUE;"rödlistad/bilaga IV-fridlyst art inom 150 m (6/8 §, buffertzon); hög skog >= 20 m på 96 %";0;0;0;0;0;11;0;11.8;0.022;0.962;3254;Solberga;2905;Skogssjöområdet;"";"Pulsatilla vulgaris (backsippa, VU, fridlyst, 2025); Helianthemum nummularium (solvända, NT, 2024); Scorzonera humilis (svinrot, NT, 2024)";509115;6463306;15.15556;58.31064
17;1;Skicka begäran om tillsyn till Skogsstyrelsen NU (fristen löper);A 32558-2026;MJÖLBY;Brådskande: fristen går ut inom 14 dagar;Medel;39.7;2026-08-05;10;2031-08-04;1.6;1.65757950499688;Föryngringsavverkning;Normal skog;FALSE;TRUE;"rödlistad/bilaga IV-fridlyst art inom 150 m (6/8 §, buffertzon); hög skog >= 20 m på 99 %";0;0;0;0;0;9;0;30.5;0;0.987;2908;Ullebergsskogen;2904;Ullebergsskogen;"";Epipactis atrorubens (purpurknipprot, LC, fridlyst, 2019);516018;6444209;15.27205;58.13892
18;1;Skicka begäran om tillsyn till Skogsstyrelsen NU (fristen löper);A 32564-2026;MJÖLBY;Brådskande: fristen går ut inom 14 dagar;Medel;39.2;2026-08-05;10;2031-08-04;1.2;1.19785483999681;Föryngringsavverkning;Normal skog;FALSE;TRUE;"rödlistad/bilaga IV-fridlyst art inom 150 m (6/8 §, buffertzon); hög skog >= 20 m på 96 %";0;0;0;0;0;7;0;20.4;0;0.958;2835;Ullebergsskogen;2833;Ullebergsskogen;"";Epipactis atrorubens (purpurknipprot, LC, fridlyst, 2019);516163;6444279;15.27452;58.13954
19;1;Skicka begäran om tillsyn till Skogsstyrelsen NU (fristen löper);A 32641-2026;KINDA;Brådskande: fristen går ut inom 14 dagar;Medel;34.7;2026-08-06;11;2031-08-05;4.7;4.69940682104154;Föryngringsavverkning;Normal skog;FALSE;TRUE;"hög skoglig naturvärdessannolikhet (HCVF 81); hög skog >= 20 m på 94 %";0;0;0;0;0;8;0;80.6;0;0.935;1422;Föllingsö;4136;Toppkullaberget;"";"";533541;6427809;15.56731;57.99064
20;1;Skicka begäran om tillsyn till Skogsstyrelsen NU (fristen löper);A 32554-2026;MJÖLBY;Brådskande: fristen går ut inom 14 dagar;Medel;33.1;2026-08-05;10;2031-08-04;3.1;3.14319977001413;Föryngringsavverkning;Normal skog;FALSE;TRUE;"rödlistad/bilaga IV-fridlyst art inom 150 m (6/8 §, buffertzon); hög skog >= 20 m på 94 %";0;0;0;0;0;7;0;34.7;0;0.937;2875;Ullebergsskogen;2872;Ullebergsskogen;"";Epipactis atrorubens (purpurknipprot, LC, fridlyst, 2019);516091;6444139;15.27327;58.13829
21;1;Skicka begäran om tillsyn till Skogsstyrelsen NU (fristen löper);A 33389-2026;BOXHOLM;Fristen löper;Medel;32.8;2026-08-13;18;2031-08-12;1.9;2.80970760499559;Föryngringsavverkning;Normal skog;FALSE;TRUE;"hög skoglig naturvärdessannolikhet (HCVF 74); hög skog >= 20 m på 95 %";0;0;0;0;0;5;0;74.5;0;0.948;971;Pukehål;978;Pukehål;"";"";516518;6435801;15.27994;58.06338
22;1;Skicka begäran om tillsyn till Skogsstyrelsen NU (fristen löper);A 32574-2026;MJÖLBY;Brådskande: fristen går ut inom 14 dagar;Medel;31.5;2026-08-05;10;2031-08-04;1.3;1.49621683500522;Föryngringsavverkning;Normal skog;FALSE;TRUE;"rödlistad/bilaga IV-fridlyst art inom 150 m (6/8 §, buffertzon); hög skog >= 20 m på 95 %";0;0;0;0;0;6;0;27.5;0;0.95;3171;Ullebergsskogen;3167;Ullebergsskogen;"";Epipactis atrorubens (purpurknipprot, LC, fridlyst, 2019);515860;6444113;15.26936;58.13807
23;1;Skicka begäran om tillsyn till Skogsstyrelsen NU (fristen löper);A 34793-2026;SÖDERKÖPING;Fristen löper;Medel;31.3;2026-08-24;29;2031-08-23;0.7;1.25400089000124;Föryngringsavverkning;Normal skog;FALSE;TRUE;"hög skoglig naturvärdessannolikhet (HCVF 70); hög skog >= 20 m på 81 %";0;0;0;0;0;10;0;70.5;0;0.809;593;Svensmarö;593;Svensmarö;"";"";602770;6464846;16.75408;58.31254
24;1;Skicka begäran om tillsyn till Skogsstyrelsen NU (fristen löper);A 35918-2026;LINKÖPING;Fristen löper;Medel;30.7;2026-09-01;37;2031-08-31;0.7;0.721598995355819;Föryngringsavverkning;Normal skog;TRUE;TRUE;"rödlistad/bilaga IV-fridlyst art inom 150 m (6/8 §, buffertzon); hög skog >= 20 m på 97 %";0;0;0;0;0;6;0;5;0;0.973;8573;Västra Harg;8213;Västra Hargs lövskogar;"";"Epipactis helleborine (skogsknipprot, LC, fridlyst, 2024); Platanthera chlorantha (grönvit nattviol, LC, fridlyst, 2024)";524143;6460851;15.41176;58.28802
25;1;Skicka begäran om tillsyn till Skogsstyrelsen NU (fristen löper);A 32814-2026;NORRKÖPING;Brådskande: fristen går ut inom 14 dagar;Medel;24.9;2026-08-07;12;2031-08-06;4.8;4.87101681157903;Föryngringsavverkning;Normal skog;FALSE;TRUE;rödlistad/bilaga IV-fridlyst art inom 150 m (6/8 §, buffertzon);0;0;0;0;0;13;0;45.6;0.012;0.446;4670;Bråviken yttre;4662;Bråviken;"";Lucanus cervus (ekoxe, LC, fridlyst, 2020);611568;6483995;16.91344;58.48229
26;2;Nollbeslut föreligger: begär beslut, förbered överklagan till MMD;A 22410-2026;ÅTVIDABERG;Avverkning tillåten: fristen passerad nyligen;Mycket hög;193.9;2026-05-12;-75;2031-05-11;3.9;3.94856280000075;Föryngringsavverkning;Normal skog;FALSE;TRUE;"art i bilaga IV inom området (4 a §); rödlistad/bilaga IV-fridlyst art inom området (6/8 §); prioriterad fågelart inom området (4 §); hög skoglig naturvärdessannolikhet (HCVF 82); hög skog >= 20 m på 100 %";1;1;1;0;8;13;0;82.5;0;0.995;2605;Åtvidsnäs;2604;Åtvidsnäs;"Buxbaumia viridis (grön sköldmossa, LC, bil. IV, fridlyst, 2026); Dryocopus martius (spillkråka, LC, prio. fågel, 2026); Meruliopsis taxicola (blodticka, LC, 2026); Pyrola chlorantha (grönpyrola, LC, 2026); Rhytidiadelphus loreus (västlig hakmossa, LC, 2026); Scolytus ratzeburgii (björksplintborre, LC, 2026); Tomicus minor (mindre märgborre, LC, 2026); Crossocalyx hellerianus (vedtrappmossa, NT, 2026)";"Hepatica nobilis (blåsippa, LC, fridlyst, 2026); Goodyera repens (knärot, VU, fridlyst, 2026); Phaeolus schweinitzii (grovticka, LC, 2026)";563924;6448522;16.08674;58.17333
27;2;Nollbeslut föreligger: begär beslut, förbered överklagan till MMD;A 22412-2026;ÅTVIDABERG;Avverkning tillåten: fristen passerad nyligen;Mycket hög;180;2026-05-12;-75;2031-05-11;10.8;11.0462684950081;Föryngringsavverkning;Normal skog;FALSE;TRUE;"art i bilaga IV inom 150 m (4 a §); rödlistad/bilaga IV-fridlyst art inom området (6/8 §); prioriterad fågelart inom området (4 §); hotad art (CR/EN/VU) inom området; hög skoglig naturvärdessannolikhet (HCVF 81); hög skog >= 20 m på 97 %";0;1;1;1;4;14;0;81;0.042;0.974;2489;Åtvidsnäs;2489;Åtvidsnäs;"Hepatica nobilis (blåsippa, LC, fridlyst, 2026); Goodyera repens (knärot, VU, fridlyst, 2026); Dryocopus martius (spillkråka, LC, prio. fågel, 2026); Pyrola chlorantha (grönpyrola, LC, 2026)";"Buxbaumia viridis (grön sköldmossa, LC, bil. IV, fridlyst, 2026); Actaea spicata (svart trolldruva, LC, 2026); Scolytus ratzeburgii (björksplintborre, LC, 2026); Meruliopsis taxicola (blodticka, LC, 2026); Phaeolus schweinitzii (grovticka, LC, 2026); Rhytidiadelphus loreus (västlig hakmossa, LC, 2026); Tomicus minor (mindre märgborre, LC, 2026); Crossocalyx hellerianus (vedtrappmossa, NT, 2026)";564057;6448701;16.08906;58.17491
28;2;Nollbeslut föreligger: begär beslut, förbered överklagan till MMD;A 30193-2026;ÅTVIDABERG;Avverkning tillåten: fristen passerad nyligen;Mycket hög;173.5;2026-06-30;-26;2031-06-29;4.9;7.54349861870375;Föryngringsavverkning;Normal skog;FALSE;TRUE;"rödlistad/bilaga IV-fridlyst art inom området (6/8 §); prioriterad fågelart inom området (4 §); hotad art (CR/EN/VU) inom området; hög skog >= 20 m på 94 %";0;1;2;2;15;27;0;55.4;0;0.943;3780;Herrsätter;2304;Långdalsgölen;"Goodyera repens (knärot, VU, fridlyst, 2026); Dryocopus martius (spillkråka, LC, prio. fågel, 2026); Poecile montanus (talltita, NT, prio. fågel, 2026); Leucobryum glaucum (blåmossa, LC, 2026); Oxyporus corticola (barkticka, LC, 2025); Pyrola chlorantha (grönpyrola, LC, 2025); Tomicus minor (mindre märgborre, LC, 2026); Cladonia parasitica (dvärgbägarlav, NT, 2026); Crossocalyx hellerianus (vedtrappmossa, NT, 2025); Crustoderma corneum (hornvaxskinn, NT, 2025); Hertelidea botryosa (vedskivlav, NT, 2026); Hydnellum ferrugineum (dropptaggsvamp, NT, 2026)";"Hookeria lucens (skirmossa, VU, fridlyst, 2026); Tetrao urogallus (tjäder, LC, prio. fågel, 2026); Caprimulgus europaeus (nattskärra, LC, prio. fågel, 2026); Dryobates minor (mindre hackspett, NT, prio. fågel, 2025); Alleniella complanata (platt fjädermossa, LC, 2026); Inocutis rheades (rävticka, LC, 2026); Phaeolus schweinitzii (grovticka, LC, 2026); Chaetodermella luna (vitplätt, NT, 2025); Felipes leucopellaeus (kattfotslav, NT, 2026); Chaenotheca gracilenta (smalskaftslav, VU, 2026)";560703;6462209;16.03557;58.29669
29;2;Nollbeslut föreligger: begär beslut, förbered överklagan till MMD;A 30320-2026;KINDA;Avverkning tillåten: fristen passerad nyligen;Mycket hög;160.6;2026-07-03;-23;2031-07-02;4.6;4.63807469498776;Föryngringsavverkning;Normal skog;FALSE;TRUE;"rödlistad/bilaga IV-fridlyst art inom området (6/8 §); prioriterad fågelart inom området (4 §); hotad art (CR/EN/VU) inom området; hög skoglig naturvärdessannolikhet (HCVF 75); hög skog >= 20 m på 81 %";0;1;3;1;13;21;0;75.1;0;0.806;2325;Idhult;2329;Idhult;"Goodyera repens (knärot, VU, fridlyst, 2026); Dryocopus martius (spillkråka, LC, prio. fågel, 2026); Dryobates minor (mindre hackspett, NT, prio. fågel, 2026); Poecile montanus (talltita, NT, prio. fågel, 2026); Antitrichia curtipendula (fällmossa, LC, 2026); Leucobryum glaucum (blåmossa, LC, 2026); Pseudomerulius aureus (gullgröppa, LC, 2026); Sparassis crispa (blomkålssvamp, LC, 2026); Alces alces (älg, NT, 2026); Cladonia parasitica (dvärgbägarlav, NT, 2026); Hertelidea botryosa (vedskivlav, NT, 2026); Nothorhina muricata (reliktbock, NT, 2026)";"Haliaeetus albicilla (havsörn, LC, prio. fågel, 2021); Crossocalyx hellerianus (vedtrappmossa, NT, 2026); Trifolium aureum (gullklöver, NT, 2026)";558021;6430648;15.98198;58.01362
30;2;Nollbeslut föreligger: begär beslut, förbered överklagan till MMD;A 27915-2026;MOTALA;Avverkning tillåten: fristen passerad nyligen;Mycket hög;156.7;2026-06-18;-38;2031-06-17;4;4.67529930000694;Föryngringsavverkning;Normal skog;FALSE;TRUE;"art i bilaga IV inom 150 m (4 a §); rödlistad/bilaga IV-fridlyst art inom 150 m (6/8 §, buffertzon); prioriterad fågelart inom området (4 §); hotad art (CR/EN/VU) inom området; hög skog >= 20 m på 97 %; Natura 2000 inom 475 m (Lillsjökärret)";0;0;5;2;10;20;0;48.6;0;0.967;475;Lillsjökärret;2752;Bredsjömossen;"Dactylorhiza maculata (fläcknycklar, LC, fridlyst, 2026); Dryocopus martius (spillkråka, LC, prio. fågel, 2026); Tetrao urogallus (tjäder, LC, prio. fågel, 2026); Poecile montanus (talltita, NT, prio. fågel, 2026); Chloris chloris (grönfink, VU, prio. fågel, 2026); Strix nebulosa (lappuggla, VU, prio. fågel, 2026); Cacotemnus thomsoni (thomsons trägnagare, LC, 2026); Pyrola chlorantha (grönpyrola, LC, 2026); Crossocalyx hellerianus (vedtrappmossa, NT, 2026); Hydnellum ferrugineum (dropptaggsvamp, NT, 2026)";"Rana arvalis (åkergroda, LC, bil. IV, fridlyst, 2026); Lycopodium annotinum (revlummer, LC, fridlyst, 2026); Scolytus ratzeburgii (björksplintborre, LC, 2026); Leucobryum glaucum (blåmossa, LC, 2026); Callidium aeneum (grönhjon, NT, 2026)";512671;6512197;15.21895;58.74965
31;2;Nollbeslut föreligger: begär beslut, förbered överklagan till MMD;A 23975-2026;MOTALA;Avverkning tillåten: fristen passerad nyligen;Mycket hög;150.5;2026-05-25;-62;2031-05-24;3.7;4.48340675999627;Föryngringsavverkning;Normal skog;FALSE;TRUE;"rödlistad/bilaga IV-fridlyst art inom området (6/8 §); prioriterad fågelart inom området (4 §); hotad art (CR/EN/VU) inom området; hög skog >= 20 m på 98 %; Natura 2000 inom 0 m (Lillsjökärret)";0;1;3;1;12;29;0;32.6;0;0.983;0;Lillsjökärret;2095;Hälla ädellövskog;"Dactylorhiza maculata (fläcknycklar, LC, fridlyst, 2026); Goodyera repens (knärot, VU, fridlyst, 2024); Dryocopus martius (spillkråka, LC, prio. fågel, 2026); Poecile montanus (talltita, NT, prio. fågel, 2026); Turdus iliacus (rödvingetrast, NT, prio. fågel, 2026); Craterellus lutescens (rödgul trumpetsvamp, LC, 2026); Pyrola chlorantha (grönpyrola, LC, 2026); Scolytus ratzeburgii (björksplintborre, LC, 2026); Alces alces (älg, NT, 2026); Hydnellum aurantiacum (orange taggsvamp, NT, 2026); Hydnellum ferrugineum (dropptaggsvamp, NT, 2026); Porodaedalea pini (tallticka, NT, 2026)";"Poecile palustris (entita, NT, prio. fågel, 2022); Cacotemnus thomsoni (thomsons trägnagare, LC, 2026); Phellodon melaleucus (svartvit taggsvamp, NT, 2023)";511283;6511692;15.19495;58.74515
32;2;Nollbeslut föreligger: begär beslut, förbered överklagan till MMD;A 28141-2026;NORRKÖPING;Avverkning tillåten: fristen passerad nyligen;Mycket hög;148;2026-06-22;-34;2031-06-21;3.5;3.96150732500173;Föryngringsavverkning;Normal skog;FALSE;TRUE;"rödlistad/bilaga IV-fridlyst art inom området (6/8 §); prioriterad fågelart inom området (4 §); hotad art (CR/EN/VU) inom området; hög skog >= 20 m på 93 %; Natura 2000 inom 373 m (Glotternskogen)";0;1;2;1;5;58;0;35.9;0.007;0.926;373;Glotternskogen;373;Glotternskogen;"Dactylorhiza maculata (fläcknycklar, LC, fridlyst, 2026); Goodyera repens (knärot, VU, fridlyst, 2026); Caprimulgus europaeus (nattskärra, LC, prio. fågel, 2026); Dryocopus martius (spillkråka, LC, prio. fågel, 2026); Oxyporus corticola (barkticka, LC, 2010)";"Vipera berus (huggorm, LC, fridlyst, 2026); Anguis fragilis (kopparödla, LC, fridlyst, 2026); Bufo bufo (vanlig padda, LC, fridlyst, 2026); Natrix natrix (vanlig snok, LC, fridlyst, 2026); Platanthera chlorantha (grönvit nattviol, LC, fridlyst, 2026); Zootoca vivipara (skogsödla, LC, fridlyst, 2026); Haliaeetus albicilla (havsörn, LC, prio. fågel, 2026); Tetrao urogallus (tjäder, LC, prio. fågel, 2024); Aquila chrysaetos (kungsörn, NT, prio. fågel, 2023); Motacilla alba (sädesärla, NT, prio. fågel, 2026); Poecile montanus (talltita, NT, prio. fågel, 2026); Chloris chloris (grönfink, VU, prio. fågel, 2026)";567759;6509408;16.16993;58.71948
33;2;Nollbeslut föreligger: begär beslut, förbered överklagan till MMD;A 30179-2026;ÅTVIDABERG;Avverkning tillåten: fristen passerad nyligen;Mycket hög;142.7;2026-07-03;-23;2031-07-02;2.7;2.67952297420488;Föryngringsavverkning;Normal skog;FALSE;TRUE;"rödlistad/bilaga IV-fridlyst art inom området (6/8 §); prioriterad fågelart inom området (4 §); hotad art (CR/EN/VU) inom området; hög skog >= 20 m på 86 %";0;1;2;1;8;12;0;38.1;0;0.855;1779;Herrsätter;1441;Herrsätter;"Bufo bufo (vanlig padda, LC, fridlyst, 2026); Goodyera repens (knärot, VU, fridlyst, 2026); Dryocopus martius (spillkråka, LC, prio. fågel, 2026); Poecile montanus (talltita, NT, prio. fågel, 2026); Tomicus minor (mindre märgborre, LC, 2026); Felipes leucopellaeus (kattfotslav, NT, 2026); Hertelidea botryosa (vedskivlav, NT, 2026); Porodaedalea pini (tallticka, NT, 2026)";"Tetrao urogallus (tjäder, LC, prio. fågel, 2026); Mucronella bresadolae (storsporig dvärgpigg, DD, 2026); Meruliopsis taxicola (blodticka, LC, 2026); Homalia trichomanoides (trubbfjädermossa, LC, 2026)";558288;6462277;15.99439;58.29762
34;2;Nollbeslut föreligger: begär beslut, förbered överklagan till MMD;A 29384-2026;ÅTVIDABERG;Avverkning tillåten: fristen passerad nyligen;Mycket hög;139;2026-06-30;-26;2031-06-29;1.3;1.9841908757065;Föryngringsavverkning;Normal skog;FALSE;TRUE;"art i bilaga IV inom 150 m (4 a §); rödlistad/bilaga IV-fridlyst art inom 150 m (6/8 §, buffertzon); prioriterad fågelart inom området (4 §); ädellövskog 23 %; hög skog >= 20 m på 93 %";0;0;2;0;3;30;0;38.1;0.232;0.932;1748;Herrsätter;1418;Herrsätter;"Dryocopus martius (spillkråka, LC, prio. fågel, 2026); Poecile palustris (entita, NT, prio. fågel, 2025); Scolytus ratzeburgii (björksplintborre, LC, 2026)";"Rana arvalis (åkergroda, LC, bil. IV, fridlyst, 2024); Lucanus cervus (ekoxe, LC, fridlyst, 2025); Bufo bufo (vanlig padda, LC, fridlyst, 2024); Platanthera chlorantha (grönvit nattviol, LC, fridlyst, 2020); Zootoca vivipara (skogsödla, LC, fridlyst, 2024); Ficedula parva (mindre flugsnappare, LC, prio. fågel, 2024); Grus grus (trana, LC, prio. fågel, 2024); Pandion haliaetus (fiskgjuse, LC, prio. fågel, 2024); Dryobates minor (mindre hackspett, NT, prio. fågel, 2026); Jynx torquilla (göktyta, NT, prio. fågel, 2026); Sturnus vulgaris (stare, VU, prio. fågel, 2024); Encoelia furfuracea (läderskål, LC, 2007)";558598;6461607;15.99952;58.29157
35;2;Nollbeslut föreligger: begär beslut, förbered överklagan till MMD;A 21098-2026;NORRKÖPING;Avverkning tillåten: fristen passerad nyligen;Mycket hög;133.4;2026-05-04;-83;2031-05-03;8.3;9.41272073000155;Föryngringsavverkning;Normal skog;FALSE;TRUE;"rödlistad/bilaga IV-fridlyst art inom området (6/8 §); prioriterad fågelart inom området (4 §); hotad art (CR/EN/VU) inom området; hög skog >= 20 m på 77 %";0;1;1;1;7;24;0;69.2;0;0.771;1269;Skriketorpsravinen;432;Glotternskogen;"Goodyera repens (knärot, VU, fridlyst, 2026); Dryocopus martius (spillkråka, LC, prio. fågel, 2026); Antitrichia curtipendula (fällmossa, LC, 2026); Leucobryum glaucum (blåmossa, LC, 2026); Pyrola chlorantha (grönpyrola, LC, 2026); Tomicus minor (mindre märgborre, LC, 2026); Hertelidea botryosa (vedskivlav, NT, 2026)";"Lycopodium clavatum (mattlummer, LC, fridlyst, 2020); Bryoria furcellata (nästlav, LC, 2007); Phaeolus schweinitzii (grovticka, LC, 2025); Cladonia parasitica (dvärgbägarlav, NT, 2025); Sarcodon squamosus (motaggsvamp, NT, 2025)";567528;6506797;16.16516;58.69608
36;2;Nollbeslut föreligger: begär beslut, förbered överklagan till MMD;A 20217-2026;KINDA;Avverkning tillåten: fristen passerad nyligen;Mycket hög;130;2026-04-27;-90;2031-04-26;4;3.97833749999963;Föryngringsavverkning;Normal skog;FALSE;TRUE;"rödlistad/bilaga IV-fridlyst art inom området (6/8 §); prioriterad fågelart inom området (4 §); hotad art (CR/EN/VU) inom området; hög skog >= 20 m på 100 %";0;1;2;1;5;6;0.0496528572275518;54.4;0;0.997;6283;Hökhult;2596;Korpebogölen;"Goodyera repens (knärot, VU, fridlyst, 2026); Dryocopus martius (spillkråka, LC, prio. fågel, 2026); Prunella modularis (järnsparv, NT, prio. fågel, 2026); Leucobryum glaucum (blåmossa, LC, 2026); Crossocalyx hellerianus (vedtrappmossa, NT, 2026)";Tetrao urogallus (tjäder, LC, prio. fågel, 2026);559531;6414857;16.00356;57.8716
37;2;Nollbeslut föreligger: begär beslut, förbered överklagan till MMD;A 26070-2026;KINDA;Avverkning tillåten: fristen passerad nyligen;Mycket hög;129.1;2026-06-08;-48;2031-06-07;11;11.0547845547012;Föryngringsavverkning;Normal skog;FALSE;TRUE;"rödlistad/bilaga IV-fridlyst art inom området (6/8 §); prioriterad fågelart inom området (4 §); hotad art (CR/EN/VU) inom området; hög skog >= 20 m på 95 %";0;1;3;1;7;8;0;69.2;0;0.954;2398;Ekhult;2398;Ekhult;"Goodyera repens (knärot, VU, fridlyst, 2026); Dryocopus martius (spillkråka, LC, prio. fågel, 2026); Tetrastes bonasia (järpe, LC, prio. fågel, 2026); Poecile montanus (talltita, NT, prio. fågel, 2026); Pyrola chlorantha (grönpyrola, LC, 2026); Crossocalyx hellerianus (vedtrappmossa, NT, 2026); Porodaedalea pini (tallticka, NT, 2026)";"";557843;6420375;15.97645;57.92138
38;2;Nollbeslut föreligger: begär beslut, förbered överklagan till MMD;A 30254-2026;LINKÖPING;Avverkning tillåten: fristen passerad nyligen;Mycket hög;128.3;2026-07-03;-23;2031-07-02;6.3;6.31080809124734;Föryngringsavverkning;Normal skog;FALSE;TRUE;"rödlistad/bilaga IV-fridlyst art inom området (6/8 §); prioriterad fågelart inom området (4 §); hotad art (CR/EN/VU) inom området; hög skog >= 20 m på 96 %";0;1;1;1;4;20;0;64.1;0;0.957;4402;Gamla Måla;2343;Kottebo;"Goodyera repens (knärot, VU, fridlyst, 2026); Tetrao urogallus (tjäder, LC, prio. fågel, 2026); Meruliopsis taxicola (blodticka, LC, 2026); Hydnellum ferrugineum (dropptaggsvamp, NT, 2026)";"Hepatica nobilis (blåsippa, LC, fridlyst, 2026); Actaea spicata (svart trolldruva, LC, 2022); Antitrichia curtipendula (fällmossa, LC, 2022); Inocutis rheades (rävticka, LC, 2015); Phaeolus schweinitzii (grovticka, LC, 2026); Collema subnigrescens (aspgelélav, VU, 2015)";529191;6440110;15.49526;58.10143
39;2;Nollbeslut föreligger: begär beslut, förbered överklagan till MMD;A 27925-2026;MOTALA;Avverkning tillåten: fristen passerad nyligen;Mycket hög;128.2;2026-06-18;-38;2031-06-17;2;2.24228278499171;Föryngringsavverkning;Normal skog;FALSE;TRUE;"art i bilaga IV inom 150 m (4 a §); rödlistad/bilaga IV-fridlyst art inom 150 m (6/8 §, buffertzon); prioriterad fågelart inom området (4 §); hög skog >= 20 m på 100 %";0;0;1;0;5;17;0;47.8;0;0.996;625;Lillsjökärret;2876;Bredsjömossen;"Tetrao urogallus (tjäder, LC, prio. fågel, 2026); Cacotemnus thomsoni (thomsons trägnagare, LC, 2026); Leucobryum glaucum (blåmossa, LC, 2026); Scolytus ratzeburgii (björksplintborre, LC, 2026); Hydnellum ferrugineum (dropptaggsvamp, NT, 2026)";"Rana arvalis (åkergroda, LC, bil. IV, fridlyst, 2026); Dactylorhiza maculata (fläcknycklar, LC, fridlyst, 2026); Lycopodium annotinum (revlummer, LC, fridlyst, 2026); Dryocopus martius (spillkråka, LC, prio. fågel, 2026); Poecile montanus (talltita, NT, prio. fågel, 2026); Chloris chloris (grönfink, VU, prio. fågel, 2026); Strix nebulosa (lappuggla, VU, prio. fågel, 2026); Pyrola chlorantha (grönpyrola, LC, 2026); Callidium aeneum (grönhjon, NT, 2026); Crossocalyx hellerianus (vedtrappmossa, NT, 2026)";512769;6512043;15.22065;58.74827
40;2;Nollbeslut föreligger: begär beslut, förbered överklagan till MMD;A 23127-2026;SÖDERKÖPING;Avverkning tillåten: fristen passerad nyligen;Mycket hög;126.9;2026-05-19;-68;2031-05-18;2.7;2.87298253000053;Föryngringsavverkning;Normal skog;FALSE;TRUE;"rödlistad/bilaga IV-fridlyst art inom området (6/8 §); prioriterad fågelart inom området (4 §); hotad art (CR/EN/VU) inom området; hög skog >= 20 m på 85 %";0;1;1;2;10;31;0;47.7;0;0.85;7495;Passdalsån;1026;Forsums gammelskog;"Goodyera repens (knärot, VU, fridlyst, 2026); Tetrao urogallus (tjäder, LC, prio. fågel, 2026); Leucobryum glaucum (blåmossa, LC, 2026); Phaeolus schweinitzii (grovticka, LC, 2026); Pyrola chlorantha (grönpyrola, LC, 2026); Cladonia parasitica (dvärgbägarlav, NT, 2026); Hertelidea botryosa (vedskivlav, NT, 2026); Hydnellum ferrugineum (dropptaggsvamp, NT, 2026); Sarcodon squamosus (motaggsvamp, NT, 2025); Hydnellum geogenium (gul taggsvamp, VU, 2017)";"Oxyporus corticola (barkticka, LC, 2026); Phellinidium ferrugineofuscum (ullticka, NT, 2026); Felipes leucopellaeus (kattfotslav, NT, 2026); Postia ceriflua (hängticka, NT, 2017)";590129;6468885;16.53999;58.35158
41;2;Nollbeslut föreligger: begär beslut, förbered överklagan till MMD;A 21374-2026;LINKÖPING;Avverkning tillåten: fristen passerad nyligen;Mycket hög;114.7;2026-05-03;-84;2031-05-02;3.7;3.66444776283652;Föryngringsavverkning;Normal skog;FALSE;TRUE;"allmän fridlyst art (t.ex. orkidé) inom 150 m, ej utlösande; prioriterad fågelart inom området (4 §); hotad art (CR/EN/VU) inom området; hög skog >= 20 m på 90 %";0;0;5;1;10;47;0;17.2;0;0.899;2137;Lera Kalkkärr;3878;Kärna mosse;"Hepatica nobilis (blåsippa, LC, fridlyst, 2026); Natrix natrix (vanlig snok, LC, fridlyst, 2018); Dryocopus martius (spillkråka, LC, prio. fågel, 2026); Grus grus (trana, LC, prio. fågel, 2024); Emberiza citrinella (gulsparv, NT, prio. fågel, 2026); Prunella modularis (järnsparv, NT, prio. fågel, 2023); Chloris chloris (grönfink, VU, prio. fågel, 2026); Daphne mezereum (tibast, LC, 2026); Sarcoscypha austriaca (scharlakansskål, LC, 2026); Sarcodon imbricatus (fjällig taggsvamp s.str., NT, 2022)";"Buteo lagopus (fjällvråk, LC, prio. fågel, 2023); Lanius collurio (törnskata, LC, prio. fågel, 2024); Poecile palustris (entita, NT, prio. fågel, 2024); Encoelia furfuracea (läderskål, LC, 2009); Chimaphila umbellata (ryl, VU, 2019)";528054;6478096;15.48056;58.44267
42;2;Nollbeslut föreligger: begär beslut, förbered överklagan till MMD;A 29305-2026;VALDEMARSVIK;Avverkning tillåten: fristen passerad nyligen;Mycket hög;109.9;2026-06-29;-27;2031-06-28;7.9;7.90141048146512;Föryngringsavverkning;Normal skog;FALSE;TRUE;"rödlistad/bilaga IV-fridlyst art inom området (6/8 §); prioriterad fågelart inom området (4 §); hotad art (CR/EN/VU) inom området";0;1;1;1;4;10;0;53.9;0.018;0.429;3759;Bokö;1353;Gryt;"Goodyera repens (knärot, VU, fridlyst, 2025); Motacilla alba (sädesärla, NT, prio. fågel, 2021); Hedera helix (murgröna, LC, 2025); Selinum carvifolia (krusfrö, NT, 2025)";Polygala vulgaris (jungfrulin, NT, 2022);607387;6446812;16.82451;58.14954
43;2;Nollbeslut föreligger: begär beslut, förbered överklagan till MMD;A 30317-2026;KINDA;Avverkning tillåten: fristen passerad nyligen;Mycket hög;93.3;2026-07-03;-23;2031-07-02;4.4;4.34622492999968;Föryngringsavverkning;Normal skog;FALSE;TRUE;"prioriterad fågelart inom området (4 §); hög skog >= 20 m på 71 %; Natura 2000 inom 457 m (Bråtberget)";0;0;2;0;7;13;0;46.8;0.039;0.71;457;Bråtberget;457;Bråtberget;"Dryocopus martius (spillkråka, LC, prio. fågel, 2026); Poecile montanus (talltita, NT, prio. fågel, 2026); Phaeolus schweinitzii (grovticka, LC, 2026); Pyrola chlorantha (grönpyrola, LC, 2026); Cladonia parasitica (dvärgbägarlav, NT, 2026); Fomitiporia robusta (ekticka, NT, 2026); Hertelidea botryosa (vedskivlav, NT, 2026)";"Antitrichia curtipendula (fällmossa, LC, 2026); Crossocalyx hellerianus (vedtrappmossa, NT, 2026); Urtica urens (etternässla, NT, 2016); Lynx lynx (lo, VU, 2026)";556071;6432555;15.94943;58.031
44;2;Nollbeslut föreligger: begär beslut, förbered överklagan till MMD;A 25900-2026;LINKÖPING;Avverkning tillåten: fristen passerad nyligen;Mycket hög;90.7;2026-06-05;-51;2031-06-04;3.8;3.67228615450109;Föryngringsavverkning;Normal skog;FALSE;TRUE;"rödlistad/bilaga IV-fridlyst art inom området (6/8 §); prioriterad fågelart inom 150 m (4 §); hög skog >= 20 m på 98 %";0;1;0;0;3;26;0;23.2;0.003;0.979;7482;Tolefors-Lagerlunda;9325;Solberga;"Epipactis helleborine (skogsknipprot, LC, fridlyst, 2025); Daphne mezereum (tibast, LC, 2012); Scorzonera humilis (svinrot, NT, 2024)";"Hepatica nobilis (blåsippa, LC, fridlyst, 2012); Lanius collurio (törnskata, LC, prio. fågel, 2026); Emberiza citrinella (gulsparv, NT, prio. fågel, 2026); Jynx torquilla (göktyta, NT, prio. fågel, 2026); Motacilla alba (sädesärla, NT, prio. fågel, 2026); Fraxinus excelsior (ask, EN, 2021); Ulmus glabra (skogsalm, EN, 2012); Clavulinopsis helvola (hagfingersvamp, LC, 2025); Hygrocybe coccinea (blodvaxing, LC, 2025); Botrychium lunaria (månlåsbräken, NT, 2026); Hygrocybe punicea (scharlakansvaxing, NT, 2025); Blitum bonus-henricus (lungrot, VU, 2026)";522638;6466823;15.38668;58.34174
45;2;Nollbeslut föreligger: begär beslut, förbered överklagan till MMD;A 23061-2026;SÖDERKÖPING;Avverkning tillåten: fristen passerad nyligen;Mycket hög;89.2;2026-05-19;-68;2031-05-18;3.5;4.16396322999526;Föryngringsavverkning;Normal skog;FALSE;TRUE;"rödlistad/bilaga IV-fridlyst art inom 150 m (6/8 §, buffertzon); prioriterad fågelart inom området (4 §)";0;0;1;0;8;30;0;54.1;0;0.45;7784;Passdalsån;563;Forsums gammelskog;"Tetrao urogallus (tjäder, LC, prio. fågel, 2026); Dicranum flagellare (flagellkvastmossa, LC, 2026); Leucobryum glaucum (blåmossa, LC, 2026); Meruliopsis taxicola (blodticka, LC, 2017); Pyrola chlorantha (grönpyrola, LC, 2026); Cladonia parasitica (dvärgbägarlav, NT, 2026); Hertelidea botryosa (vedskivlav, NT, 2026); Hydnellum ferrugineum (dropptaggsvamp, NT, 2026)";"Goodyera repens (knärot, VU, fridlyst, 2026); Tomicus minor (mindre märgborre, LC, 2026); Antitrichia curtipendula (fällmossa, LC, 2017); Herzogiella seligeri (stubbspretmossa, LC, 2026); Mnium stellare (blek stjärnmossa, LC, 2017); Odontoschisma denudatum (kornknutmossa, LC, 2026); Sarcodon squamosus (motaggsvamp, NT, 2017); Felipes leucopellaeus (kattfotslav, NT, 2026); Phellinidium ferrugineofuscum (ullticka, NT, 2026); Phellodon melaleucus (svartvit taggsvamp, NT, 2017); Postia ceriflua (hängticka, NT, 2017)";589745;6468649;16.53334;58.34954
46;2;Nollbeslut föreligger: begär beslut, förbered överklagan till MMD;A 25470-2026;BOXHOLM;Avverkning tillåten: fristen passerad nyligen;Mycket hög;85.8;2026-06-04;-52;2031-06-03;13.8;13.8242823998893;Föryngringsavverkning;Normal skog;FALSE;TRUE;"rödlistad/bilaga IV-fridlyst art inom 150 m (6/8 §, buffertzon); hög skog >= 20 m på 97 %; Natura 2000 inom 179 m (Pukehål)";0;0;0;0;4;49;0;57;0;0.972;179;Pukehål;159;Pukehål;"Zootoca vivipara (skogsödla, LC, fridlyst, 2022); Carbonicola anthracophila (kolflarnlav, NT, 2026); Crossocalyx hellerianus (vedtrappmossa, NT, 2026); Hertelidea botryosa (vedskivlav, NT, 2026)";"Goodyera repens (knärot, VU, fridlyst, 2026); Rhytidiadelphus loreus (västlig hakmossa, LC, 2026); Rosa spinosissima (pimpinellros, RE, 2015)";518777;6434357;15.31811;58.05033
47;2;Nollbeslut föreligger: begär beslut, förbered överklagan till MMD;A 29033-2026;NORRKÖPING;Avverkning tillåten: fristen passerad nyligen;Mycket hög;83.6;2026-06-26;-30;2031-06-25;2.4;2.55272115500307;Föryngringsavverkning;Normal skog;FALSE;TRUE;"art i bilaga IV inom 150 m (4 a §); rödlistad/bilaga IV-fridlyst art inom 150 m (6/8 §, buffertzon); hög skog >= 20 m på 91 %; Natura 2000 inom 54 m (Bärsjöskogen)";0;0;0;0;0;52;0;68.6;0.001;0.908;54;Bärsjöskogen;0;Brostugugölen;"";"Buxbaumia viridis (grön sköldmossa, LC, bil. IV, fridlyst, 2009); Goodyera repens (knärot, VU, fridlyst, 2025); Antitrichia curtipendula (fällmossa, LC, 2022); Nephroma arcticum (norrlandslav, LC, 2009); Oxyporus corticola (barkticka, LC, 2020); Crossocalyx hellerianus (vedtrappmossa, NT, 2024); Fuscocephaloziopsis catenulata (stubbtrådmossa, NT, 2009); Hypogymnia vittata (skuggblåslav, NT, 2017); Peltigera collina (grynig filtlav, NT, 2009); Phellinidium ferrugineofuscum (ullticka, NT, 2024); Phellopilus nigrolimitatus (gränsticka, VU, 2009); Skeletocutis kuehneri (kilporing, VU, 2009)";572103;6506703;16.24404;58.69449
48;2;Nollbeslut föreligger: begär beslut, förbered överklagan till MMD;A 31373-2026;NORRKÖPING;Avverkning tillåten: fristen passerad nyligen;Mycket hög;83.1;2026-07-10;-16;2031-07-09;6.1;6.08000238904161;Föryngringsavverkning;Normal skog;FALSE;TRUE;"allmän fridlyst art (t.ex. orkidé) inom 150 m, ej utlösande; prioriterad fågelart inom området (4 §); hög skog >= 20 m på 92 %";0;0;1;0;3;10;0;20.1;0;0.923;1376;Algutsbo;600;Getåravinen;"Lycopodium annotinum (revlummer, LC, fridlyst, 2026); Dryocopus martius (spillkråka, LC, prio. fågel, 2026); Leucobryum glaucum (blåmossa, LC, 2026)";"Grus grus (trana, LC, prio. fågel, 2021); Milvus milvus (röd glada, LC, prio. fågel, 2022); Hertelidea botryosa (vedskivlav, NT, 2024); Hydnellum ferrugineum (dropptaggsvamp, NT, 2026); Coronella austriaca (hasselsnok, VU, 2024)";575573;6505131;16.30338;58.67979
49;2;Nollbeslut föreligger: begär beslut, förbered överklagan till MMD;A 27253-2026;VALDEMARSVIK;Avverkning tillåten: fristen passerad nyligen;Mycket hög;82.1;2026-06-15;-41;2031-06-14;3.1;3.1420013085902;Föryngringsavverkning;Normal skog;FALSE;TRUE;"rödlistad/bilaga IV-fridlyst art inom området (6/8 §); prioriterad fågelart inom 150 m (4 §); hotad art (CR/EN/VU) inom området; hög skog >= 20 m på 99 %";0;1;0;1;1;16;0;63;0;0.992;6437;Sankt Anna och Gryts skärgårdar;6022;Ramshults tallskogar;Goodyera repens (knärot, VU, fridlyst, 2022);"Dryocopus martius (spillkråka, LC, prio. fågel, 2022); Haliaeetus albicilla (havsörn, LC, prio. fågel, 2025); Tetrao urogallus (tjäder, LC, prio. fågel, 2026); Pseudomerulius aureus (gullgröppa, LC, 2022); Cladonia parasitica (dvärgbägarlav, NT, 2022); Hertelidea botryosa (vedskivlav, NT, 2025); Porodaedalea pini (tallticka, NT, 2026)";595690;6459092;16.63092;58.26248
50;2;Nollbeslut föreligger: begär beslut, förbered överklagan till MMD;A 25784-2026;ÅTVIDABERG;Avverkning tillåten: fristen passerad nyligen;Mycket hög;80;2026-06-05;-51;2031-06-04;2.9;1.98779357923234;Föryngringsavverkning;Normal skog;FALSE;TRUE;"prioriterad fågelart inom området (4 §); ädellövskog 46 %; hög skog >= 20 m på 84 %; Natura 2000 inom 99 m (Storån vid Falerum)";0;0;3;0;3;16;0;61.5;0.464;0.838;99;Storån vid Falerum;832;Ekhultebergen;"Cygnus cygnus (sångsvan, LC, prio. fågel, 2026); Grus grus (trana, LC, prio. fågel, 2026); Haliaeetus albicilla (havsörn, LC, prio. fågel, 2026)";Poecile palustris (entita, NT, prio. fågel, 2021);571242;6444791;16.20999;58.1387
51;2;Nollbeslut föreligger: begär beslut, förbered överklagan till MMD;A 27273-2026;MOTALA;Avverkning tillåten: fristen passerad nyligen;Hög;76.1;2026-06-15;-41;2031-06-14;1.1;1.06129875000776;Föryngringsavverkning;Normal skog;FALSE;TRUE;"allmän fridlyst art (t.ex. orkidé) inom 150 m, ej utlösande; prioriterad fågelart inom området (4 §); hög skog >= 20 m på 88 %; Natura 2000 inom 232 m (Lillsjökärret)";0;0;1;0;2;36;0;9.3;0;0.876;232;Lillsjökärret;2031;Hälla ädellövskog;"Dryocopus martius (spillkråka, LC, prio. fågel, 2026); Cacotemnus thomsoni (thomsons trägnagare, LC, 2026)";"Dactylorhiza maculata (fläcknycklar, LC, fridlyst, 2026); Poecile montanus (talltita, NT, prio. fågel, 2026); Poecile palustris (entita, NT, prio. fågel, 2026); Scolytus ratzeburgii (björksplintborre, LC, 2026); Alces alces (älg, NT, 2026)";511174;6511508;15.19306;58.74351
52;2;Nollbeslut föreligger: begär beslut, förbered överklagan till MMD;A 30155-2026;ÖDESHÖG;Avverkning tillåten: fristen passerad nyligen;Hög;70.8;2026-07-03;-23;2031-07-02;4.4;5.77421171831396;Föryngringsavverkning;Normal skog;FALSE;TRUE;"allmän fridlyst art (t.ex. orkidé) inom 150 m, ej utlösande; naturvårdsavtal/biotopskydd överlappar; hög skoglig naturvärdessannolikhet (HCVF 77); hög skog >= 20 m på 97 %; Natura 2000 inom 0 m (Omberg)";0;0;0;0;0;99;0;76.8;0.005;0.968;0;Omberg;760;Mörkahålkärret;"";"Hepatica nobilis (blåsippa, LC, fridlyst, 2026); Acer campestre (naverlönn, CR, 2025); Chrysosplenium alternifolium (gullpudra, NT, 2024)";480060;6462747;14.65976;58.30526
53;2;Nollbeslut föreligger: begär beslut, förbered överklagan till MMD;A 27695-2026;MOTALA;Avverkning tillåten: fristen passerad nyligen;Hög;69.4;2026-06-17;-39;2031-06-16;4.4;4.36763433330846;Föryngringsavverkning;Normal skog;FALSE;TRUE;"art i bilaga IV inom 150 m (4 a §); rödlistad/bilaga IV-fridlyst art inom 150 m (6/8 §, buffertzon); hög skog >= 20 m på 99 %";0;0;0;0;0;7;0;41.3;0;0.987;2251;Fränntorpkärret;5193;Vålberga mosse;"";"Buxbaumia viridis (grön sköldmossa, LC, bil. IV, fridlyst, 2018); Ulmus glabra (skogsalm, EN, 2018); Daphne mezereum (tibast, LC, 2018)";516906;6483455;15.29;58.49138
54;2;Nollbeslut föreligger: begär beslut, förbered överklagan till MMD;A 26905-2026;FINSPÅNG;Avverkning tillåten: fristen passerad nyligen;Hög;68.2;2026-06-12;-44;2031-06-11;1.1;1.15348041350632;Avverkning för annat ändamål;Normal skog;FALSE;TRUE;"art i bilaga IV inom 150 m (4 a §); rödlistad/bilaga IV-fridlyst art inom 150 m (6/8 §, buffertzon); prioriterad fågelart inom 150 m (4 §); hög skog >= 20 m på 99 %";0;0;0;0;0;11;0;19.7;0;0.989;2810;Ekön Dovern;2650;Sätra;"";"Triturus cristatus (större vattensalamander, LC, bil. IV, fridlyst, 2020); Haliaeetus albicilla (havsörn, LC, prio. fågel, 2017); Motacilla alba (sädesärla, NT, prio. fågel, 2017); Polygala vulgaris (jungfrulin, NT, 2017)";545164;6502378;15.77845;58.6593
55;2;Nollbeslut föreligger: begär beslut, förbered överklagan till MMD;A 25901-2026;LINKÖPING;Avverkning tillåten: fristen passerad nyligen;Hög;67.9;2026-06-05;-51;2031-06-04;4.9;4.90623761315906;Föryngringsavverkning;Normal skog;FALSE;TRUE;"rödlistad/bilaga IV-fridlyst art inom området (6/8 §); hög skog >= 20 m på 96 %";0;1;0;0;1;25;0;25;0.001;0.959;7291;Tolefors-Lagerlunda;9486;Solberga;Epipactis helleborine (skogsknipprot, LC, fridlyst, 2025);"Hepatica nobilis (blåsippa, LC, fridlyst, 2012); Fraxinus excelsior (ask, EN, 2012); Ulmus glabra (skogsalm, EN, 2012); Daphne mezereum (tibast, LC, 2012); Scorzonera humilis (svinrot, NT, 2024); Leontodon hispidus (sommarfibbla, NT, 2021); Blitum bonus-henricus (lungrot, VU, 2026)";522794;6466906;15.38934;58.34248
56;2;Nollbeslut föreligger: begär beslut, förbered överklagan till MMD;A 26931-2026;SÖDERKÖPING;Avverkning tillåten: fristen passerad nyligen;Hög;65.2;2026-06-12;-44;2031-06-11;1.2;1.16191250000093;Föryngringsavverkning;Normal skog;FALSE;TRUE;"rödlistad/bilaga IV-fridlyst art inom 150 m (6/8 §, buffertzon); hög skog >= 20 m på 86 %";0;0;0;0;5;19;0;8.9;0.035;0.862;3935;Össby lindäng;7818;Ramunderberget;"Bufo bufo (vanlig padda, LC, fridlyst, 2025); Inocutis rheades (rävticka, LC, 2024); Scolytus ratzeburgii (björksplintborre, LC, 2024); Sinodendron cylindricum (noshornsoxe, LC, 2024); Artomyces pyxidatus (kandelabersvamp, NT, 2025)";"Anguis fragilis (kopparödla, LC, fridlyst, 2024); Lucanus cervus (ekoxe, LC, fridlyst, 2023); Vipera berus (huggorm, LC, fridlyst, 2024); Hygrocybe conica (toppvaxing, LC, 2025); Calocera glossoides (gullklubba, NT, 2024); Aureoboletus gentilis (gyllensopp, VU, 2025)";570087;6479109;16.20075;58.44704
57;2;Nollbeslut föreligger: begär beslut, förbered överklagan till MMD;A 30143-2026;VADSTENA;Avverkning tillåten: fristen passerad nyligen;Hög;64.7;2026-07-03;-23;2031-07-02;2.5;3.69780232960214;Föryngringsavverkning;Normal skog;FALSE;TRUE;"rödlistad/bilaga IV-fridlyst art inom 150 m (6/8 §, buffertzon); naturvårdsavtal/biotopskydd överlappar; hög skog >= 20 m på 91 %; Natura 2000 inom 46 m (Omberg)";0;0;0;0;0;35;0;48.3;0.041;0.91;46;Omberg;411;Ombergsliden;"";"Epipactis helleborine (skogsknipprot, LC, fridlyst, 2021); Neottia nidus-avis (nästrot, LC, fridlyst, 2011); Orchis mascula (Sankt Pers nycklar, LC, fridlyst, 2020); Frullania tamarisci (klippfrullania, LC, 2021); Herzogiella seligeri (stubbspretmossa, LC, 2021); Allecula morio (gulbent kamklobagge, NT, 2007)";481373;6469854;14.68159;58.36915
58;2;Nollbeslut föreligger: begär beslut, förbered överklagan till MMD;A 25940-2026;FINSPÅNG;Avverkning tillåten: fristen passerad nyligen;Hög;63;2026-06-08;-48;2031-06-07;4.2;5.005351519504;Föryngringsavverkning;Normal skog;FALSE;TRUE;"hög skoglig naturvärdessannolikhet (HCVF 80); hög skog >= 20 m på 90 %";0;0;0;0;2;5;0;79.6;0;0.903;4030;Stockhult;4173;Trolleflod;"Dicranum flagellare (flagellkvastmossa, LC, 2022); Sarcodon squamosus (motaggsvamp, NT, 2022)";Tricholoma apium (lakritsmusseron, VU, 2022);526656;6524743;15.46213;58.86169
59;2;Nollbeslut föreligger: begär beslut, förbered överklagan till MMD;A 30911-2026;NORRKÖPING;Avverkning tillåten: fristen passerad nyligen;Hög;62.9;2026-07-10;-16;2031-07-09;14.3;14.8613297150019;Föryngringsavverkning;Normal skog;FALSE;TRUE;"rödlistad/bilaga IV-fridlyst art inom 150 m (6/8 §, buffertzon); hög skog >= 20 m på 87 %";0;0;0;0;1;14;0;41.5;0.002;0.871;1865;Glotternskogen;1850;Övre Glottern;Sparassis crispa (blomkålssvamp, LC, 2022);"Hepatica nobilis (blåsippa, LC, fridlyst, 2023); Goodyera repens (knärot, VU, fridlyst, 2023); Fraxinus excelsior (ask, EN, 2017); Lynx lynx (lo, VU, 2019)";568109;6511750;16.17669;58.74045
60;2;Nollbeslut föreligger: begär beslut, förbered överklagan till MMD;A 28382-2026;FINSPÅNG;Avverkning tillåten: fristen passerad nyligen;Hög;59.4;2026-06-23;-33;2031-06-22;2.4;2.4412097257453;Föryngringsavverkning;Normal skog;FALSE;TRUE;"hotad art (CR/EN/VU) inom området; ädellövskog 51 %; hög skog >= 20 m på 93 %";0;0;0;1;3;23;0;59.2;0.507;0.931;6219;Magnehults domänreservat;4262;Gäddöskogen;"Actaea spicata (svart trolldruva, LC, 2026); Sinodendron cylindricum (noshornsoxe, LC, 2026); Zygaena viciae (mindre bastardsvärmare, VU, 2026)";"";553274;6521295;15.9227;58.82826
61;2;Nollbeslut föreligger: begär beslut, förbered överklagan till MMD;A 23965-2026;VADSTENA;Avverkning tillåten: fristen passerad nyligen;Hög;59;2026-05-25;-62;2031-05-24;4;3.97446663025264;Avverkning för annat ändamål;Normal skog;FALSE;TRUE;"nyckelbiotop överlappar; ädellövskog 44 %; hög skog >= 20 m på 92 %";0;0;0;0;0;0;0.164456669688584;40.6;0.444;0.915;3280;Tåkern;3271;Tåkern;"";"";495965;6473830;14.93095;58.40524
62;2;Nollbeslut föreligger: begär beslut, förbered överklagan till MMD;A 21227-2026;LINKÖPING;Avverkning tillåten: fristen passerad nyligen;Hög;58.8;2026-05-04;-83;2031-05-03;1.8;1.76511640560236;Föryngringsavverkning;Normal skog;FALSE;TRUE;"allmän fridlyst art (t.ex. orkidé) inom 150 m, ej utlösande; prioriterad fågelart inom området (4 §); hög skog >= 20 m på 99 %";0;0;1;0;1;20;0;44.9;0;0.987;671;Göta Kanal (Vättern-Roxen);1390;Motala ströms ravin;Turdus iliacus (rödvingetrast, NT, prio. fågel, 2023);"Hepatica nobilis (blåsippa, LC, fridlyst, 2023); Prunella modularis (järnsparv, NT, prio. fågel, 2023); Emberiza citrinella (gulsparv, NT, prio. fågel, 2023); Poecile montanus (talltita, NT, prio. fågel, 2023); Leucobryum glaucum (blåmossa, LC, 2023); Sarcoscypha austriaca (scharlakansskål, LC, 2016)";528303;6484648;15.48564;58.5015
63;2;Nollbeslut föreligger: begär beslut, förbered överklagan till MMD;A 25199-2026;KINDA;Avverkning tillåten: fristen passerad nyligen;Hög;58.5;2026-06-02;-54;2031-06-01;2.5;2.52895425154958;Föryngringsavverkning;Normal skog;FALSE;TRUE;"rödlistad/bilaga IV-fridlyst art inom 150 m (6/8 §, buffertzon); hög skog >= 20 m på 92 %; Natura 2000 inom 343 m (Bäckängsmon)";0;0;0;0;0;13;0;45.9;0;0.924;343;Bäckängsmon;343;Bäckängsmon;"";"Epipactis atrorubens (purpurknipprot, LC, fridlyst, 2014); Lucanus cervus (ekoxe, LC, fridlyst, 2020); Lycaena virgaureae (vitfläckig guldvinge, NT, 2020); Thymelicus lineola (mindre tåtelsmygare, NT, 2020); Zygaena minos (klubbsprötad bastardsvärmare, NT, 2021); Boloria selene (brunfläckig pärlemorfjäril, VU, 2017); Cupido minimus (mindre blåvinge, VU, 2013); Cyaniris semiargus (ängsblåvinge, VU, 2018); Zygaena filipendulae (sexfläckig bastardsvärmare, VU, 2017); Zygaena lonicerae (bredbrämad bastardsvärmare, VU, 2019); Zygaena osterodensis (smalsprötad bastardsvärmare, VU, 2024); Zygaena viciae (mindre bastardsvärmare, VU, 2017)";552374;6438253;15.88811;58.08262
64;2;Nollbeslut föreligger: begär beslut, förbered överklagan till MMD;A 22289-2026;LINKÖPING;Avverkning tillåten: fristen passerad nyligen;Hög;58;2026-05-12;-75;2031-05-11;1.9;1.98808480524478;Föryngringsavverkning;Normal skog;FALSE;TRUE;"rödlistad/bilaga IV-fridlyst art inom 150 m (6/8 §, buffertzon); hög skog >= 20 m på 83 %; Natura 2000 inom 1 m (Ycke urskog)";0;0;0;0;0;49;0;55.5;0;0.833;1;Ycke urskog;1;Ycke;"";"Hepatica nobilis (blåsippa, LC, fridlyst, 2024); Goodyera repens (knärot, VU, fridlyst, 2026); Bazzania trilobata (stor revmossa, LC, 2025); Hylocomiastrum umbratum (mörk husmossa, LC, 2025); Rhytidiadelphus loreus (västlig hakmossa, LC, 2025); Anastrophyllum michauxii (skogstrappmossa, NT, 2025); Camarops tubulina (gransotdyna, NT, 2025); Crossocalyx hellerianus (vedtrappmossa, NT, 2025); Felipes leucopellaeus (kattfotslav, NT, 2025); Hypogymnia vittata (skuggblåslav, NT, 2025); Porodaedalea pini (tallticka, NT, 2025); Alectoria sarmentosa (garnlav, VU, 2026)";523336;6442324;15.39615;58.12167
65;2;Nollbeslut föreligger: begär beslut, förbered överklagan till MMD;A 23627-2026;NORRKÖPING;Avverkning tillåten: fristen passerad nyligen;Hög;57.1;2026-05-21;-66;2031-05-20;4;4.06366911000146;Föryngringsavverkning;Normal skog;FALSE;TRUE;"rödlistad/bilaga IV-fridlyst art inom området (6/8 §); hög skog >= 20 m på 95 %";0;1;0;0;1;10;0;51;0;0.954;3775;Norrkrog;2376;Korpberget;Lucanus cervus (ekoxe, LC, fridlyst, 2026);"Alleniella complanata (platt fjädermossa, LC, 2009); Homalothecium sericeum (guldlockmossa, LC, 2009)";591533;6483521;16.56981;58.48269
66;2;Nollbeslut föreligger: begär beslut, förbered överklagan till MMD;A 21147-2026;NORRKÖPING;Avverkning tillåten: fristen passerad nyligen;Hög;56.1;2026-05-04;-83;2031-05-03;0.7;1.08367585500856;Föryngringsavverkning;Normal skog;FALSE;TRUE;"prioriterad fågelart inom området (4 §); hög skog >= 20 m på 55 %";0;0;1;0;3;19;0;44.2;0;0.551;900;Glotternskogen;811;Glotternskogen;"Dryocopus martius (spillkråka, LC, prio. fågel, 2026); Antitrichia curtipendula (fällmossa, LC, 2026); Hertelidea botryosa (vedskivlav, NT, 2026)";"";567304;6507902;16.16163;58.70603
67;2;Nollbeslut föreligger: begär beslut, förbered överklagan till MMD;A 27469-2026;YDRE;Avverkning tillåten: fristen passerad nyligen;Hög;55;2026-06-16;-40;2031-06-15;1;0.976504679995729;Föryngringsavverkning;Normal skog;FALSE;TRUE;"prioriterad fågelart inom 150 m (4 §); hotad art (CR/EN/VU) inom området; hög skog >= 20 m på 98 %";0;0;0;1;2;31;0;28;0;0.981;5219;Trangölamyren (Östgötadelen);3188;Brokabobäcken;"Scorzonera humilis (svinrot, NT, 2024); Arnica montana (slåttergubbe, VU, 2020)";"Grus grus (trana, LC, prio. fågel, 2026); Thesium alpinum (spindelört, NT, 2024)";508100;6401616;15.13612;57.75656
68;2;Nollbeslut föreligger: begär beslut, förbered överklagan till MMD;A 26935-2026;SÖDERKÖPING;Avverkning tillåten: fristen passerad nyligen;Hög;54.8;2026-06-12;-44;2031-06-11;0.8;0.76571249999851;Föryngringsavverkning;Normal skog;FALSE;TRUE;"rödlistad/bilaga IV-fridlyst art inom 150 m (6/8 §, buffertzon); hotad art (CR/EN/VU) inom området; hög skog >= 20 m på 99 %";0;0;0;1;2;19;0;10.1;0.007;0.988;3889;Össby lindäng;7849;Ramunderberget;"Bufo bufo (vanlig padda, LC, fridlyst, 2025); Aureoboletus gentilis (gyllensopp, VU, 2025)";"Anguis fragilis (kopparödla, LC, fridlyst, 2024); Lucanus cervus (ekoxe, LC, fridlyst, 2023); Vipera berus (huggorm, LC, fridlyst, 2024); Inocutis rheades (rävticka, LC, 2024); Sinodendron cylindricum (noshornsoxe, LC, 2024); Scolytus ratzeburgii (björksplintborre, LC, 2024); Artomyces pyxidatus (kandelabersvamp, NT, 2025); Calocera glossoides (gullklubba, NT, 2024)";570013;6479157;16.19952;58.44749
69;2;Nollbeslut föreligger: begär beslut, förbered överklagan till MMD;A 25941-2026;FINSPÅNG;Avverkning tillåten: fristen passerad nyligen;Hög;54.4;2026-06-08;-48;2031-06-07;10.9;14.4192386690907;Föryngringsavverkning;Normal skog;FALSE;TRUE;"hög skoglig naturvärdessannolikhet (HCVF 88); hög skog >= 20 m på 94 %";0;0;0;0;1;11;0;87.9;0;0.943;3637;Stockhult;4296;Hällestads-Torp;Sarcodon squamosus (motaggsvamp, NT, 2022);"Dicranum flagellare (flagellkvastmossa, LC, 2022); Hertelidea botryosa (vedskivlav, NT, 2022); Hydnellum ferrugineum (dropptaggsvamp, NT, 2022)";526971;6524673;15.46757;58.86104
70;2;Nollbeslut föreligger: begär beslut, förbered överklagan till MMD;A 21064-2026;YDRE;Avverkning tillåten: fristen passerad nyligen;Hög;47.3;2026-05-04;-83;2031-05-03;1;1.34695580359781;Föryngringsavverkning;Normal skog;FALSE;TRUE;"hög skoglig naturvärdessannolikhet (HCVF 73); hög skog >= 20 m på 85 %; Natura 2000 inom 126 m (Susehål)";0;0;0;0;0;3;0;73.4;0;0.854;126;Susehål;0;Susehålsravinen;"";"";522335;6399226;15.37508;57.73461
71;2;Nollbeslut föreligger: begär beslut, förbered överklagan till MMD;A 30076-2026;LINKÖPING;Avverkning tillåten: fristen passerad nyligen;Hög;46.9;2026-07-03;-23;2031-07-02;4.9;4.93570965555799;Föryngringsavverkning;Normal skog;FALSE;TRUE;"rödlistad/bilaga IV-fridlyst art inom 150 m (6/8 §, buffertzon); hög skog >= 20 m på 94 %";0;0;0;0;2;26;0;32.6;0.011;0.936;2039;Stafsäter;2039;Stafsäters lövskog;"Hepatica nobilis (blåsippa, LC, fridlyst, 2026); Sarcodon squamosus (motaggsvamp, NT, 2025)";Epipactis atrorubens (purpurknipprot, LC, fridlyst, 2025);537199;6465022;15.6351;58.32457
72;2;Nollbeslut föreligger: begär beslut, förbered överklagan till MMD;A 31669-2026;FINSPÅNG;Avverkning tillåten: fristen passerad nyligen;Hög;45.9;2026-07-22;-4;2031-07-21;0.9;0.905693984893581;Föryngringsavverkning;Normal skog;FALSE;TRUE;"hög skoglig naturvärdessannolikhet (HCVF 75); ädellövskog 100 %; hög skog >= 20 m på 100 %";0;0;0;0;0;1;0;75.2;0.999;0.996;4307;Prästängsuddens lövskog;2400;Vallerängstorp;"";"";548593;6537679;15.84522;58.97593
73;2;Nollbeslut föreligger: begär beslut, förbered överklagan till MMD;A 30318-2026;KINDA;Avverkning tillåten: fristen passerad nyligen;Hög;45.7;2026-07-03;-23;2031-07-02;3.7;3.70389879999857;Föryngringsavverkning;Normal skog;FALSE;TRUE;"prioriterad fågelart inom 150 m (4 §); hög skoglig naturvärdessannolikhet (HCVF 71); hög skog >= 20 m på 96 %";0;0;0;0;0;1;0;70.9;0;0.961;2354;Galmsås;2179;Tolången;"";Haliaeetus albicilla (havsörn, LC, prio. fågel, 2021);558357;6432957;15.98824;58.03431
74;2;Nollbeslut föreligger: begär beslut, förbered överklagan till MMD;A 26100-2026;KINDA;Avverkning tillåten: fristen passerad nyligen;Hög;45.6;2026-06-08;-48;2031-06-07;3.6;3.61518454000137;Föryngringsavverkning;Normal skog;FALSE;TRUE;"rödlistad/bilaga IV-fridlyst art inom 150 m (6/8 §, buffertzon); prioriterad fågelart inom 150 m (4 §); hög skog >= 20 m på 95 %";0;0;0;0;0;9;0;52.5;0;0.948;5323;Hökhult;1937;Korpebogölen;"";"Corallorhiza trifida (korallrot, LC, fridlyst, 2017); Dryocopus martius (spillkråka, LC, prio. fågel, 2020); Lyrurus tetrix (orre, LC, prio. fågel, 2024); Tetrao urogallus (tjäder, LC, prio. fågel, 2024); Tetrastes bonasia (järpe, LC, prio. fågel, 2025)";556563;6411343;15.95271;57.84042
75;2;Nollbeslut föreligger: begär beslut, förbered överklagan till MMD;A 30684-2026;KINDA;Avverkning tillåten: fristen passerad nyligen;Hög;45.5;2026-07-08;-18;2031-07-07;0.5;0.543708433167932;Avverkning för annat ändamål;Normal skog;FALSE;TRUE;"nyckelbiotop överlappar; ädellövskog 36 %";0;0;0;0;0;17;0.148342926740533;53.8;0.365;0.498;715;Knastraberget;3520;Bråtberget;"";Lythrum portula (rödlånke, NT, 2015);549575;6433901;15.83975;58.04386
76;2;Nollbeslut föreligger: begär beslut, förbered överklagan till MMD;A 20246-2026;VALDEMARSVIK;Avverkning tillåten: fristen passerad nyligen;Medel;43.4;2026-04-27;-90;2031-04-26;3.4;3.36664179929565;Föryngringsavverkning;Normal skog;FALSE;TRUE;"rödlistad/bilaga IV-fridlyst art inom 150 m (6/8 §, buffertzon); hög skog >= 20 m på 95 %";0;0;0;0;0;11;0;56.2;0.015;0.946;6171;Kattedal;2748;Holmtebo;"";"Bufo bufo (vanlig padda, LC, fridlyst, 2025); Natrix natrix (vanlig snok, LC, fridlyst, 2022); Lucanus cervus (ekoxe, LC, fridlyst, 2025); Hydnellum ferrugineum (dropptaggsvamp, NT, 2017); Erinaceus europaeus (igelkott, VU, 2026)";594325;6451390;16.60454;58.19363
77;2;Nollbeslut föreligger: begär beslut, förbered överklagan till MMD;A 28233-2026;BOXHOLM;Avverkning tillåten: fristen passerad nyligen;Medel;43.1;2026-06-23;-33;2031-06-22;3.1;3.07586445500145;Föryngringsavverkning;Normal skog;FALSE;TRUE;"hög skoglig naturvärdessannolikhet (HCVF 78); hög skog >= 20 m på 98 %";0;0;0;0;0;6;0;78;0;0.982;733;Pukehål;740;Pukehål;"";Fraxinus excelsior (ask, EN, 2020);516667;6435729;15.28246;58.06273
78;2;Nollbeslut föreligger: begär beslut, förbered överklagan till MMD;A 23785-2026;SÖDERKÖPING;Avverkning tillåten: fristen passerad nyligen;Medel;42.9;2026-05-22;-65;2031-05-21;2.8;2.9395492350064;Föryngringsavverkning;Normal skog;FALSE;TRUE;"rödlistad/bilaga IV-fridlyst art inom 150 m (6/8 §, buffertzon); hög skog >= 20 m på 96 %";0;0;0;0;0;7;0;57.6;0;0.957;8157;Stora Ulvebo;1434;Forsums gammelskog;"";"Goodyera repens (knärot, VU, fridlyst, 2025); Leucobryum glaucum (blåmossa, LC, 2025); Cladonia parasitica (dvärgbägarlav, NT, 2025); Hertelidea botryosa (vedskivlav, NT, 2025)";589219;6469963;16.52488;58.36145
79;2;Nollbeslut föreligger: begär beslut, förbered överklagan till MMD;A 29304-2026;YDRE;Avverkning tillåten: fristen passerad nyligen;Medel;42.5;2026-06-29;-27;2031-06-28;2.4;2.45402908869619;Föryngringsavverkning;Normal skog;FALSE;TRUE;"nyckelbiotop överlappar; hög skog >= 20 m på 98 %";0;0;0;0;0;1;0.131629980040753;14.3;0;0.975;1731;Kullarp;4053;Skrivaremomossen;"";"";512153;6403284;15.2043;57.77145
80;2;Nollbeslut föreligger: begär beslut, förbered överklagan till MMD;A 31705-2026;KINDA;Avverkning tillåten: fristen passerad nyligen;Medel;42.2;2026-07-23;-3;2031-07-22;2.2;2.23795463799015;Föryngringsavverkning;Normal skog;FALSE;TRUE;"rödlistad/bilaga IV-fridlyst art inom 150 m (6/8 §, buffertzon); hög skog >= 20 m på 88 %; Natura 2000 inom 198 m (Jonsbo)";0;0;0;0;0;9;0;35.7;0.022;0.881;198;Jonsbo;7769;Boda;"";Epipactis atrorubens (purpurknipprot, LC, fridlyst, 2008);545444;6424388;15.76795;57.95886
81;2;Nollbeslut föreligger: begär beslut, förbered överklagan till MMD;A 31682-2026;FINSPÅNG;Avverkning tillåten: fristen passerad nyligen;Medel;42.1;2026-07-23;-3;2031-07-22;6.1;6.13333178224871;Föryngringsavverkning;Normal skog;FALSE;TRUE;"hög skoglig naturvärdessannolikhet (HCVF 77); hög skog >= 20 m på 96 %";0;0;0;0;0;7;0;76.6;0;0.964;2063;Ölstadsjön;1;Ysundamarken;"";"";550616;6505049;15.87301;58.68268
82;2;Nollbeslut föreligger: begär beslut, förbered överklagan till MMD;A 27907-2026;MOTALA;Avverkning tillåten: fristen passerad nyligen;Medel;40.6;2026-06-18;-38;2031-06-17;3.5;3.6333871299997;Föryngringsavverkning;Normal skog;FALSE;TRUE;"allmän fridlyst art (t.ex. orkidé) inom 150 m, ej utlösande; prioriterad fågelart inom området (4 §); hög skog >= 20 m på 94 %";0;0;1;0;1;8;0;22;0;0.943;773;Lillsjökärret;3266;Hälla ädellövskog;Lyrurus tetrix (orre, LC, prio. fågel, 2025);Platanthera chlorantha (grönvit nattviol, LC, fridlyst, 2026);512544;6511350;15.21672;58.74205
83;2;Nollbeslut föreligger: begär beslut, förbered överklagan till MMD;A 28131-2026;MJÖLBY;Avverkning tillåten: fristen passerad nyligen;Medel;38.5;2026-06-22;-34;2031-06-21;1.5;1.53513187815137;Föryngringsavverkning;Normal skog;FALSE;TRUE;"prioriterad fågelart inom området (4 §); hög skog >= 20 m på 97 %";0;0;1;0;1;7;0;51.7;0.118;0.974;1110;Stora Kullen;3023;Åsabackarna;Lanius collurio (törnskata, LC, prio. fågel, 2019);Helianthemum nummularium (solvända, NT, 2012);492535;6462191;14.87264;58.30066
84;2;Nollbeslut föreligger: begär beslut, förbered överklagan till MMD;A 28119-2026;VALDEMARSVIK;Avverkning tillåten: fristen passerad nyligen;Medel;37.7;2026-06-22;-34;2031-06-21;7.7;7.7027727890353;Föryngringsavverkning;Normal skog;FALSE;TRUE;"rödlistad/bilaga IV-fridlyst art inom 150 m (6/8 §, buffertzon); hög skog >= 20 m på 55 %";0;0;0;0;0;6;0;67.7;0.039;0.552;3675;Hästenäs;2225;Säverum;"";Lucanus cervus (ekoxe, LC, fridlyst, 2020);580046;6460515;16.36488;58.27838
85;2;Nollbeslut föreligger: begär beslut, förbered överklagan till MMD;A 30148-2026;VADSTENA;Avverkning tillåten: fristen passerad nyligen;Medel;37.6;2026-07-03;-23;2031-07-02;0.9;2.57567703444748;Föryngringsavverkning;Normal skog;FALSE;TRUE;"naturvårdsavtal/biotopskydd överlappar; hög skog >= 20 m på 83 %; Natura 2000 inom 372 m (Omberg)";0;0;0;0;0;21;0;34.7;0.084;0.834;372;Omberg;793;Ombergsliden;"";"Chrysosplenium alternifolium (gullpudra, NT, 2020); Lathyrus vernus (vårärt, NT, 2020)";480849;6469879;14.67262;58.36935
86;2;Nollbeslut föreligger: begär beslut, förbered överklagan till MMD;A 21370-2026;VALDEMARSVIK;Avverkning tillåten: fristen passerad nyligen;Medel;37.3;2026-05-05;-82;2031-05-04;1.1;1.27039566499324;Föryngringsavverkning;Normal skog;FALSE;TRUE;"hög skoglig naturvärdessannolikhet (HCVF 89); hög skog >= 20 m på 50 %";0;0;0;0;0;5;0;88.8;0;0.505;9126;Harsbo-Sverkersholm;0;Käringbergen;"";Leucobryum glaucum (blåmossa, LC, 2013);587082;6470052;16.4884;58.36268
87;2;Nollbeslut föreligger: begär beslut, förbered överklagan till MMD;A 25892-2026;BOXHOLM;Avverkning tillåten: fristen passerad nyligen;Medel;36.5;2026-06-05;-51;2031-06-04;6.1;6.48289283500389;Föryngringsavverkning;Normal skog;FALSE;TRUE;"hög skoglig naturvärdessannolikhet (HCVF 78); hög skog >= 20 m på 100 %";0;0;0;0;0;0;0;78;0;0.996;2727;Gökshult;3107;Pukehål;"";"";515227;6437784;15.25819;58.08124
88;2;Nollbeslut föreligger: begär beslut, förbered överklagan till MMD;A 25182-2026;KINDA;Avverkning tillåten: fristen passerad nyligen;Medel;35.3;2026-06-02;-54;2031-06-01;5.3;5.30634420154803;Föryngringsavverkning;Normal skog;FALSE;TRUE;"rödlistad/bilaga IV-fridlyst art inom 150 m (6/8 §, buffertzon); hög skog >= 20 m på 77 %";0;0;0;0;0;18;0;9.5;0;0.768;2081;Bäckängsmon;626;Tegelsätter;"";"Lucanus cervus (ekoxe, LC, fridlyst, 2020); Plecotus auritus (brunlångöra, NT, 2019)";549062;6438028;15.83191;58.08098
89;2;Nollbeslut föreligger: begär beslut, förbered överklagan till MMD;A 29016-2026;KINDA;Avverkning tillåten: fristen passerad nyligen;Medel;35.1;2026-06-26;-30;2031-06-25;4.4;5.11792649410551;Föryngringsavverkning;Normal skog;FALSE;TRUE;"hög skoglig naturvärdessannolikhet (HCVF 74); hög skog >= 20 m på 99 %";0;0;0;0;0;5;0;74.4;0;0.988;2507;Härsjö;3201;Hanekulla;"";"Sparassis crispa (blomkålssvamp, LC, 2025); Dicranum flagellare (flagellkvastmossa, LC, 2025); Sarcodon squamosus (motaggsvamp, NT, 2025); Crossocalyx hellerianus (vedtrappmossa, NT, 2025)";553109;6443789;15.90183;58.13225
90;2;Nollbeslut föreligger: begär beslut, förbered överklagan till MMD;A 25176-2026;NORRKÖPING;Avverkning tillåten: fristen passerad nyligen;Medel;34.4;2026-06-02;-54;2031-06-01;4.2;4.39602928110827;Föryngringsavverkning;Normal skog;FALSE;TRUE;"rödlistad/bilaga IV-fridlyst art inom 150 m (6/8 §, buffertzon); hög skog >= 20 m på 94 %";0;0;0;0;0;2;0;15.5;0;0.944;674;Iglingen;692;Glans kalkbarrskogar;"";Neottia nidus-avis (nästrot, LC, fridlyst, 2015);547417;6497948;15.81635;58.61928
91;2;Nollbeslut föreligger: begär beslut, förbered överklagan till MMD;A 25711-2026;NORRKÖPING;Avverkning tillåten: fristen passerad nyligen;Medel;31.9;2026-06-05;-51;2031-06-04;1.9;1.92352577114385;Föryngringsavverkning;Normal skog;FALSE;TRUE;"rödlistad/bilaga IV-fridlyst art inom 150 m (6/8 §, buffertzon); hög skog >= 20 m på 82 %";0;0;0;0;0;39;0;43.8;0.097;0.815;1721;Kimstad ekbacke;2813;Norsholm;"";Lucanus cervus (ekoxe, LC, fridlyst, 2026);555546;6490406;15.95443;58.55059
92;2;Nollbeslut föreligger: begär beslut, förbered överklagan till MMD;A 21463-2026;KINDA;Avverkning tillåten: fristen passerad nyligen;Medel;31.6;2026-05-06;-81;2031-05-05;1.6;1.58101440759886;Föryngringsavverkning;Normal skog;FALSE;TRUE;"hög skoglig naturvärdessannolikhet (HCVF 73); hög skog >= 20 m på 93 %";0;0;0;0;0;0;0;73;0;0.927;5318;Hökhult;1548;Boda;"";"";552899;6421616;15.89329;57.93314
93;2;Nollbeslut föreligger: begär beslut, förbered överklagan till MMD;A 29403-2026;ÅTVIDABERG;Avverkning tillåten: fristen passerad nyligen;Medel;31.5;2026-06-30;-26;2031-06-29;1.4;1.49146740301342;Föryngringsavverkning;Normal skog;FALSE;TRUE;"rödlistad/bilaga IV-fridlyst art inom 150 m (6/8 §, buffertzon); hög skog >= 20 m på 99 %";0;0;0;0;0;4;0;55.3;0;0.992;3123;Storån vid Falerum;3508;Åtvidsnäs;"";Lucanus cervus (ekoxe, LC, fridlyst, 2026);564945;6449239;16.10429;58.17961
94;2;Nollbeslut föreligger: begär beslut, förbered överklagan till MMD;A 25816-2026;ÖDESHÖG;Avverkning tillåten: fristen passerad nyligen;Medel;31.3;2026-06-05;-51;2031-06-04;1.3;1.27664708599813;Föryngringsavverkning;Normal skog;FALSE;TRUE;"hög skoglig naturvärdessannolikhet (HCVF 71); hög skog >= 20 m på 51 %";0;0;0;0;0;10;0;71.4;0.007;0.509;2980;Bomhult;3196;Sättra ängar;"";Sparassis crispa (blomkålssvamp, LC, 2023);489566;6454644;14.82233;58.23281
95;2;Nollbeslut föreligger: begär beslut, förbered överklagan till MMD;A 25943-2026;FINSPÅNG;Avverkning tillåten: fristen passerad nyligen;Medel;31.1;2026-06-08;-48;2031-06-07;1.1;1.13992669204564;Föryngringsavverkning;Normal skog;FALSE;TRUE;"hög skoglig naturvärdessannolikhet (HCVF 80); hög skog >= 20 m på 96 %";0;0;0;0;0;5;0;80.1;0;0.965;3752;Stockhult;4327;Hällestads-Torp;"";"";527012;6524424;15.46826;58.8588
96;2;Nollbeslut föreligger: begär beslut, förbered överklagan till MMD;A 20248-2026;VALDEMARSVIK;Avverkning tillåten: fristen passerad nyligen;Medel;30.8;2026-04-27;-90;2031-04-26;0.8;0.833807724200189;Föryngringsavverkning;Normal skog;FALSE;TRUE;"hög skoglig naturvärdessannolikhet (HCVF 74); hög skog >= 20 m på 99 %";0;0;0;0;0;9;0;74.2;0;0.994;6445;Kattedal;2700;Holmtebo;"";Hydnellum ferrugineum (dropptaggsvamp, NT, 2017);594131;6451517;16.60128;58.19481
97;2;Nollbeslut föreligger: begär beslut, förbered överklagan till MMD;A 30080-2026;LINKÖPING;Avverkning tillåten: fristen passerad nyligen;Medel;30.8;2026-07-03;-23;2031-07-02;0.8;0.832918117752113;Föryngringsavverkning;Normal skog;FALSE;TRUE;"rödlistad/bilaga IV-fridlyst art inom 150 m (6/8 §, buffertzon); hög skog >= 20 m på 90 %";0;0;0;0;0;19;0;30.2;0.013;0.899;2091;Stafsäter;2092;Stafsäters lövskog;"";Epipactis atrorubens (purpurknipprot, LC, fridlyst, 2025);536937;6464958;15.6306;58.32402
98;3;"Bevaka; begär tillsyn om avverkning inte skett";A 17271-2025;LINKÖPING;Avverkning tillåten: äldre anmälan;Mycket hög;227.8;2025-04-09;-473;2030-04-08;9.7;6.80143789399948;Avverkning för att bevara och utveckla /försöksver;Ädellövskog;FALSE;TRUE;"art i bilaga IV inom området (4 a §); rödlistad/bilaga IV-fridlyst art inom området (6/8 §); prioriterad fågelart inom området (4 §); hotad art (CR/EN/VU) inom området; hög skoglig naturvärdessannolikhet (HCVF 88); ädellövskog 77 %; hög skog >= 20 m på 88 %";1;3;1;2;24;56;0;88.5;0.768;0.885;894;Viggeby;894;Viggeby;"Buxbaumia viridis (grön sköldmossa, LC, bil. IV, fridlyst, 2025); Vicia pisiformis (ärtvicker, EN, fridlyst, 2025); Hepatica nobilis (blåsippa, LC, fridlyst, 2025); Lucanus cervus (ekoxe, LC, fridlyst, 2025); Dryocopus martius (spillkråka, LC, prio. fågel, 2025); Fraxinus excelsior (ask, EN, 2025); Acolium inquinans (sotlav, LC, 2026); Actaea spicata (svart trolldruva, LC, 2025); Alleniella complanata (platt fjädermossa, LC, 2025); Antitrichia curtipendula (fällmossa, LC, 2025); Bacidia rubella (lönnlav, LC, 2025); Cardamine impatiens (lundbräsma, LC, 2014)";"Platanthera chlorantha (grönvit nattviol, LC, fridlyst, 2015); Pandion haliaetus (fiskgjuse, LC, prio. fågel, 2025); Amanita phalloides (lömsk flugsvamp, LC, 2011); Lepiota castanea (kastanjefjällskivling, LC, 2011); Leucobryum glaucum (blåmossa, LC, 2025); Phaeolus schweinitzii (grovticka, LC, 2025); Pseudanomodon attenuatus (piskbaronmossa, LC, 2023); Leontodon hispidus (sommarfibbla, NT, 2014); Crossocalyx hellerianus (vedtrappmossa, NT, 2025); Fistulina hepatica (oxtungssvamp, NT, 2025); Hericium coralloides (koralltaggsvamp, NT, 2011); Hydnellum peckii (skarp dropptaggsvamp, NT, 2011)";540230;6448464;15.68397;58.17559
99;3;"Bevaka; begär tillsyn om avverkning inte skett";A 22257-2025;ÅTVIDABERG;Avverkning tillåten: äldre anmälan;Mycket hög;210.5;2025-05-08;-444;2030-05-07;8.3;8.52754086925546;Föryngringsavverkning;Normal skog;FALSE;TRUE;"art i bilaga IV inom området (4 a §); rödlistad/bilaga IV-fridlyst art inom området (6/8 §); prioriterad fågelart inom området (4 §); hotad art (CR/EN/VU) inom området; hög skoglig naturvärdessannolikhet (HCVF 76); hög skog >= 20 m på 89 %";1;2;2;1;18;33;0.0326652668973108;76.5;0;0.888;855;Herrsätter;413;Herrsätter;"Buxbaumia viridis (grön sköldmossa, LC, bil. IV, fridlyst, 2025); Hepatica nobilis (blåsippa, LC, fridlyst, 2025); Goodyera repens (knärot, VU, fridlyst, 2025); Dryocopus martius (spillkråka, LC, prio. fågel, 2025); Poecile montanus (talltita, NT, prio. fågel, 2025); Cacotemnus thomsoni (thomsons trägnagare, LC, 2025); Dicranum flagellare (flagellkvastmossa, LC, 2025); Herzogiella seligeri (stubbspretmossa, LC, 2025); Scolytus ratzeburgii (björksplintborre, LC, 2025); Sparassis crispa (blomkålssvamp, LC, 2025); Tomicus minor (mindre märgborre, LC, 2025); Calicium denigratum (blanksvart spiklav, NT, 2025)";"Haliaeetus albicilla (havsörn, LC, prio. fågel, 2025); Dryobates minor (mindre hackspett, NT, prio. fågel, 2025); Leucobryum glaucum (blåmossa, LC, 2025); Microbregma emarginatum (granbarkgnagare, LC, 2025); Phaeolus schweinitzii (grovticka, LC, 2019); Antitrichia curtipendula (fällmossa, LC, 2025); Porodaedalea pini (tallticka, NT, 2025); Anthemis arvensis (åkerkulla, NT, 2019); Cladonia parasitica (dvärgbägarlav, NT, 2025); Hydnellum ferrugineum (dropptaggsvamp, NT, 2025); Polygala vulgaris (jungfrulin, NT, 2024); Trifolium aureum (gullklöver, NT, 2019)";557833;6461128;15.98635;58.28737
100;3;"Bevaka; begär tillsyn om avverkning inte skett";A 57525-2022;NORRKÖPING;Avverkning tillåten: äldre anmälan;Mycket hög;207;2022-12-01;-1333;2027-11-30;10.7;16.6502186317333;Avverkning för att bevara och utveckla /försöksver;Normal skog;FALSE;TRUE;"art i bilaga IV inom området (4 a §); rödlistad/bilaga IV-fridlyst art inom området (6/8 §); prioriterad fågelart inom 150 m (4 §); hög skoglig naturvärdessannolikhet (HCVF 74); ädellövskog 34 %; hög skog >= 20 m på 75 %; Natura 2000 inom 180 m (Rödgölen-Svartgölen)";1;1;0;0;16;91;0;74.5;0.343;0.753;180;Rödgölen-Svartgölen;131;Ågelsjön;"Buxbaumia viridis (grön sköldmossa, LC, bil. IV, fridlyst, 2023); Hepatica nobilis (blåsippa, LC, fridlyst, 2023); Alleniella complanata (platt fjädermossa, LC, 2023); Antitrichia curtipendula (fällmossa, LC, 2023); Campanula latifolia (hässleklocka, LC, 2011); Dicranum flagellare (flagellkvastmossa, LC, 2021); Homalothecium sericeum (guldlockmossa, LC, 2025); Leucobryum glaucum (blåmossa, LC, 2025); Microbregma emarginatum (granbarkgnagare, LC, 2023); Sparassis crispa (blomkålssvamp, LC, 2025); Tomicus minor (mindre märgborre, LC, 2023); Carbonicola anthracophila (kolflarnlav, NT, 2023)";"Ficedula parva (mindre flugsnappare, LC, prio. fågel, 2026); Dryobates minor (mindre hackspett, NT, prio. fågel, 2026); Motacilla alba (sädesärla, NT, prio. fågel, 2026); Ulmus glabra (skogsalm, EN, 2020); Homalia trichomanoides (trubbfjädermossa, LC, 2021); Phaeolus schweinitzii (grovticka, LC, 2023); Porella platyphylla (trädporella, LC, 2023); Daphne mezereum (tibast, LC, 2023); Matteuccia struthiopteris (strutbräken, LC, 2025); Polygala vulgaris (jungfrulin, NT, 2024); Boloria selene (brunfläckig pärlemorfjäril, VU, 2008)";566269;6504537;16.14279;58.67598
101;3;"Bevaka; begär tillsyn om avverkning inte skett";A 60898-2024;NORRKÖPING;Avverkning tillåten: äldre anmälan;Mycket hög;205.1;2024-12-19;-584;2029-12-18;3.1;3.06897350039263;Föryngringsavverkning;Normal skog;FALSE;TRUE;"rödlistad/bilaga IV-fridlyst art inom området (6/8 §); prioriterad fågelart inom området (4 §); hotad art (CR/EN/VU) inom området; hög skoglig naturvärdessannolikhet (HCVF 93); hög skog >= 20 m på 96 %; Natura 2000 inom 86 m (Bärsjöskogen)";0;1;1;1;10;48;0;93.4;0;0.961;86;Bärsjöskogen;86;Bärsjöskogen;"Hepatica nobilis (blåsippa, LC, fridlyst, 2021); Goodyera repens (knärot, VU, fridlyst, 2025); Poecile montanus (talltita, NT, prio. fågel, 2025); Dicranum flagellare (flagellkvastmossa, LC, 2025); Odontoschisma denudatum (kornknutmossa, LC, 2025); Phaeolus schweinitzii (grovticka, LC, 2025); Pyrola chlorantha (grönpyrola, LC, 2025); Tomicus minor (mindre märgborre, LC, 2025); Crossocalyx hellerianus (vedtrappmossa, NT, 2025); Porodaedalea pini (tallticka, NT, 2025)";"Sarcosoma globosum (bombmurkla, EN, fridlyst, 2015); Tetrao urogallus (tjäder, LC, prio. fågel, 2025); Tetrastes bonasia (järpe, LC, prio. fågel, 2021); Callidium aeneum (grönhjon, NT, 2023)";571218;6507356;16.22898;58.7005
102;3;"Bevaka; begär tillsyn om avverkning inte skett";A 51780-2022;KINDA;Avverkning tillåten: äldre anmälan;Mycket hög;186.7;2022-11-07;-1357;2027-11-06;6.7;6.71093101128172;Föryngringsavverkning;Normal skog;FALSE;TRUE;"art i bilaga IV inom 150 m (4 a §); rödlistad/bilaga IV-fridlyst art inom området (6/8 §); hotad art (CR/EN/VU) inom området; hög skoglig naturvärdessannolikhet (HCVF 85); hög skog >= 20 m på 92 %";0;1;0;3;15;68;0;85;0;0.924;2794;Gamla Måla;0;Trollgölen;"Hepatica nobilis (blåsippa, LC, fridlyst, 2022); Goodyera repens (knärot, VU, fridlyst, 2025); Antitrichia curtipendula (fällmossa, LC, 2022); Homalia trichomanoides (trubbfjädermossa, LC, 2022); Inocutis rheades (rävticka, LC, 2021); Leptogium saturninum (skinnlav, LC, 2021); Pyrola chlorantha (grönpyrola, LC, 2021); Tomicus minor (mindre märgborre, LC, 2022); Cladonia parasitica (dvärgbägarlav, NT, 2022); Crossocalyx hellerianus (vedtrappmossa, NT, 2025); Phellinidium ferrugineofuscum (ullticka, NT, 2021); Porodaedalea pini (tallticka, NT, 2022)";"Buxbaumia viridis (grön sköldmossa, LC, bil. IV, fridlyst, 2021); Arthonia vinosa (rostfläck, LC, 2015); Daphne mezereum (tibast, LC, 2022); Herzogiella seligeri (stubbspretmossa, LC, 2022); Homalothecium sericeum (guldlockmossa, LC, 2022); Alleniella complanata (platt fjädermossa, LC, 2022); Dicranum flagellare (flagellkvastmossa, LC, 2021); Frullania tamarisci (klippfrullania, LC, 2021); Lactifluus volemus (mandelriska, LC, 2021); Lejeunea cavifolia (blåsfliksmossa, LC, 2022); Lopadium disciforme (barkkornlav, LC, 2021); Nephroma parile (bårdlav, LC, 2021)";523086;6435702;15.39125;58.0622
103;3;"Bevaka; begär tillsyn om avverkning inte skett";A 32058-2022;ÅTVIDABERG;Avverkning tillåten: äldre anmälan;Mycket hög;179.2;2022-08-05;-1451;2027-08-04;0.2;0.161206723352941;Föryngringsavverkning;Normal skog;FALSE;TRUE;"art i bilaga IV inom 150 m (4 a §); rödlistad/bilaga IV-fridlyst art inom området (6/8 §); prioriterad fågelart inom området (4 §); hotad art (CR/EN/VU) inom området; hög skog >= 20 m på 100 %";0;1;1;1;4;84;0;43;0;1;6680;Vegalla;531;Långdalsgölen;"Goodyera repens (knärot, VU, fridlyst, 2026); Poecile montanus (talltita, NT, prio. fågel, 2026); Sparassis crispa (blomkålssvamp, LC, 2024); Phellinidium ferrugineofuscum (ullticka, NT, 2026)";"Buxbaumia viridis (grön sköldmossa, LC, bil. IV, fridlyst, 2026); Triturus cristatus (större vattensalamander, LC, bil. IV, fridlyst, 2024); Hepatica nobilis (blåsippa, LC, fridlyst, 2026); Vipera berus (huggorm, LC, fridlyst, 2024); Epipactis atrorubens (purpurknipprot, LC, fridlyst, 2026); Platanthera bifolia (nattviol, LC, fridlyst, 2025); Dryocopus martius (spillkråka, LC, prio. fågel, 2026); Haliaeetus albicilla (havsörn, LC, prio. fågel, 2026); Tetrao urogallus (tjäder, LC, prio. fågel, 2026); Caprimulgus europaeus (nattskärra, LC, prio. fågel, 2026); Tetrastes bonasia (järpe, LC, prio. fågel, 2024); Dryobates minor (mindre hackspett, NT, prio. fågel, 2026)";562367;6465145;16.06474;58.32282
104;3;"Bevaka; begär tillsyn om avverkning inte skett";A 680-2026;ÅTVIDABERG;Avverkning tillåten: äldre anmälan;Mycket hög;178.1;2026-01-07;-200;2031-01-06;1.1;1.14806536554554;Föryngringsavverkning;Normal skog;FALSE;TRUE;"art i bilaga IV inom 150 m (4 a §); rödlistad/bilaga IV-fridlyst art inom området (6/8 §); prioriterad fågelart inom området (4 §); hotad art (CR/EN/VU) inom området; hög skog >= 20 m på 96 %";0;1;2;1;8;19;9.31396857521279e-05;61.4;0;0.962;727;Storån vid Falerum;887;Ekhultebergen;"Hepatica nobilis (blåsippa, LC, fridlyst, 2026); Goodyera repens (knärot, VU, fridlyst, 2026); Dryocopus martius (spillkråka, LC, prio. fågel, 2026); Poecile palustris (entita, NT, prio. fågel, 2026); Oxyporus corticola (barkticka, LC, 2026); Crossocalyx hellerianus (vedtrappmossa, NT, 2026); Phellinidium ferrugineofuscum (ullticka, NT, 2026); Phlebia serialis (kådvaxskinn, NT, 2026)";"Rana arvalis (åkergroda, LC, bil. IV, fridlyst, 2026); Haliaeetus albicilla (havsörn, LC, prio. fågel, 2026); Poecile montanus (talltita, NT, prio. fågel, 2026)";571392;6446357;16.21301;58.15274
105;3;"Bevaka; begär tillsyn om avverkning inte skett";A 30637-2022;MOTALA;Avverkning tillåten: äldre anmälan;Mycket hög;171.1;2022-07-21;-1466;2027-07-20;4.9;5.05360801495054;Avverkning för att bevara och utveckla /försöksver;Normal skog;FALSE;TRUE;"rödlistad/bilaga IV-fridlyst art inom området (6/8 §); prioriterad fågelart inom området (4 §); hotad art (CR/EN/VU) inom området; hög skoglig naturvärdessannolikhet (HCVF 76); hög skog >= 20 m på 98 %";0;1;7;1;13;81;0;76.5;0;0.979;1707;Göta Kanal (Vättern-Roxen);2200;Vålberga mosse;"Hepatica nobilis (blåsippa, LC, fridlyst, 2020); Goodyera repens (knärot, VU, fridlyst, 2024); Dryocopus martius (spillkråka, LC, prio. fågel, 2026); Haliaeetus albicilla (havsörn, LC, prio. fågel, 2026); Dryobates minor (mindre hackspett, NT, prio. fågel, 2025); Motacilla alba (sädesärla, NT, prio. fågel, 2026); Nucifraga caryocatactes (nötkråka, NT, prio. fågel, 2019); Poecile montanus (talltita, NT, prio. fågel, 2026); Turdus iliacus (rödvingetrast, NT, prio. fågel, 2024); Dicranodontium denudatum (skuggmossa, LC, 2020); Hygrocybe coccinea (blodvaxing, LC, 2020); Hygrocybe punicea (scharlakansvaxing, NT, 2020)";"Poecile palustris (entita, NT, prio. fågel, 2024); Prunella modularis (järnsparv, NT, prio. fågel, 2026); Fraxinus excelsior (ask, EN, 2020); Ulmus glabra (skogsalm, EN, 2022); Alleniella complanata (platt fjädermossa, LC, 2020); Antitrichia curtipendula (fällmossa, LC, 2020); Arthonia vinosa (rostfläck, LC, 2020); Homalothecium sericeum (guldlockmossa, LC, 2020); Lejeunea cavifolia (blåsfliksmossa, LC, 2020); Porella platyphylla (trädporella, LC, 2020); Astur gentilis (duvhök, NT, 2026); Acrocephalus scirpaceus (rörsångare, NT, 2026)";517503;6491464;15.30085;58.56329
106;3;"Bevaka; begär tillsyn om avverkning inte skett";A 34703-2025;ÅTVIDABERG;Avverkning tillåten: äldre anmälan;Mycket hög;170;2025-07-10;-381;2030-07-09;6;6.03505682729054;Föryngringsavverkning;Normal skog;FALSE;TRUE;"art i bilaga IV inom området (4 a §); rödlistad/bilaga IV-fridlyst art inom området (6/8 §); prioriterad fågelart inom området (4 §); hotad art (CR/EN/VU) inom området; hög skog >= 20 m på 97 %";1;2;4;1;13;22;0.0431960974798038;31.7;0;0.966;3126;Åtvidsnäs;3030;Tarant;"Buxbaumia viridis (grön sköldmossa, LC, bil. IV, fridlyst, 2026); Goodyera repens (knärot, VU, fridlyst, 2026); Dryocopus martius (spillkråka, LC, prio. fågel, 2025); Tetrao urogallus (tjäder, LC, prio. fågel, 2026); Glaucidium passerinum (sparvuggla, NT, prio. fågel, 2025); Poecile montanus (talltita, NT, prio. fågel, 2025); Microbregma emarginatum (granbarkgnagare, LC, 2026); Odontoschisma denudatum (kornknutmossa, LC, 2025); Cladonia parasitica (dvärgbägarlav, NT, 2026); Hertelidea botryosa (vedskivlav, NT, 2025); Phellinidium ferrugineofuscum (ullticka, NT, 2025); Porodaedalea pini (tallticka, NT, 2026)";"Alleniella complanata (platt fjädermossa, LC, 2026); Antitrichia curtipendula (fällmossa, LC, 2026); Homalothecium sericeum (guldlockmossa, LC, 2026); Phaeolus schweinitzii (grovticka, LC, 2026); Acolium inquinans (sotlav, LC, 2026); Herzogiella seligeri (stubbspretmossa, LC, 2026); Microcalicium ahlneri (kortskaftad ärgspik, NT, 2025)";562617;6453715;16.06592;58.22014
107;3;"Bevaka; begär tillsyn om avverkning inte skett";A 44688-2025;NORRKÖPING;Avverkning tillåten: äldre anmälan;Mycket hög;169.9;2025-09-17;-312;2030-09-16;3.7;4.92029363498936;Föryngringsavverkning;Normal skog;FALSE;TRUE;"art i bilaga IV inom området (4 a §); rödlistad/bilaga IV-fridlyst art inom området (6/8 §); hotad art (CR/EN/VU) inom området; hög skoglig naturvärdessannolikhet (HCVF 80); hög skog >= 20 m på 94 %";1;2;0;2;12;23;0;80.1;0;0.936;614;Glotternskogen;430;Glotternskogen;"Buxbaumia viridis (grön sköldmossa, LC, bil. IV, fridlyst, 2025); Goodyera repens (knärot, VU, fridlyst, 2025); Dicranum flagellare (flagellkvastmossa, LC, 2025); Phaeolus schweinitzii (grovticka, LC, 2025); Pyrola chlorantha (grönpyrola, LC, 2025); Sparassis crispa (blomkålssvamp, LC, 2025); Hydnellum aurantiacum (orange taggsvamp, NT, 2025); Hydnellum ferrugineum (dropptaggsvamp, NT, 2025); Phellodon niger (svart taggsvamp, NT, 2025); Porodaedalea pini (tallticka, NT, 2025); Sarcodon squamosus (motaggsvamp, NT, 2025); Phellopilus nigrolimitatus (gränsticka, VU, 2025)";"Hepatica nobilis (blåsippa, LC, fridlyst, 2022); Antitrichia curtipendula (fällmossa, LC, 2026); Hertelidea botryosa (vedskivlav, NT, 2026)";567675;6507722;16.16797;58.70436
108;3;"Bevaka; begär tillsyn om avverkning inte skett";A 55104-2025;NORRKÖPING;Avverkning tillåten: äldre anmälan;Mycket hög;168.6;2025-11-07;-261;2030-11-06;14.6;14.5823212318259;Föryngringsavverkning;Normal skog;FALSE;TRUE;"rödlistad/bilaga IV-fridlyst art inom området (6/8 §); hotad art (CR/EN/VU) inom området; nyckelbiotop överlappar; hög skoglig naturvärdessannolikhet (HCVF 74); ädellövskog 64 %; hög skog >= 20 m på 53 %";0;1;0;1;3;8;0.741493679500324;74.5;0.644;0.531;657;Stora Rimmö;657;Stora Rimmö;"Hepatica nobilis (blåsippa, LC, fridlyst, 2018); Dactylorhiza sambucina (Adam och Eva, NT, fridlyst, 2026); Fraxinus excelsior (ask, EN, 2018)";"Ulmus glabra (skogsalm, EN, 2018); Hesperia comma (silversmygare, NT, 2018)";604041;6478540;16.78195;58.43517
109;3;"Bevaka; begär tillsyn om avverkning inte skett";A 14950-2026;KINDA;Avverkning tillåten: äldre anmälan;Mycket hög;167.7;2026-03-23;-125;2031-03-22;5.7;5.73840815594168;Föryngringsavverkning;Normal skog;FALSE;TRUE;"art i bilaga IV inom området (4 a §); rödlistad/bilaga IV-fridlyst art inom området (6/8 §); prioriterad fågelart inom området (4 §); hotad art (CR/EN/VU) inom området; hög skog >= 20 m på 91 %";1;2;1;1;9;12;0;48.9;0.002;0.91;903;Jonsbo;6565;Boda;"Buxbaumia viridis (grön sköldmossa, LC, bil. IV, fridlyst, 2026); Hepatica nobilis (blåsippa, LC, fridlyst, 2026); Zootoca vivipara (skogsödla, LC, fridlyst, 2026); Goodyera repens (knärot, VU, fridlyst, 2026); Dryocopus martius (spillkråka, LC, prio. fågel, 2026); Antitrichia curtipendula (fällmossa, LC, 2026); Pyrola chlorantha (grönpyrola, LC, 2026); Lathyrus vernus (vårärt, NT, 2026); Porodaedalea pini (tallticka, NT, 2026)";"";546667;6424585;15.78865;57.9605
110;3;"Bevaka; begär tillsyn om avverkning inte skett";A 17462-2026;NORRKÖPING;Avverkning tillåten: äldre anmälan;Mycket hög;166.3;2026-04-08;-109;2031-04-07;2;2.3032986100055;Föryngringsavverkning;Normal skog;FALSE;TRUE;"rödlistad/bilaga IV-fridlyst art inom området (6/8 §); prioriterad fågelart inom området (4 §); hotad art (CR/EN/VU) inom området; hög skoglig naturvärdessannolikhet (HCVF 72); hög skog >= 20 m på 94 %";0;1;1;1;6;40;0;72.3;0;0.943;1150;Skriketorpsravinen;118;Glotternskogen;"Hepatica nobilis (blåsippa, LC, fridlyst, 2026); Goodyera repens (knärot, VU, fridlyst, 2026); Dryocopus martius (spillkråka, LC, prio. fågel, 2026); Alleniella complanata (platt fjädermossa, LC, 2026); Antitrichia curtipendula (fällmossa, LC, 2026); Rhytidiadelphus loreus (västlig hakmossa, LC, 2026)";"Sarcosoma globosum (bombmurkla, EN, fridlyst, 2024); Leucobryum glaucum (blåmossa, LC, 2026); Pyrola chlorantha (grönpyrola, LC, 2024); Sparassis crispa (blomkålssvamp, LC, 2020); Frullania tamarisci (klippfrullania, LC, 2026); Hertelidea botryosa (vedskivlav, NT, 2026); Hypogymnia vittata (skuggblåslav, NT, 2026); Phellinidium ferrugineofuscum (ullticka, NT, 2026)";568021;6505797;16.17336;58.68701
111;3;"Bevaka; begär tillsyn om avverkning inte skett";A 45686-2025;KINDA;Avverkning tillåten: äldre anmälan;Mycket hög;161;2025-09-23;-306;2030-09-22;24.1;24.0629247899825;Avverkning för annat ändamål;Ädellövskog;FALSE;TRUE;"rödlistad/bilaga IV-fridlyst art inom 150 m (6/8 §, buffertzon); prioriterad fågelart inom området (4 §); hotad art (CR/EN/VU) inom området; ädellövskog 23 %; Natura 2000 inom 14 m (Föllingsö)";0;0;6;8;27;89;0;51.5;0.23;0.396;14;Föllingsö;5545;Krogsfall;"Platanthera bifolia (nattviol, LC, fridlyst, 2023); Lanius collurio (törnskata, LC, prio. fågel, 2024); Emberiza citrinella (gulsparv, NT, prio. fågel, 2025); Glaucidium passerinum (sparvuggla, NT, prio. fågel, 2008); Jynx torquilla (göktyta, NT, prio. fågel, 2024); Prunella modularis (järnsparv, NT, prio. fågel, 2021); Apus apus (tornseglare, VU, prio. fågel, 2024); Fraxinus excelsior (ask, EN, 2023); Riparia riparia (backsvala, EN, 2021); Actaea spicata (svart trolldruva, LC, 2022); Antitrichia curtipendula (fällmossa, LC, 2022); Sarcoscypha austriaca (scharlakansskål, LC, 2022)";"Lucanus cervus (ekoxe, LC, fridlyst, 2026); Platanthera chlorantha (grönvit nattviol, LC, fridlyst, 2026); Dactylorhiza maculata (fläcknycklar, LC, fridlyst, 2026); Cygnus cygnus (sångsvan, LC, prio. fågel, 2022); Dryocopus martius (spillkråka, LC, prio. fågel, 2025); Grus grus (trana, LC, prio. fågel, 2024); Motacilla alba (sädesärla, NT, prio. fågel, 2021); Sturnus vulgaris (stare, VU, prio. fågel, 2021); Ulmus glabra (skogsalm, EN, 2022); Acolium inquinans (sotlav, LC, 2022); Bacidia rubella (lönnlav, LC, 2025); Anthemis arvensis (åkerkulla, NT, 2022)";535361;6427225;15.598;57.98526
112;3;"Bevaka; begär tillsyn om avverkning inte skett";A 50388-2022;SÖDERKÖPING;Avverkning tillåten: äldre anmälan;Mycket hög;158.8;2022-11-01;-1363;2027-10-31;10.8;10.7709034900223;Föryngringsavverkning;Normal skog;FALSE;TRUE;"rödlistad/bilaga IV-fridlyst art inom området (6/8 §); prioriterad fågelart inom området (4 §); hotad art (CR/EN/VU) inom området; hög skoglig naturvärdessannolikhet (HCVF 88); hög skog >= 20 m på 86 %; Natura 2000 inom 0 m (Flatmossen)";0;1;1;1;7;25;0.00196180789605493;87.9;0.001;0.86;0;Flatmossen;603;Ängelholm;"Hepatica nobilis (blåsippa, LC, fridlyst, 2022); Goodyera repens (knärot, VU, fridlyst, 2022); Poecile montanus (talltita, NT, prio. fågel, 2022); Phaeolus schweinitzii (grovticka, LC, 2022); Pyrola chlorantha (grönpyrola, LC, 2022); Hertelidea botryosa (vedskivlav, NT, 2022); Hydnellum ferrugineum (dropptaggsvamp, NT, 2022)";"Alleniella complanata (platt fjädermossa, LC, 2022); Antitrichia curtipendula (fällmossa, LC, 2022); Herzogiella seligeri (stubbspretmossa, LC, 2022); Odontoschisma denudatum (kornknutmossa, LC, 2022); Fomitiporia robusta (ekticka, NT, 2022); Cladonia parasitica (dvärgbägarlav, NT, 2022); Felipes leucopellaeus (kattfotslav, NT, 2022); Porodaedalea pini (tallticka, NT, 2022); Sanicula europaea (sårläka, NT, 2022); Sarcodon squamosus (motaggsvamp, NT, 2022)";603798;6460932;16.76987;58.27716
113;3;"Bevaka; begär tillsyn om avverkning inte skett";A 45509-2025;NORRKÖPING;Avverkning tillåten: äldre anmälan;Mycket hög;158.8;2025-09-22;-307;2030-09-21;2.1;2.83336806499818;Föryngringsavverkning;Normal skog;FALSE;TRUE;"rödlistad/bilaga IV-fridlyst art inom området (6/8 §); prioriterad fågelart inom området (4 §); hotad art (CR/EN/VU) inom området; hög skoglig naturvärdessannolikhet (HCVF 85); hög skog >= 20 m på 86 %";0;1;1;1;7;32;0;84.7;0;0.86;1515;Glotternskogen;0;Glotternskogen;"Hepatica nobilis (blåsippa, LC, fridlyst, 2026); Natrix natrix (vanlig snok, LC, fridlyst, 2025); Goodyera repens (knärot, VU, fridlyst, 2026); Actitis hypoleucos (drillsnäppa, NT, prio. fågel, 2026); Alleniella complanata (platt fjädermossa, LC, 2026); Antitrichia curtipendula (fällmossa, LC, 2026); Hydnellum ferrugineum (dropptaggsvamp, NT, 2025)";"Dryocopus martius (spillkråka, LC, prio. fågel, 2026); Poecile montanus (talltita, NT, prio. fågel, 2026); Hydnellum aurantiacum (orange taggsvamp, NT, 2025); Phellinidium ferrugineofuscum (ullticka, NT, 2026); Porodaedalea pini (tallticka, NT, 2026); Sarcodon squamosus (motaggsvamp, NT, 2025)";568256;6506267;16.17755;58.69119
114;3;"Bevaka; begär tillsyn om avverkning inte skett";A 24615-2025;NORRKÖPING;Avverkning tillåten: äldre anmälan;Mycket hög;157.3;2025-05-21;-431;2030-05-20;10.8;11.3058877750078;Föryngringsavverkning;Normal skog;FALSE;TRUE;"rödlistad/bilaga IV-fridlyst art inom området (6/8 §); prioriterad fågelart inom området (4 §); hotad art (CR/EN/VU) inom området; hög skog >= 20 m på 86 %";0;1;3;3;18;74;0;60.8;0.004;0.858;4409;Mjälnäs sumpskog;4370;Rövareberget;"Goodyera repens (knärot, VU, fridlyst, 2025); Dryocopus martius (spillkråka, LC, prio. fågel, 2025); Poecile montanus (talltita, NT, prio. fågel, 2025); Apus apus (tornseglare, VU, prio. fågel, 2025); Hydnellum concrescens (zontaggsvamp, LC, 2024); Odontoschisma denudatum (kornknutmossa, LC, 2025); Pyrola chlorantha (grönpyrola, LC, 2025); Sparassis crispa (blomkålssvamp, LC, 2025); Hertelidea botryosa (vedskivlav, NT, 2025); Hydnellum aurantiacum (orange taggsvamp, NT, 2025); Hydnellum caeruleum (blå taggsvamp, NT, 2025); Hydnellum ferrugineum (dropptaggsvamp, NT, 2025)";"Lycopodium clavatum (mattlummer, LC, fridlyst, 2025); Platanthera chlorantha (grönvit nattviol, LC, fridlyst, 2020); Dryobates minor (mindre hackspett, NT, prio. fågel, 2025); Chloris chloris (grönfink, VU, prio. fågel, 2026); Agrostemma githago (klätt, EN, 2026); Scolytus ratzeburgii (björksplintborre, LC, 2025); Daphne mezereum (tibast, LC, 2026); Phaeolus schweinitzii (grovticka, LC, 2025); Tomicus minor (mindre märgborre, LC, 2025); Carbonicola anthracophila (kolflarnlav, NT, 2025); Cladonia parasitica (dvärgbägarlav, NT, 2025); Phellodon melaleucus (svartvit taggsvamp, NT, 2025)";566311;6516712;16.14709;58.78529
115;3;"Bevaka; begär tillsyn om avverkning inte skett";A 31894-2022;FINSPÅNG;Avverkning tillåten: äldre anmälan;Mycket hög;155.7;2022-08-04;-1452;2027-08-03;3.8;3.70449032045146;Avverkning för att bevara och utveckla /försöksver;Normal skog;FALSE;TRUE;"art i bilaga IV inom området (4 a §); rödlistad/bilaga IV-fridlyst art inom området (6/8 §); prioriterad fågelart inom området (4 §)";1;1;4;0;8;71;0;64.7;0.121;0.383;2980;Prästängsuddens lövskog;2980;Prästängsuddens lövskog;"Rana arvalis (åkergroda, LC, bil. IV, fridlyst, 2025); Bufo bufo (vanlig padda, LC, fridlyst, 2025); Emberiza schoeniclus (sävsparv, LC, prio. fågel, 2025); Grus grus (trana, LC, prio. fågel, 2025); Anas crecca (kricka, NT, prio. fågel, 2025); Gallinago gallinago (enkelbeckasin, NT, prio. fågel, 2025); Hygrocybe reidii (honungsvaxing, LC, 2023); Eptesicus nilssonii (nordfladdermus, NT, 2025)";"Anguis fragilis (kopparödla, LC, fridlyst, 2024); Hepatica nobilis (blåsippa, LC, fridlyst, 2024); Natrix natrix (vanlig snok, LC, fridlyst, 2024); Platanthera bifolia (nattviol, LC, fridlyst, 2025); Platanthera chlorantha (grönvit nattviol, LC, fridlyst, 2024); Dryocopus martius (spillkråka, LC, prio. fågel, 2026); Haliaeetus albicilla (havsörn, LC, prio. fågel, 2026); Milvus milvus (röd glada, LC, prio. fågel, 2023); Pandion haliaetus (fiskgjuse, LC, prio. fågel, 2026); Pinicola enucleator (tallbit, LC, prio. fågel, 2024); Cygnus cygnus (sångsvan, LC, prio. fågel, 2024); Dryobates minor (mindre hackspett, NT, prio. fågel, 2026)";549007;6531740;15.85111;58.92255
116;3;"Bevaka; begär tillsyn om avverkning inte skett";A 57690-2022;FINSPÅNG;Avverkning tillåten: äldre anmälan;Mycket hög;149;2022-12-02;-1332;2027-12-01;15.1;15.7373990349756;Avverkning för att bevara och utveckla /försöksver;Ädellövskog;FALSE;TRUE;"allmän fridlyst art (t.ex. orkidé) inom 150 m, ej utlösande; prioriterad fågelart inom området (4 §); hotad art (CR/EN/VU) inom området; hög skoglig naturvärdessannolikhet (HCVF 74); ädellövskog 75 %; hög skog >= 20 m på 68 %";0;0;2;2;11;25;0;74.2;0.746;0.68;5904;Ölstadsjön;575;Torstorpeskogen;"Hepatica nobilis (blåsippa, LC, fridlyst, 2025); Dryocopus martius (spillkråka, LC, prio. fågel, 2025); Haliaeetus albicilla (havsörn, LC, prio. fågel, 2025); Lathraea squamaria (vätteros, LC, 2021); Eptesicus nilssonii (nordfladdermus, NT, 2021); Fomitiporia robusta (ekticka, NT, 2025); Lathyrus vernus (vårärt, NT, 2021); Lobaria pulmonaria (lunglav, NT, 2025); Myotis nattereri (fransfladdermus, NT, 2021); Zygaena filipendulae (sexfläckig bastardsvärmare, VU, 2025); Zygaena viciae (mindre bastardsvärmare, VU, 2025)";"Fraxinus excelsior (ask, EN, 2019); Acolium inquinans (sotlav, LC, 2025); Galeopsis ladanum (mjukdån, NT, 2019); Plecotus auritus (brunlångöra, NT, 2021); Polygala vulgaris (jungfrulin, NT, 2021); Boloria selene (brunfläckig pärlemorfjäril, VU, 2007)";541649;6507787;15.71886;58.70822
117;3;"Bevaka; begär tillsyn om avverkning inte skett";A 11109-2025;NORRKÖPING;Avverkning tillåten: äldre anmälan;Mycket hög;148.5;2025-03-07;-506;2030-03-06;7.7;8.49958866500057;Föryngringsavverkning;Normal skog;FALSE;TRUE;"rödlistad/bilaga IV-fridlyst art inom området (6/8 §); prioriterad fågelart inom området (4 §); hotad art (CR/EN/VU) inom området; hög skog >= 20 m på 78 %";0;1;2;1;7;55;0;50.3;0;0.776;986;Glotternskogen;986;Glotternskogen;"Hepatica nobilis (blåsippa, LC, fridlyst, 2026); Goodyera repens (knärot, VU, fridlyst, 2026); Dryocopus martius (spillkråka, LC, prio. fågel, 2026); Poecile montanus (talltita, NT, prio. fågel, 2026); Leucobryum glaucum (blåmossa, LC, 2025); Hertelidea botryosa (vedskivlav, NT, 2025); Sarcodon squamosus (motaggsvamp, NT, 2025)";"Anguis fragilis (kopparödla, LC, fridlyst, 2026); Caprimulgus europaeus (nattskärra, LC, prio. fågel, 2026); Prunella modularis (järnsparv, NT, prio. fågel, 2026); Poecile palustris (entita, NT, prio. fågel, 2026); Chloris chloris (grönfink, VU, prio. fågel, 2026); Sturnus vulgaris (stare, VU, prio. fågel, 2026); Alleniella complanata (platt fjädermossa, LC, 2025); Antitrichia curtipendula (fällmossa, LC, 2026); Homalia trichomanoides (trubbfjädermossa, LC, 2025); Homalothecium sericeum (guldlockmossa, LC, 2026); Scolytus ratzeburgii (björksplintborre, LC, 2025); Hydnellum ferrugineum (dropptaggsvamp, NT, 2026)";567409;6509871;16.16403;58.72369
118;3;"Bevaka; begär tillsyn om avverkning inte skett";A 21683-2025;NORRKÖPING;Avverkning tillåten: äldre anmälan;Mycket hög;147.9;2025-05-06;-446;2030-05-05;1.8;1.8791180460461;Föryngringsavverkning;Normal skog;FALSE;TRUE;"rödlistad/bilaga IV-fridlyst art inom området (6/8 §); prioriterad fågelart inom området (4 §); hotad art (CR/EN/VU) inom området; hög skog >= 20 m på 100 %";0;1;1;2;10;57;0;68.1;0;1;4675;Mjälnäs sumpskog;4570;Rövareberget;"Goodyera repens (knärot, VU, fridlyst, 2025); Dryocopus martius (spillkråka, LC, prio. fågel, 2025); Carbonicola anthracophila (kolflarnlav, NT, 2025); Cladonia parasitica (dvärgbägarlav, NT, 2025); Hydnellum aurantiacum (orange taggsvamp, NT, 2025); Hydnellum caeruleum (blå taggsvamp, NT, 2025); Hydnellum ferrugineum (dropptaggsvamp, NT, 2025); Phellinidium ferrugineofuscum (ullticka, NT, 2025); Sarcodon squamosus (motaggsvamp, NT, 2025); Tricholoma apium (lakritsmusseron, VU, 2025)";"Lycopodium clavatum (mattlummer, LC, fridlyst, 2025); Poecile montanus (talltita, NT, prio. fågel, 2025); Sparassis crispa (blomkålssvamp, LC, 2025); Tomicus minor (mindre märgborre, LC, 2025); Arthonia vinosa (rostfläck, LC, 2025); Climacocystis borealis (trådticka, LC, 2025); Hydnellum concrescens (zontaggsvamp, LC, 2024); Odontoschisma denudatum (kornknutmossa, LC, 2025); Peltis ferruginea (vanlig flatbagge, LC, 2025); Pyrola chlorantha (grönpyrola, LC, 2025); Hertelidea botryosa (vedskivlav, NT, 2025); Phellodon fuligineoalbus (talltaggsvamp, NT, 2025)";566246;6516546;16.14593;58.78381
119;3;"Bevaka; begär tillsyn om avverkning inte skett";A 11077-2025;NORRKÖPING;Avverkning tillåten: äldre anmälan;Mycket hög;147.6;2025-03-07;-506;2030-03-06;1.6;1.57410734000579;Föryngringsavverkning;Normal skog;FALSE;TRUE;"rödlistad/bilaga IV-fridlyst art inom området (6/8 §); prioriterad fågelart inom området (4 §); hotad art (CR/EN/VU) inom området; hög skog >= 20 m på 93 %";0;1;6;2;11;58;0;39.3;0.002;0.931;836;Glotternskogen;836;Glotternskogen;"Anguis fragilis (kopparödla, LC, fridlyst, 2026); Goodyera repens (knärot, VU, fridlyst, 2026); Caprimulgus europaeus (nattskärra, LC, prio. fågel, 2026); Dryocopus martius (spillkråka, LC, prio. fågel, 2026); Poecile montanus (talltita, NT, prio. fågel, 2026); Poecile palustris (entita, NT, prio. fågel, 2026); Prunella modularis (järnsparv, NT, prio. fågel, 2026); Chloris chloris (grönfink, VU, prio. fågel, 2026); Hydnellum ferrugineum (dropptaggsvamp, NT, 2026); Porodaedalea pini (tallticka, NT, 2026); Sarcodon squamosus (motaggsvamp, NT, 2025)";"Bufo bufo (vanlig padda, LC, fridlyst, 2026); Dactylorhiza maculata (fläcknycklar, LC, fridlyst, 2026); Natrix natrix (vanlig snok, LC, fridlyst, 2026); Platanthera chlorantha (grönvit nattviol, LC, fridlyst, 2026); Vipera berus (huggorm, LC, fridlyst, 2026); Zootoca vivipara (skogsödla, LC, fridlyst, 2026); Tetrao urogallus (tjäder, LC, prio. fågel, 2024); Haliaeetus albicilla (havsörn, LC, prio. fågel, 2026); Motacilla alba (sädesärla, NT, prio. fågel, 2026); Sturnus vulgaris (stare, VU, prio. fågel, 2026); Galium odoratum (myskmadra, LC, 2024); Adscita statices (ängsmetallvinge, NT, 2024)";567465;6509558;16.1649;58.72088
120;3;"Bevaka; begär tillsyn om avverkning inte skett";A 14619-2025;NORRKÖPING;Avverkning tillåten: äldre anmälan;Mycket hög;145;2025-03-26;-487;2030-03-25;6.4;7.0174914600075;Föryngringsavverkning;Normal skog;FALSE;TRUE;"rödlistad/bilaga IV-fridlyst art inom området (6/8 §); prioriterad fågelart inom området (4 §); hotad art (CR/EN/VU) inom området; hög skog >= 20 m på 92 %";0;1;1;1;6;25;0;36;0;0.921;3738;Glotternskogen;3738;Glotternskogen;"Lycopodium clavatum (mattlummer, LC, fridlyst, 2025); Goodyera repens (knärot, VU, fridlyst, 2025); Tetrao urogallus (tjäder, LC, prio. fågel, 2021); Herzogiella seligeri (stubbspretmossa, LC, 2021); Pyrola chlorantha (grönpyrola, LC, 2025); Crossocalyx hellerianus (vedtrappmossa, NT, 2021)";"Poecile montanus (talltita, NT, prio. fågel, 2020); Bryoria bicolor (broktagel, EN, 2025); Bazzania trilobata (stor revmossa, LC, 2025); Leucobryum glaucum (blåmossa, LC, 2025); Sarcodon squamosus (motaggsvamp, NT, 2025); Trichocolea tomentella (dunmossa, NT, 2021); Trifolium aureum (gullklöver, NT, 2013); Carbonicola anthracophila (kolflarnlav, NT, 2025); Hertelidea botryosa (vedskivlav, NT, 2025); Hypogymnia vittata (skuggblåslav, NT, 2025); Porodaedalea pini (tallticka, NT, 2025)";566269;6512891;16.14524;58.75099
121;3;"Bevaka; begär tillsyn om avverkning inte skett";A 45488-2025;NORRKÖPING;Avverkning tillåten: äldre anmälan;Mycket hög;145;2025-09-22;-307;2030-09-21;2.3;2.96646577500796;Föryngringsavverkning;Normal skog;FALSE;TRUE;"rödlistad/bilaga IV-fridlyst art inom området (6/8 §); prioriterad fågelart inom området (4 §); hotad art (CR/EN/VU) inom området; hög skog >= 20 m på 80 %";0;1;1;1;12;25;0;57.7;0.003;0.805;1105;Glotternskogen;143;Glotternskogen;"Natrix natrix (vanlig snok, LC, fridlyst, 2026); Goodyera repens (knärot, VU, fridlyst, 2026); Dryocopus martius (spillkråka, LC, prio. fågel, 2026); Phaeolus schweinitzii (grovticka, LC, 2025); Pyrola chlorantha (grönpyrola, LC, 2026); Sparassis crispa (blomkålssvamp, LC, 2025); Tomicus minor (mindre märgborre, LC, 2026); Cladonia parasitica (dvärgbägarlav, NT, 2025); Hertelidea botryosa (vedskivlav, NT, 2026); Phellinidium ferrugineofuscum (ullticka, NT, 2026); Porodaedalea pini (tallticka, NT, 2026); Sarcodon squamosus (motaggsvamp, NT, 2025)";Poecile montanus (talltita, NT, prio. fågel, 2026);568058;6506733;16.17428;58.69541
122;3;"Bevaka; begär tillsyn om avverkning inte skett";A 17275-2025;LINKÖPING;Avverkning tillåten: äldre anmälan;Mycket hög;144.9;2025-04-09;-473;2030-04-08;2.9;2.8700399461895;Avverkning för att bevara och utveckla /försöksver;Normal skog;FALSE;TRUE;"art i bilaga IV inom 150 m (4 a §); rödlistad/bilaga IV-fridlyst art inom 150 m (6/8 §, buffertzon); prioriterad fågelart inom området (4 §); hög skoglig naturvärdessannolikhet (HCVF 85); hög skog >= 20 m på 96 %";0;0;1;0;3;57;0;85.1;0.113;0.962;909;Brokinds lövskogar;909;Brokinds lövskog;"Poecile montanus (talltita, NT, prio. fågel, 2025); Alleniella complanata (platt fjädermossa, LC, 2025); Antitrichia curtipendula (fällmossa, LC, 2025)";"Buxbaumia viridis (grön sköldmossa, LC, bil. IV, fridlyst, 2025); Vicia pisiformis (ärtvicker, EN, fridlyst, 2025); Hepatica nobilis (blåsippa, LC, fridlyst, 2025); Dryocopus martius (spillkråka, LC, prio. fågel, 2025); Fraxinus excelsior (ask, EN, 2025); Actaea spicata (svart trolldruva, LC, 2025); Bacidia rubella (lönnlav, LC, 2025); Herzogiella seligeri (stubbspretmossa, LC, 2025); Homalia trichomanoides (trubbfjädermossa, LC, 2025); Homalothecium sericeum (guldlockmossa, LC, 2025); Lathraea squamaria (vätteros, LC, 2026); Cardamine impatiens (lundbräsma, LC, 2014)";540084;6448670;15.68152;58.17746
123;3;"Bevaka; begär tillsyn om avverkning inte skett";A 11085-2025;NORRKÖPING;Avverkning tillåten: äldre anmälan;Mycket hög;143.9;2025-03-07;-506;2030-03-06;1.9;1.86063109999001;Föryngringsavverkning;Normal skog;FALSE;TRUE;"rödlistad/bilaga IV-fridlyst art inom området (6/8 §); prioriterad fågelart inom området (4 §); hotad art (CR/EN/VU) inom området; hög skog >= 20 m på 72 %";0;1;3;1;8;54;0;22;0.006;0.725;775;Glotternskogen;775;Glotternskogen;"Vipera berus (huggorm, LC, fridlyst, 2026); Goodyera repens (knärot, VU, fridlyst, 2026); Caprimulgus europaeus (nattskärra, LC, prio. fågel, 2026); Dryocopus martius (spillkråka, LC, prio. fågel, 2026); Poecile montanus (talltita, NT, prio. fågel, 2026); Hydnellum ferrugineum (dropptaggsvamp, NT, 2026); Porodaedalea pini (tallticka, NT, 2026); Sarcodon squamosus (motaggsvamp, NT, 2025)";"Natrix natrix (vanlig snok, LC, fridlyst, 2026); Platanthera chlorantha (grönvit nattviol, LC, fridlyst, 2026); Anguis fragilis (kopparödla, LC, fridlyst, 2026); Bufo bufo (vanlig padda, LC, fridlyst, 2026); Dactylorhiza maculata (fläcknycklar, LC, fridlyst, 2026); Zootoca vivipara (skogsödla, LC, fridlyst, 2026); Haliaeetus albicilla (havsörn, LC, prio. fågel, 2026); Tetrao urogallus (tjäder, LC, prio. fågel, 2024); Motacilla alba (sädesärla, NT, prio. fågel, 2026); Poecile palustris (entita, NT, prio. fågel, 2026); Prunella modularis (järnsparv, NT, prio. fågel, 2026); Chloris chloris (grönfink, VU, prio. fågel, 2026)";567700;6509691;16.16899;58.72203
124;3;"Bevaka; begär tillsyn om avverkning inte skett";A 698-2026;ÅTVIDABERG;Avverkning tillåten: äldre anmälan;Mycket hög;142.8;2026-01-07;-200;2031-01-06;0.8;0.807297729603667;Föryngringsavverkning;Normal skog;FALSE;TRUE;"rödlistad/bilaga IV-fridlyst art inom området (6/8 §); prioriterad fågelart inom området (4 §); hotad art (CR/EN/VU) inom området; hög skog >= 20 m på 88 %";0;1;2;1;8;21;0.0467318172039668;49.1;0;0.876;917;Ekhultebergen;917;Ekhultebergen;"Goodyera repens (knärot, VU, fridlyst, 2026); Dryocopus martius (spillkråka, LC, prio. fågel, 2026); Poecile montanus (talltita, NT, prio. fågel, 2026); Bazzania trilobata (stor revmossa, LC, 2026); Leucobryum glaucum (blåmossa, LC, 2026); Scolytus ratzeburgii (björksplintborre, LC, 2026); Felipes leucopellaeus (kattfotslav, NT, 2026); Porodaedalea pini (tallticka, NT, 2026)";"Chloris chloris (grönfink, VU, prio. fågel, 2026); Meruliopsis taxicola (blodticka, LC, 2026); Pseudomerulius aureus (gullgröppa, LC, 2026); Crossocalyx hellerianus (vedtrappmossa, NT, 2026); Phellinidium ferrugineofuscum (ullticka, NT, 2026)";572461;6447015;16.23137;58.15847
125;3;"Bevaka; begär tillsyn om avverkning inte skett";A 17463-2026;NORRKÖPING;Avverkning tillåten: äldre anmälan;Mycket hög;139.1;2026-04-08;-109;2031-04-07;1.4;4.12651514999445;Föryngringsavverkning;Normal skog;FALSE;TRUE;"rödlistad/bilaga IV-fridlyst art inom området (6/8 §); prioriterad fågelart inom 150 m (4 §); hotad art (CR/EN/VU) inom området; hög skoglig naturvärdessannolikhet (HCVF 79); hög skog >= 20 m på 78 %";0;1;0;1;9;40;0;79.2;0;0.775;1259;Skriketorpsravinen;58;Glotternskogen;"Goodyera repens (knärot, VU, fridlyst, 2026); Frullania tamarisci (klippfrullania, LC, 2026); Inocutis rheades (rävticka, LC, 2012); Leucobryum glaucum (blåmossa, LC, 2026); Sparassis crispa (blomkålssvamp, LC, 2020); Geastrum quadrifidum (fyrflikig jordstjärna, NT, 2012); Hypogymnia vittata (skuggblåslav, NT, 2026); Phellinidium ferrugineofuscum (ullticka, NT, 2026); Porodaedalea pini (tallticka, NT, 2026)";"Hepatica nobilis (blåsippa, LC, fridlyst, 2026); Dryocopus martius (spillkråka, LC, prio. fågel, 2026); Actitis hypoleucos (drillsnäppa, NT, prio. fågel, 2026); Alleniella complanata (platt fjädermossa, LC, 2026); Antitrichia curtipendula (fällmossa, LC, 2026); Microbregma emarginatum (granbarkgnagare, LC, 2026); Pyrola chlorantha (grönpyrola, LC, 2024); Rhytidiadelphus loreus (västlig hakmossa, LC, 2026); Hertelidea botryosa (vedskivlav, NT, 2026)";568122;6505618;16.17505;58.68539
126;3;"Bevaka; begär tillsyn om avverkning inte skett";A 35273-2025;ÅTVIDABERG;Avverkning tillåten: äldre anmälan;Mycket hög;138.9;2025-07-15;-376;2030-07-14;4.9;4.89323083999746;Föryngringsavverkning;Normal skog;FALSE;TRUE;"rödlistad/bilaga IV-fridlyst art inom området (6/8 §); prioriterad fågelart inom området (4 §); hotad art (CR/EN/VU) inom området; hög skog >= 20 m på 99 %";0;1;5;1;24;33;0;60.5;0;0.991;4550;Herrsätter;1561;Långdalsgölen;"Hepatica nobilis (blåsippa, LC, fridlyst, 2026); Vipera berus (huggorm, LC, fridlyst, 2026); Goodyera repens (knärot, VU, fridlyst, 2025); Dryocopus martius (spillkråka, LC, prio. fågel, 2026); Pandion haliaetus (fiskgjuse, LC, prio. fågel, 2026); Tetrao urogallus (tjäder, LC, prio. fågel, 2026); Dryobates minor (mindre hackspett, NT, prio. fågel, 2026); Poecile montanus (talltita, NT, prio. fågel, 2026); Amanita phalloides (lömsk flugsvamp, LC, 2025); Frullania tamarisci (klippfrullania, LC, 2025); Inocutis rheades (rävticka, LC, 2025); Leucobryum glaucum (blåmossa, LC, 2025)";"Fraxinus excelsior (ask, EN, 2026); Antitrichia curtipendula (fällmossa, LC, 2026); Daphne mezereum (tibast, LC, 2026)";560720;6463667;16.03624;58.30978
127;3;"Bevaka; begär tillsyn om avverkning inte skett";A 11593-2026;ÅTVIDABERG;Avverkning tillåten: äldre anmälan;Mycket hög;137;2026-03-03;-145;2031-03-02;0.6;1.02013224000144;Föryngringsavverkning;Normal skog;FALSE;TRUE;"rödlistad/bilaga IV-fridlyst art inom området (6/8 §); prioriterad fågelart inom området (4 §); hotad art (CR/EN/VU) inom området; hög skog >= 20 m på 100 %";0;1;3;1;8;32;0;34.8;0;1;4415;Vegalla;466;Mörkedal;"Goodyera repens (knärot, VU, fridlyst, 2026); Dryocopus martius (spillkråka, LC, prio. fågel, 2026); Tetrastes bonasia (järpe, LC, prio. fågel, 2026); Poecile montanus (talltita, NT, prio. fågel, 2026); Phaeolus schweinitzii (grovticka, LC, 2026); Crustoderma corneum (hornvaxskinn, NT, 2026); Felipes leucopellaeus (kattfotslav, NT, 2026); Sanicula europaea (sårläka, NT, 2026)";"Antitrichia curtipendula (fällmossa, LC, 2017); Phellopilus nigrolimitatus (gränsticka, VU, 2026)";564934;6465868;16.10875;58.32894
128;3;"Bevaka; begär tillsyn om avverkning inte skett";A 37222-2023;ÅTVIDABERG;Avverkning tillåten: äldre anmälan;Mycket hög;134.3;2023-08-17;-1074;2028-08-15;0.3;0.312771171145327;Föryngringsavverkning;Normal skog;FALSE;TRUE;"rödlistad/bilaga IV-fridlyst art inom området (6/8 §); prioriterad fågelart inom området (4 §); hotad art (CR/EN/VU) inom området; hög skog >= 20 m på 100 %";0;1;3;1;4;90;0;46.5;0;1;6481;Vegalla;274;Långdalsgölen;"Goodyera repens (knärot, VU, fridlyst, 2026); Dryocopus martius (spillkråka, LC, prio. fågel, 2026); Dryobates minor (mindre hackspett, NT, prio. fågel, 2026); Poecile montanus (talltita, NT, prio. fågel, 2026)";"Hepatica nobilis (blåsippa, LC, fridlyst, 2026); Tetrao urogallus (tjäder, LC, prio. fågel, 2026); Tetrastes bonasia (järpe, LC, prio. fågel, 2024); Hydnellum auratile (brandtaggsvamp, EN, 2017); Dicranum flagellare (flagellkvastmossa, LC, 2017); Inocutis rheades (rävticka, LC, 2023); Odontoschisma denudatum (kornknutmossa, LC, 2025); Dicranodontium denudatum (skuggmossa, LC, 2017); Eurhynchium striatum (skuggsprötmossa, LC, 2017); Leucobryum glaucum (blåmossa, LC, 2026); Nephroma arcticum (norrlandslav, LC, 2017); Rhytidiadelphus loreus (västlig hakmossa, LC, 2021)";562506;6464938;16.06706;58.32094
129;3;"Bevaka; begär tillsyn om avverkning inte skett";A 3380-2023;ÅTVIDABERG;Avverkning tillåten: äldre anmälan;Mycket hög;133.9;2023-01-23;-1280;2028-01-22;1.9;1.94394159360091;Föryngringsavverkning;Normal skog;FALSE;TRUE;"rödlistad/bilaga IV-fridlyst art inom området (6/8 §); prioriterad fågelart inom området (4 §); hotad art (CR/EN/VU) inom området; hög skog >= 20 m på 94 %; Natura 2000 inom 49 m (Vegalla)";0;1;4;1;6;23;0;31.1;0;0.945;49;Vegalla;46;Vegalla;"Goodyera repens (knärot, VU, fridlyst, 2023); Caprimulgus europaeus (nattskärra, LC, prio. fågel, 2023); Dryocopus martius (spillkråka, LC, prio. fågel, 2023); Tetrastes bonasia (järpe, LC, prio. fågel, 2023); Poecile montanus (talltita, NT, prio. fågel, 2023); Leucobryum glaucum (blåmossa, LC, 2023)";"";568701;6463787;16.17245;58.30968
130;3;"Bevaka; begär tillsyn om avverkning inte skett";A 45701-2024;NORRKÖPING;Avverkning tillåten: äldre anmälan;Mycket hög;133.1;2024-10-14;-650;2029-10-13;9.5;12.1066105999919;Föryngringsavverkning;Normal skog;FALSE;TRUE;"rödlistad/bilaga IV-fridlyst art inom 150 m (6/8 §, buffertzon); prioriterad fågelart inom området (4 §); hotad art (CR/EN/VU) inom området";0;0;1;1;11;31;0;69.8;0;0.499;5148;Magnehults domänreservat;3718;Hjälmstorpenäs;"Aegolius funereus (pärluggla, EN, prio. fågel, 2021); Dicranum flagellare (flagellkvastmossa, LC, 2024); Leucobryum glaucum (blåmossa, LC, 2025); Tomicus minor (mindre märgborre, LC, 2025); Buprestis haemorrhoidalis (bronspraktbagge, NT, 2021); Cladonia parasitica (dvärgbägarlav, NT, 2025); Hertelidea botryosa (vedskivlav, NT, 2025); Hydnellum ferrugineum (dropptaggsvamp, NT, 2025); Phellodon melaleucus (svartvit taggsvamp, NT, 2020); Porodaedalea pini (tallticka, NT, 2025); Sarcodon squamosus (motaggsvamp, NT, 2024)";"Goodyera repens (knärot, VU, fridlyst, 2025); Haliaeetus albicilla (havsörn, LC, prio. fågel, 2021); Poecile montanus (talltita, NT, prio. fågel, 2025)";563347;6515579;16.09552;58.77556
131;3;"Bevaka; begär tillsyn om avverkning inte skett";A 32-2025;KINDA;Avverkning tillåten: äldre anmälan;Mycket hög;132.4;2025-01-02;-570;2030-01-01;2.4;2.43804705260079;Föryngringsavverkning;Normal skog;FALSE;TRUE;"rödlistad/bilaga IV-fridlyst art inom området (6/8 §); hotad art (CR/EN/VU) inom området; naturvårdsavtal/biotopskydd överlappar; hög skoglig naturvärdessannolikhet (HCVF 73); hög skog >= 20 m på 98 %";0;1;0;1;3;11;0;73.4;0;0.984;4704;Yxefall;721;Fagerhults lövskog;"Goodyera repens (knärot, VU, fridlyst, 2024); Microbregma emarginatum (granbarkgnagare, LC, 2024); Porodaedalea pini (tallticka, NT, 2024)";"Ulmus glabra (skogsalm, EN, 2015); Actaea spicata (svart trolldruva, LC, 2021); Alleniella complanata (platt fjädermossa, LC, 2021); Antitrichia curtipendula (fällmossa, LC, 2021); Matteuccia struthiopteris (strutbräken, LC, 2021); Chrysosplenium alternifolium (gullpudra, NT, 2015); Usnea barbata (gropig skägglav, VU, 2024)";531280;6436572;15.53021;58.06951
132;3;"Bevaka; begär tillsyn om avverkning inte skett";A 17465-2026;NORRKÖPING;Avverkning tillåten: äldre anmälan;Mycket hög;131.9;2026-04-08;-109;2031-04-07;1.1;1.93327677000121;Föryngringsavverkning;Normal skog;FALSE;TRUE;"rödlistad/bilaga IV-fridlyst art inom området (6/8 §); prioriterad fågelart inom området (4 §); hotad art (CR/EN/VU) inom området; hög skoglig naturvärdessannolikhet (HCVF 81); hög skog >= 20 m på 96 %";0;1;1;1;4;44;0;80.9;0;0.959;1095;Skriketorpsravinen;315;Dvardalaskogen;"Goodyera repens (knärot, VU, fridlyst, 2026); Dryocopus martius (spillkråka, LC, prio. fågel, 2026); Leucobryum glaucum (blåmossa, LC, 2026); Pyrola chlorantha (grönpyrola, LC, 2024)";"Inocutis rheades (rävticka, LC, 2012); Microbregma emarginatum (granbarkgnagare, LC, 2026); Sparassis crispa (blomkålssvamp, LC, 2020); Geastrum quadrifidum (fyrflikig jordstjärna, NT, 2012); Hertelidea botryosa (vedskivlav, NT, 2026); Hypogymnia vittata (skuggblåslav, NT, 2026); Phellinidium ferrugineofuscum (ullticka, NT, 2026); Porodaedalea pini (tallticka, NT, 2026)";567884;6505549;16.17092;58.68481
133;3;"Bevaka; begär tillsyn om avverkning inte skett";A 55683-2025;LINKÖPING;Avverkning tillåten: äldre anmälan;Mycket hög;131.3;2025-11-11;-257;2030-11-10;3.3;3.26635900665335;Föryngringsavverkning;Normal skog;FALSE;TRUE;"rödlistad/bilaga IV-fridlyst art inom området (6/8 §); prioriterad fågelart inom området (4 §); hotad art (CR/EN/VU) inom området; hög skog >= 20 m på 94 %";0;1;2;1;6;27;0;26.9;0.049;0.935;571;Ullstämma;571;Ullstämmaskogen;"Goodyera repens (knärot, VU, fridlyst, 2026); Dryocopus martius (spillkråka, LC, prio. fågel, 2026); Poecile montanus (talltita, NT, prio. fågel, 2026); Dicranum flagellare (flagellkvastmossa, LC, 2025); Scolytus ratzeburgii (björksplintborre, LC, 2025); Porodaedalea pini (tallticka, NT, 2026)";"Lullula arborea (trädlärka, LC, prio. fågel, 2026); Grus grus (trana, LC, prio. fågel, 2011); Emberiza citrinella (gulsparv, NT, prio. fågel, 2022); Turdus iliacus (rödvingetrast, NT, prio. fågel, 2025); Herzogiella seligeri (stubbspretmossa, LC, 2012); Leucobryum glaucum (blåmossa, LC, 2012); Phellinidium ferrugineofuscum (ullticka, NT, 2024); Sarcodon imbricatus (fjällig taggsvamp s.str., NT, 2014)";537778;6467905;15.64545;58.35041
134;3;"Bevaka; begär tillsyn om avverkning inte skett";A 27912-2025;NORRKÖPING;Avverkning tillåten: äldre anmälan;Mycket hög;129;2025-06-09;-412;2030-06-08;1.9;1.99105664500427;Föryngringsavverkning;Normal skog;FALSE;TRUE;"rödlistad/bilaga IV-fridlyst art inom 150 m (6/8 §, buffertzon); prioriterad fågelart inom området (4 §); hög skoglig naturvärdessannolikhet (HCVF 88); hög skog >= 20 m på 94 %";0;0;1;0;10;35;0;88.3;0;0.945;3157;Nybygget-Duvhult;3954;Rödgölen;"Picoides tridactylus (tretåig hackspett, NT, prio. fågel, 2025); Dicranum flagellare (flagellkvastmossa, LC, 2025); Microbregma emarginatum (granbarkgnagare, LC, 2009); Odontoschisma denudatum (kornknutmossa, LC, 2025); Cladonia parasitica (dvärgbägarlav, NT, 2009); Crossocalyx hellerianus (vedtrappmossa, NT, 2025); Fuscocephaloziopsis catenulata (stubbtrådmossa, NT, 2025); Hertelidea botryosa (vedskivlav, NT, 2025); Hydnellum ferrugineum (dropptaggsvamp, NT, 2025); Porodaedalea pini (tallticka, NT, 2009)";"Goodyera repens (knärot, VU, fridlyst, 2025); Herzogiella seligeri (stubbspretmossa, LC, 2025); Leucobryum glaucum (blåmossa, LC, 2025); Phellinidium ferrugineofuscum (ullticka, NT, 2025)";564647;6511614;16.11685;58.73977
135;3;"Bevaka; begär tillsyn om avverkning inte skett";A 21404-2024;NORRKÖPING;Avverkning tillåten: äldre anmälan;Mycket hög;127.8;2024-05-29;-788;2029-05-28;0.7;0.823489585000236;Föryngringsavverkning;Normal skog;FALSE;TRUE;"art i bilaga IV inom området (4 a §); rödlistad/bilaga IV-fridlyst art inom området (6/8 §); prioriterad fågelart inom 150 m (4 §); hög skog >= 20 m på 93 %";1;1;0;0;3;53;0;48.3;0;0.931;4236;Mjälnäs sumpskog;1819;Klinta hällar;"Buxbaumia viridis (grön sköldmossa, LC, bil. IV, fridlyst, 2021); Plicatura pendula (vintertagging, NT, 2021); Porodaedalea pini (tallticka, NT, 2026)";"Tetrao urogallus (tjäder, LC, prio. fågel, 2021); Dryocopus martius (spillkråka, LC, prio. fågel, 2026); Haliaeetus albicilla (havsörn, LC, prio. fågel, 2021); Dicranum flagellare (flagellkvastmossa, LC, 2021); Leucobryum glaucum (blåmossa, LC, 2023); Carbonicola anthracophila (kolflarnlav, NT, 2021); Cladonia parasitica (dvärgbägarlav, NT, 2021); Anastrophyllum michauxii (skogstrappmossa, NT, 2021); Crossocalyx hellerianus (vedtrappmossa, NT, 2021); Felipes leucopellaeus (kattfotslav, NT, 2021); Hypogymnia vittata (skuggblåslav, NT, 2021); Leptoporus mollis (kötticka, NT, 2023)";566832;6521626;16.15757;58.82933
136;3;"Bevaka; begär tillsyn om avverkning inte skett";A 689-2026;ÅTVIDABERG;Avverkning tillåten: äldre anmälan;Mycket hög;126.6;2026-01-07;-200;2031-01-06;2.6;2.58242740849555;Föryngringsavverkning;Normal skog;FALSE;TRUE;"rödlistad/bilaga IV-fridlyst art inom området (6/8 §); prioriterad fågelart inom området (4 §); hotad art (CR/EN/VU) inom området; hög skog >= 20 m på 95 %";0;1;3;2;10;23;0.00108705590074849;34.5;0;0.948;906;Ekhultebergen;906;Ekhultebergen;"Goodyera repens (knärot, VU, fridlyst, 2026); Dryocopus martius (spillkråka, LC, prio. fågel, 2026); Tetrao urogallus (tjäder, LC, prio. fågel, 2026); Poecile montanus (talltita, NT, prio. fågel, 2026); Pyrola chlorantha (grönpyrola, LC, 2026); Tomicus minor (mindre märgborre, LC, 2026); Crossocalyx hellerianus (vedtrappmossa, NT, 2026); Phellinidium ferrugineofuscum (ullticka, NT, 2026); Porodaedalea pini (tallticka, NT, 2026); Alectoria sarmentosa (garnlav, VU, 2026)";"Meruliopsis taxicola (blodticka, LC, 2026); Phaeolus schweinitzii (grovticka, LC, 2026); Pseudomerulius aureus (gullgröppa, LC, 2026)";572815;6447050;16.23739;58.15873
137;3;"Bevaka; begär tillsyn om avverkning inte skett";A 3815-2026;NORRKÖPING;Avverkning tillåten: äldre anmälan;Mycket hög;125.1;2026-01-21;-186;2031-01-20;1.1;1.11615734499949;Föryngringsavverkning;Normal skog;FALSE;TRUE;"art i bilaga IV inom 150 m (4 a §); rödlistad/bilaga IV-fridlyst art inom 150 m (6/8 §, buffertzon); prioriterad fågelart inom området (4 §); hotad art (CR/EN/VU) inom området; hög skog >= 20 m på 87 %";0;0;1;1;1;65;0;35.8;0.002;0.869;2753;Händelö;2372;Händelö;Chloris chloris (grönfink, VU, prio. fågel, 2026);"Triturus cristatus (större vattensalamander, LC, bil. IV, fridlyst, 2025); Anguis fragilis (kopparödla, LC, fridlyst, 2016); Hepatica nobilis (blåsippa, LC, fridlyst, 2020); Natrix natrix (vanlig snok, LC, fridlyst, 2010); Zootoca vivipara (skogsödla, LC, fridlyst, 2019); Dryocopus martius (spillkråka, LC, prio. fågel, 2026); Caprimulgus europaeus (nattskärra, LC, prio. fågel, 2023); Cygnus cygnus (sångsvan, LC, prio. fågel, 2022); Haliaeetus albicilla (havsörn, LC, prio. fågel, 2026); Lullula arborea (trädlärka, LC, prio. fågel, 2025); Jynx torquilla (göktyta, NT, prio. fågel, 2022); Motacilla alba (sädesärla, NT, prio. fågel, 2026)";573809;6496219;16.27005;58.60007
138;3;"Bevaka; begär tillsyn om avverkning inte skett";A 22040-2023;LINKÖPING;Avverkning tillåten: äldre anmälan;Mycket hög;124;2023-05-22;-1161;2028-05-20;1;0.978174497758325;Föryngringsavverkning;Normal skog;FALSE;TRUE;"rödlistad/bilaga IV-fridlyst art inom området (6/8 §); prioriterad fågelart inom 150 m (4 §); hotad art (CR/EN/VU) inom området; hög skog >= 20 m på 99 %; Natura 2000 inom 289 m (Ullstämma)";0;1;0;1;3;77;0;33.8;0;0.991;289;Ullstämma;262;Ullstämmaskogen;"Sarcosoma globosum (bombmurkla, EN, fridlyst, 2025); Matteuccia struthiopteris (strutbräken, LC, 2024); Hydnellum peckii (skarp dropptaggsvamp, NT, 2025)";"Hepatica nobilis (blåsippa, LC, fridlyst, 2024); Natrix natrix (vanlig snok, LC, fridlyst, 2026); Platanthera chlorantha (grönvit nattviol, LC, fridlyst, 2025); Cygnus cygnus (sångsvan, LC, prio. fågel, 2026); Dryocopus martius (spillkråka, LC, prio. fågel, 2026); Grus grus (trana, LC, prio. fågel, 2021); Anas crecca (kricka, NT, prio. fågel, 2025); Gallinago gallinago (enkelbeckasin, NT, prio. fågel, 2026); Motacilla alba (sädesärla, NT, prio. fågel, 2025); Turdus iliacus (rödvingetrast, NT, prio. fågel, 2024); Sturnus vulgaris (stare, VU, prio. fågel, 2026); Antitrichia curtipendula (fällmossa, LC, 2026)";539752;6468453;15.67926;58.35516
139;3;"Bevaka; begär tillsyn om avverkning inte skett";A 26385-2023;NORRKÖPING;Avverkning tillåten: äldre anmälan;Mycket hög;124;2023-06-09;-1143;2028-06-07;9;8.95599350301088;Föryngringsavverkning;Normal skog;FALSE;TRUE;"prioriterad fågelart inom området (4 §); hotad art (CR/EN/VU) inom området; hög skog >= 20 m på 77 %; Natura 2000 inom 374 m (Algutsbo)";0;0;1;1;4;42;0.000794827422014107;45.2;0;0.773;374;Algutsbo;360;Getåravinen;"Poecile montanus (talltita, NT, prio. fågel, 2023); Antitrichia curtipendula (fällmossa, LC, 2022); Hertelidea botryosa (vedskivlav, NT, 2026); Coronella austriaca (hasselsnok, VU, 2015)";"Caprimulgus europaeus (nattskärra, LC, prio. fågel, 2016); Grus grus (trana, LC, prio. fågel, 2023); Emberiza citrinella (gulsparv, NT, prio. fågel, 2016); Ulota crispa (amforamossa, DD, 2015); Bacidia laurocerasi (granlundlav, EN, 2015); Alleniella complanata (platt fjädermossa, LC, 2015); Frullania tamarisci (klippfrullania, LC, 2022); Homalothecium sericeum (guldlockmossa, LC, 2022); Lejeunea cavifolia (blåsfliksmossa, LC, 2015); Lopadium disciforme (barkkornlav, LC, 2015); Nephroma parile (bårdlav, LC, 2022); Phaeolus schweinitzii (grovticka, LC, 2022)";574116;6505390;16.27835;58.68236
140;3;"Bevaka; begär tillsyn om avverkning inte skett";A 34439-2023;NORRKÖPING;Avverkning tillåten: äldre anmälan;Mycket hög;122.5;2023-07-26;-1096;2028-07-24;3.5;3.53143920590635;Föryngringsavverkning;Normal skog;FALSE;TRUE;"rödlistad/bilaga IV-fridlyst art inom området (6/8 §); hotad art (CR/EN/VU) inom området; nyckelbiotop överlappar; hög skog >= 20 m på 89 %";0;1;0;1;4;25;0.910957265158246;21.5;0;0.89;1572;Krankensjöarnas sumpskogar;1826;Krankenbäcken;"Goodyera repens (knärot, VU, fridlyst, 2014); Lactarius scrobiculatus (svavelriska, LC, 2014); Pyrola chlorantha (grönpyrola, LC, 2025); Sparassis crispa (blomkålssvamp, LC, 2014)";"Hydnellum fennicum (bitter taggsvamp, EN, 2012); Hydnellum versipelle (brödtaggsvamp, EN, 2012); Leucobryum glaucum (blåmossa, LC, 2024); Hydnellum aurantiacum (orange taggsvamp, NT, 2012); Hydnellum ferrugineum (dropptaggsvamp, NT, 2024); Hydnellum peckii (skarp dropptaggsvamp, NT, 2014); Hydnellum suaveolens (dofttaggsvamp, NT, 2012); Phellodon melaleucus (svartvit taggsvamp, NT, 2014)";576532;6510522;16.32173;58.72802
141;3;"Bevaka; begär tillsyn om avverkning inte skett";A 37278-2023;ÅTVIDABERG;Avverkning tillåten: äldre anmälan;Mycket hög;122.1;2023-08-18;-1073;2028-08-16;0.1;0.0890724918494001;Föryngringsavverkning;Normal skog;FALSE;TRUE;"art i bilaga IV inom 150 m (4 a §); rödlistad/bilaga IV-fridlyst art inom 150 m (6/8 §, buffertzon); prioriterad fågelart inom området (4 §); hög skog >= 20 m på 100 %";0;0;3;0;3;89;0;55;0;1;6535;Vegalla;303;Långdalsgölen;"Dryocopus martius (spillkråka, LC, prio. fågel, 2026); Tetrastes bonasia (järpe, LC, prio. fågel, 2024); Poecile montanus (talltita, NT, prio. fågel, 2026)";"Buxbaumia viridis (grön sköldmossa, LC, bil. IV, fridlyst, 2026); Goodyera repens (knärot, VU, fridlyst, 2026); Tetrao urogallus (tjäder, LC, prio. fågel, 2026); Haliaeetus albicilla (havsörn, LC, prio. fågel, 2026); Dryobates minor (mindre hackspett, NT, prio. fågel, 2026); Hydnellum auratile (brandtaggsvamp, EN, 2017); Dicranum flagellare (flagellkvastmossa, LC, 2017); Leucobryum glaucum (blåmossa, LC, 2026); Odontoschisma denudatum (kornknutmossa, LC, 2025); Rhytidiadelphus loreus (västlig hakmossa, LC, 2021); Tomicus minor (mindre märgborre, LC, 2026); Dicranodontium denudatum (skuggmossa, LC, 2017)";562469;6464878;16.06641;58.32041
142;3;"Bevaka; begär tillsyn om avverkning inte skett";A 14941-2026;KINDA;Avverkning tillåten: äldre anmälan;Mycket hög;121.7;2026-03-23;-125;2031-03-22;9.7;9.65692492962405;Föryngringsavverkning;Normal skog;FALSE;TRUE;"rödlistad/bilaga IV-fridlyst art inom området (6/8 §); prioriterad fågelart inom området (4 §); hotad art (CR/EN/VU) inom området; hög skog >= 20 m på 98 %";0;1;1;1;4;8;0;59.7;0;0.979;1206;Jonsbo;6575;Ryda;"Goodyera repens (knärot, VU, fridlyst, 2026); Dryocopus martius (spillkråka, LC, prio. fågel, 2026); Pyrola chlorantha (grönpyrola, LC, 2026); Porodaedalea pini (tallticka, NT, 2026)";"";546585;6425353;15.78741;57.96741
143;3;"Bevaka; begär tillsyn om avverkning inte skett";A 34707-2025;ÅTVIDABERG;Avverkning tillåten: äldre anmälan;Mycket hög;117.2;2025-07-10;-381;2030-07-09;1.2;1.17003548489581;Föryngringsavverkning;Normal skog;FALSE;TRUE;"rödlistad/bilaga IV-fridlyst art inom området (6/8 §); prioriterad fågelart inom området (4 §); hotad art (CR/EN/VU) inom området; hög skog >= 20 m på 94 %";0;1;2;1;6;18;0;15.9;0;0.942;3418;Åtvidsnäs;3418;Åtvidsnäs;"Goodyera repens (knärot, VU, fridlyst, 2026); Dryocopus martius (spillkråka, LC, prio. fågel, 2025); Poecile montanus (talltita, NT, prio. fågel, 2025); Herzogiella seligeri (stubbspretmossa, LC, 2026); Phaeolus schweinitzii (grovticka, LC, 2025); Pyrola chlorantha (grönpyrola, LC, 2025)";Sarcodon squamosus (motaggsvamp, NT, 2025);562446;6454115;16.06313;58.22376
144;3;"Bevaka; begär tillsyn om avverkning inte skett";A 9192-2025;LINKÖPING;Avverkning tillåten: äldre anmälan;Mycket hög;116;2025-02-26;-515;2030-02-25;17.1;17.3616933999945;Föryngringsavverkning;Normal skog;FALSE;TRUE;"rödlistad/bilaga IV-fridlyst art inom området (6/8 §); prioriterad fågelart inom 150 m (4 §); hög skog >= 20 m på 99 %";0;1;0;0;4;15;0;55.4;0;0.988;5555;Älgbosätter;5771;Limmernskogarna;"Dactylorhiza maculata (fläcknycklar, LC, fridlyst, 2022); Epipactis atrorubens (purpurknipprot, LC, fridlyst, 2025); Geoglossum umbratile (svart jordtunga, LC, 2022); Pyrola chlorantha (grönpyrola, LC, 2025)";"Goodyera repens (knärot, VU, fridlyst, 2025); Dryocopus martius (spillkråka, LC, prio. fågel, 2024); Milvus milvus (röd glada, LC, prio. fågel, 2024); Aquila chrysaetos (kungsörn, NT, prio. fågel, 2022); Poecile montanus (talltita, NT, prio. fågel, 2024); Poecile palustris (entita, NT, prio. fågel, 2024)";531645;6458429;15.53938;58.2658
145;3;"Bevaka; begär tillsyn om avverkning inte skett";A 2165-2022;NORRKÖPING;Avverkning tillåten: äldre anmälan;Mycket hög;114.1;2022-01-17;-1651;2027-01-16;1.8;2.08464506500158;Föryngringsavverkning;Normal skog;FALSE;TRUE;"rödlistad/bilaga IV-fridlyst art inom området (6/8 §); prioriterad fågelart inom området (4 §); hög skog >= 20 m på 98 %; Natura 2000 inom 335 m (Ljusfors)";0;2;1;0;6;55;0.0152818429290648;54.9;0.03;0.976;335;Ljusfors;335;Ljusfors;"Epipactis atrorubens (purpurknipprot, LC, fridlyst, 2024); Hepatica nobilis (blåsippa, LC, fridlyst, 2022); Cephalanthera rubra (röd skogslilja, NT, fridlyst, 2011); Dryocopus martius (spillkråka, LC, prio. fågel, 2022); Herzogiella seligeri (stubbspretmossa, LC, 2022); Microbregma emarginatum (granbarkgnagare, LC, 2022)";"Antitrichia curtipendula (fällmossa, LC, 2022); Matteuccia struthiopteris (strutbräken, LC, 2022); Sarcoscypha austriaca (scharlakansskål, LC, 2020); Porodaedalea pini (tallticka, NT, 2025)";551273;6493963;15.88182;58.58305
146;3;"Bevaka; begär tillsyn om avverkning inte skett";A 16704-2025;YDRE;Avverkning tillåten: äldre anmälan;Mycket hög;113.5;2025-04-07;-475;2030-04-06;0.5;0.497754280851409;Föryngringsavverkning;Normal skog;FALSE;TRUE;"art i bilaga IV inom området (4 a §); rödlistad/bilaga IV-fridlyst art inom området (6/8 §); hög skoglig naturvärdessannolikhet (HCVF 71); hög skog >= 20 m på 100 %";1;1;0;0;1;2;0;70.8;0;0.997;2246;Rosebo;758;Svensbo lövskog;Buxbaumia viridis (grön sköldmossa, LC, bil. IV, fridlyst, 2015);"";508848;6428748;15.1497;58.00025
147;3;"Bevaka; begär tillsyn om avverkning inte skett";A 58806-2022;FINSPÅNG;Avverkning tillåten: äldre anmälan;Mycket hög;113;2022-12-08;-1326;2027-12-07;3;2.96324199999066;Föryngringsavverkning;Normal skog;FALSE;TRUE;"rödlistad/bilaga IV-fridlyst art inom området (6/8 §); hotad art (CR/EN/VU) inom området; naturvårdsavtal/biotopskydd överlappar; hög skoglig naturvärdessannolikhet (HCVF 71); hög skog >= 20 m på 95 %";0;1;0;1;2;3;0;70.9;0;0.952;2836;Motala äng;2935;Brevens tallskogar;"Goodyera repens (knärot, VU, fridlyst, 2025); Dicranum flagellare (flagellkvastmossa, LC, 2025)";Sarcodon squamosus (motaggsvamp, NT, 2025);540655;6534861;15.70664;58.95146
148;3;"Bevaka; begär tillsyn om avverkning inte skett";A 17466-2026;NORRKÖPING;Avverkning tillåten: äldre anmälan;Mycket hög;111.8;2026-04-08;-109;2031-04-07;2.7;2.75887642001264;Föryngringsavverkning;Normal skog;FALSE;TRUE;"rödlistad/bilaga IV-fridlyst art inom 150 m (6/8 §, buffertzon); prioriterad fågelart inom området (4 §); hög skog >= 20 m på 84 %";0;0;1;0;6;43;0;58.9;0;0.835;721;Skriketorpsravinen;189;Dvardalaskogen;"Dryocopus martius (spillkråka, LC, prio. fågel, 2026); Dicranum flagellare (flagellkvastmossa, LC, 2026); Leucobryum glaucum (blåmossa, LC, 2026); Microbregma emarginatum (granbarkgnagare, LC, 2026); Tomicus minor (mindre märgborre, LC, 2026); Porodaedalea pini (tallticka, NT, 2026)";"Natrix natrix (vanlig snok, LC, fridlyst, 2026); Zootoca vivipara (skogsödla, LC, fridlyst, 2026); Anguis fragilis (kopparödla, LC, fridlyst, 2026); Bufo bufo (vanlig padda, LC, fridlyst, 2026); Vipera berus (huggorm, LC, fridlyst, 2026); Goodyera repens (knärot, VU, fridlyst, 2026); Emberiza schoeniclus (sävsparv, LC, prio. fågel, 2020); Gavia stellata (smålom, LC, prio. fågel, 2022); Poecile montanus (talltita, NT, prio. fågel, 2026); Poecile palustris (entita, NT, prio. fågel, 2026); Prunella modularis (järnsparv, NT, prio. fågel, 2026); Chloris chloris (grönfink, VU, prio. fågel, 2026)";567590;6505660;16.16589;58.68586
149;3;"Bevaka; begär tillsyn om avverkning inte skett";A 11738-2026;ÅTVIDABERG;Avverkning tillåten: äldre anmälan;Mycket hög;111.6;2026-03-03;-145;2031-03-02;1.6;1.55665883499545;Föryngringsavverkning;Normal skog;FALSE;TRUE;"rödlistad/bilaga IV-fridlyst art inom området (6/8 §); prioriterad fågelart inom området (4 §); hotad art (CR/EN/VU) inom området; hög skog >= 20 m på 98 %";0;1;1;1;4;25;0;10.1;0;0.975;4055;Vegalla;292;Mörkedal;"Goodyera repens (knärot, VU, fridlyst, 2026); Dryocopus martius (spillkråka, LC, prio. fågel, 2026); Leucobryum glaucum (blåmossa, LC, 2026); Tomicus minor (mindre märgborre, LC, 2026)";"Cladonia parasitica (dvärgbägarlav, NT, 2026); Hertelidea botryosa (vedskivlav, NT, 2026); Porodaedalea pini (tallticka, NT, 2026); Crossocalyx hellerianus (vedtrappmossa, NT, 2026); Felipes leucopellaeus (kattfotslav, NT, 2026); Phellinidium ferrugineofuscum (ullticka, NT, 2026)";565206;6465571;16.11331;58.32624
150;3;"Bevaka; begär tillsyn om avverkning inte skett";A 62741-2025;BOXHOLM;Avverkning tillåten: äldre anmälan;Mycket hög;109.3;2025-12-17;-221;2030-12-16;0.3;0.288570094998954;Avverkning för att bevara och utveckla /försöksver;Normal skog;FALSE;TRUE;"rödlistad/bilaga IV-fridlyst art inom 150 m (6/8 §, buffertzon); hotad art (CR/EN/VU) inom området; ädellövskog 23 %; hög skog >= 20 m på 93 %";0;0;0;1;7;41;0;42.6;0.234;0.932;5156;Stortorp;6;Bäck;"Hepatica nobilis (blåsippa, LC, fridlyst, 2023); Fraxinus excelsior (ask, EN, 2014); Alleniella complanata (platt fjädermossa, LC, 2022); Antitrichia curtipendula (fällmossa, LC, 2022); Homalothecium sericeum (guldlockmossa, LC, 2022); Cliostomum corrugatum (gul dropplav, NT, 2022); Fistulina hepatica (oxtungssvamp, NT, 2022)";"Pulsatilla vulgaris (backsippa, VU, fridlyst, 2014); Anthemis arvensis (åkerkulla, NT, 2012); Carex caryophyllea (vårstarr, NT, 2012); Hypochaeris maculata (slåtterfibbla, NT, 2014); Phleum phleoides (flentimotej, NT, 2014); Trifolium aureum (gullklöver, NT, 2012); Trifolium montanum (backklöver, NT, 2020)";500265;6452881;15.00451;58.2171
151;3;"Bevaka; begär tillsyn om avverkning inte skett";A 55723-2022;FINSPÅNG;Avverkning tillåten: äldre anmälan;Mycket hög;107.3;2022-11-23;-1341;2027-11-22;4.1;4.28880155500269;Avverkning för att bevara och utveckla /försöksver;Ädellövskog;FALSE;TRUE;"allmän fridlyst art (t.ex. orkidé) inom 150 m, ej utlösande; prioriterad fågelart inom 150 m (4 §); hotad art (CR/EN/VU) inom området; hög skoglig naturvärdessannolikhet (HCVF 81); ädellövskog 82 %; hög skog >= 20 m på 86 %";0;0;0;1;6;19;0;81.1;0.824;0.859;5074;Ölstadsjön;899;Torstorpeskogen;"Hepatica nobilis (blåsippa, LC, fridlyst, 2021); Fraxinus excelsior (ask, EN, 2021); Acolium inquinans (sotlav, LC, 2025); Antitrichia curtipendula (fällmossa, LC, 2025); Eptesicus nilssonii (nordfladdermus, NT, 2022); Fomitiporia robusta (ekticka, NT, 2025)";"Anguis fragilis (kopparödla, LC, fridlyst, 2026); Bufo bufo (vanlig padda, LC, fridlyst, 2021); Dryocopus martius (spillkråka, LC, prio. fågel, 2021); Inocutis rheades (rävticka, LC, 2023)";542559;6507074;15.73444;58.70173
152;3;"Bevaka; begär tillsyn om avverkning inte skett";A 49715-2024;MOTALA;Avverkning tillåten: äldre anmälan;Mycket hög;107.1;2024-10-31;-633;2029-10-30;12.2;14.0748986250025;Föryngringsavverkning;Normal skog;FALSE;TRUE;"prioriterad fågelart inom området (4 §); hög skog >= 20 m på 75 %";0;0;3;0;7;20;0;52.2;0.004;0.753;1808;Bredsjömossen;1804;Kristineberg;"Dryocopus martius (spillkråka, LC, prio. fågel, 2024); Lyrurus tetrix (orre, LC, prio. fågel, 2025); Poecile montanus (talltita, NT, prio. fågel, 2024); Dicranum flagellare (flagellkvastmossa, LC, 2025); Phaeolus schweinitzii (grovticka, LC, 2024); Hydnellum ferrugineum (dropptaggsvamp, NT, 2025); Sarcodon squamosus (motaggsvamp, NT, 2024)";"Grus grus (trana, LC, prio. fågel, 2026); Lullula arborea (trädlärka, LC, prio. fågel, 2026); Microbregma emarginatum (granbarkgnagare, LC, 2024); Alectoria sarmentosa (garnlav, VU, 2024)";509977;6514263;15.1725;58.76827
153;3;"Bevaka; begär tillsyn om avverkning inte skett";A 10406-2025;LINKÖPING;Avverkning tillåten: äldre anmälan;Mycket hög;106.2;2025-03-04;-509;2030-03-03;3.2;3.24262123835329;Avverkning för att bevara och utveckla /försöksver;Normal skog;FALSE;TRUE;"prioriterad fågelart inom 150 m (4 §); hotad art (CR/EN/VU) inom området; nyckelbiotop överlappar; ädellövskog 49 %; hög skog >= 20 m på 81 %";0;0;0;1;4;9;0.302424233384113;52.9;0.486;0.814;6330;Ramshult;6699;Limmernskogarna;"Cliostomum corrugatum (gul dropplav, NT, 2022); Fistulina hepatica (oxtungssvamp, NT, 2011); Scorzonera humilis (svinrot, NT, 2022); Calicium quercinum (ekspik, VU, 2011)";Glaucidium passerinum (sparvuggla, NT, prio. fågel, 2014);524171;6456583;15.41179;58.24969
154;3;"Bevaka; begär tillsyn om avverkning inte skett";A 56971-2025;NORRKÖPING;Avverkning tillåten: äldre anmälan;Mycket hög;106;2025-11-17;-251;2030-11-16;9;8.98094324246943;Föryngringsavverkning;Normal skog;FALSE;TRUE;"rödlistad/bilaga IV-fridlyst art inom området (6/8 §); hotad art (CR/EN/VU) inom området; hög skog >= 20 m på 60 %";0;1;0;1;2;18;0;68.6;0.003;0.604;5496;Stora Rimmö;5496;Stora Rimmö;"Goodyera repens (knärot, VU, fridlyst, 2024); Porodaedalea pini (tallticka, NT, 2024)";Lucanus cervus (ekoxe, LC, fridlyst, 2020);610441;6483465;16.89387;58.47782
155;3;"Bevaka; begär tillsyn om avverkning inte skett";A 42434-2025;NORRKÖPING;Avverkning tillåten: äldre anmälan;Mycket hög;105.6;2025-09-05;-324;2030-09-04;1.1;1.56893505999792;Föryngringsavverkning;Normal skog;FALSE;TRUE;"rödlistad/bilaga IV-fridlyst art inom 150 m (6/8 §, buffertzon); hög skoglig naturvärdessannolikhet (HCVF 78); hög skog >= 20 m på 59 %; Natura 2000 inom 0 m (Rödgölen-Svartgölen)";0;0;0;0;3;50;0;78.3;0;0.587;0;Rödgölen-Svartgölen;0;Rödgölen;"Homalothecium sericeum (guldlockmossa, LC, 2021); Pyrola chlorantha (grönpyrola, LC, 2024); Hertelidea botryosa (vedskivlav, NT, 2023)";"Goodyera repens (knärot, VU, fridlyst, 2024); Leucobryum glaucum (blåmossa, LC, 2024); Dicranum flagellare (flagellkvastmossa, LC, 2023); Phaeolus schweinitzii (grovticka, LC, 2021); Pseudomerulius aureus (gullgröppa, LC, 2021); Rhytidiadelphus loreus (västlig hakmossa, LC, 2023); Tomicus minor (mindre märgborre, LC, 2023); Microcalicium ahlneri (kortskaftad ärgspik, NT, 2023)";565932;6506469;16.13754;58.69338
156;3;"Bevaka; begär tillsyn om avverkning inte skett";A 5412-2026;SÖDERKÖPING;Avverkning tillåten: äldre anmälan;Mycket hög;104.7;2026-01-28;-179;2031-01-27;11.8;11.7453992798084;Föryngringsavverkning;Normal skog;FALSE;TRUE;"art i bilaga IV inom 150 m (4 a §); rödlistad/bilaga IV-fridlyst art inom 150 m (6/8 §, buffertzon); prioriterad fågelart inom 150 m (4 §); hög skog >= 20 m på 81 %; Natura 2000 inom 359 m (Passdalsån)";0;0;0;0;0;18;2.02647424724333e-05;40.4;0.01;0.814;359;Passdalsån;0;Korsnäs;"";"Osmoderma eremita (läderbagge, VU, bil. IV, fridlyst, 2016); Hepatica nobilis (blåsippa, LC, fridlyst, 2021); Grus grus (trana, LC, prio. fågel, 2020); Scorzonera humilis (svinrot, NT, 2021); Carex caryophyllea (vårstarr, NT, 2020); Larca lata (gammelekklokrypare, NT, 2016); Porodaedalea pini (tallticka, NT, 2023)";596991;6467084;16.65642;58.33395
157;3;"Bevaka; begär tillsyn om avverkning inte skett";A 927-2026;LINKÖPING;Avverkning tillåten: äldre anmälan;Mycket hög;104.4;2026-01-08;-199;2031-01-07;1.4;1.38260826060083;Avverkning för att bevara och utveckla /försöksver;Normal skog;FALSE;TRUE;"prioriterad fågelart inom 150 m (4 §); nyckelbiotop överlappar; hög skoglig naturvärdessannolikhet (HCVF 73); ädellövskog 69 %; hög skog >= 20 m på 87 %; Natura 2000 inom 67 m (Västerby)";0;0;0;0;0;30;0.372932245870963;73.3;0.69;0.874;67;Västerby;67;Västerby lövskogar;"";"Motacilla alba (sädesärla, NT, prio. fågel, 2024); Turdus iliacus (rödvingetrast, NT, prio. fågel, 2024); Acolium inquinans (sotlav, LC, 2015); Antitrichia curtipendula (fällmossa, LC, 2015); Arthonia vinosa (rostfläck, LC, 2015); Homalothecium sericeum (guldlockmossa, LC, 2015); Actaea spicata (svart trolldruva, LC, 2022); Scorzonera humilis (svinrot, NT, 2022)";539948;6456661;15.68058;58.24924
158;3;"Bevaka; begär tillsyn om avverkning inte skett";A 61791-2025;BOXHOLM;Avverkning tillåten: äldre anmälan;Mycket hög;104.2;2025-12-11;-227;2030-12-10;3.2;3.19022644501321;Föryngringsavverkning;Normal skog;FALSE;TRUE;"prioriterad fågelart inom området (4 §); hotad art (CR/EN/VU) inom området; hög skog >= 20 m på 99 %; Natura 2000 inom 373 m (Klämmesmålen)";0;0;5;1;5;15;0;35;0;0.987;373;Klämmesmålen;373;Klämmesmålens odlingslandskap;"Cygnus cygnus (sångsvan, LC, prio. fågel, 2021); Dryocopus martius (spillkråka, LC, prio. fågel, 2026); Emberiza citrinella (gulsparv, NT, prio. fågel, 2023); Poecile montanus (talltita, NT, prio. fågel, 2026); Chloris chloris (grönfink, VU, prio. fågel, 2022)";Grus grus (trana, LC, prio. fågel, 2026);495358;6444914;14.92115;58.14552
159;3;"Bevaka; begär tillsyn om avverkning inte skett";A 12247-2026;LINKÖPING;Avverkning tillåten: äldre anmälan;Mycket hög;103.9;2026-03-06;-142;2031-03-05;0.9;0.910464564999886;Föryngringsavverkning;Normal skog;FALSE;TRUE;"rödlistad/bilaga IV-fridlyst art inom 150 m (6/8 §, buffertzon); prioriterad fågelart inom området (4 §); hög skoglig naturvärdessannolikhet (HCVF 73); hög skog >= 20 m på 100 %; Natura 2000 inom 342 m (Stafsäter)";0;0;1;0;2;24;0;72.9;0.067;0.998;342;Stafsäter;342;Stafsäters lövskog;"Dryocopus martius (spillkråka, LC, prio. fågel, 2026); Crossocalyx hellerianus (vedtrappmossa, NT, 2026)";"Lucanus cervus (ekoxe, LC, fridlyst, 2026); Actaea spicata (svart trolldruva, LC, 2022)";540034;6463465;15.68321;58.31034
160;3;"Bevaka; begär tillsyn om avverkning inte skett";A 10676-2022;FINSPÅNG;Avverkning tillåten: äldre anmälan;Mycket hög;103.5;2022-03-04;-1605;2027-03-03;4.5;4.53251479000864;Avverkning för att bevara och utveckla /försöksver;Normal skog;FALSE;TRUE;"art i bilaga IV inom 150 m (4 a §); rödlistad/bilaga IV-fridlyst art inom 150 m (6/8 §, buffertzon); hög skog >= 20 m på 92 %";0;0;0;0;10;33;0;33.2;0;0.917;5637;Magnehults domänreservat;1891;Hjälmstorpenäs;"Peltis ferruginea (vanlig flatbagge, LC, 2022); Phaeolus schweinitzii (grovticka, LC, 2023); Sparassis crispa (blomkålssvamp, LC, 2018); Tomicus minor (mindre märgborre, LC, 2023); Carbonicola anthracophila (kolflarnlav, NT, 2022); Cladonia parasitica (dvärgbägarlav, NT, 2022); Hertelidea botryosa (vedskivlav, NT, 2018); Hydnellum ferrugineum (dropptaggsvamp, NT, 2023); Porodaedalea pini (tallticka, NT, 2025); Sarcodon squamosus (motaggsvamp, NT, 2019)";"Buxbaumia viridis (grön sköldmossa, LC, bil. IV, fridlyst, 2023); Goodyera repens (knärot, VU, fridlyst, 2023); Leptogium saturninum (skinnlav, LC, 2023); Pyrola chlorantha (grönpyrola, LC, 2023); Hydnellum peckii (skarp dropptaggsvamp, NT, 2023); Hypochaeris maculata (slåtterfibbla, NT, 2022); Hydnellum aurantiacum (orange taggsvamp, NT, 2023)";556004;6514762;15.96834;58.76924
161;3;"Bevaka; begär tillsyn om avverkning inte skett";A 3902-2024;FINSPÅNG;Avverkning tillåten: äldre anmälan;Mycket hög;101.9;2024-01-31;-907;2029-01-29;6.9;6.92032614002532;Föryngringsavverkning;Normal skog;FALSE;TRUE;"allmän fridlyst art (t.ex. orkidé) inom 150 m, ej utlösande; prioriterad fågelart inom området (4 §); hotad art (CR/EN/VU) inom området; hög skog >= 20 m på 89 %";0;0;5;1;6;27;0;29.2;0;0.889;4019;Tyresfall;3456;Brevens tallskogar;"Zootoca vivipara (skogsödla, LC, fridlyst, 2021); Dryocopus martius (spillkråka, LC, prio. fågel, 2023); Haliaeetus albicilla (havsörn, LC, prio. fågel, 2023); Lullula arborea (trädlärka, LC, prio. fågel, 2022); Emberiza citrinella (gulsparv, NT, prio. fågel, 2022); Apus apus (tornseglare, VU, prio. fågel, 2022)";"Milvus milvus (röd glada, LC, prio. fågel, 2022); Tetrao urogallus (tjäder, LC, prio. fågel, 2023); Poecile montanus (talltita, NT, prio. fågel, 2022); Plecotus auritus (brunlångöra, NT, 2023)";533563;6531756;15.58291;58.92419
162;3;"Bevaka; begär tillsyn om avverkning inte skett";A 49142-2023;FINSPÅNG;Avverkning tillåten: äldre anmälan;Mycket hög;101.3;2023-10-11;-1019;2028-10-09;12.3;12.3410223150135;Föryngringsavverkning;Normal skog;FALSE;TRUE;"prioriterad fågelart inom området (4 §); hotad art (CR/EN/VU) inom området; hög skog >= 20 m på 54 %";0;0;2;1;11;17;0;43.8;0;0.543;2256;Motala äng;681;Brevens tallskogar;"Dryocopus martius (spillkråka, LC, prio. fågel, 2026); Poecile montanus (talltita, NT, prio. fågel, 2026); Meruliopsis taxicola (blodticka, LC, 2026); Synanthedon scoliaeformis (dolkstekelsglasvinge, LC, 2026); Tomicus minor (mindre märgborre, LC, 2026); Callidium aeneum (grönhjon, NT, 2026); Cladonia parasitica (dvärgbägarlav, NT, 2026); Hertelidea botryosa (vedskivlav, NT, 2026); Leptoporus mollis (kötticka, NT, 2026); Porodaedalea pini (tallticka, NT, 2026); Tragosoma depsarium (raggbock, VU, 2026)";Artomyces pyxidatus (kandelabersvamp, NT, 2017);538431;6535734;15.66814;58.9595
163;3;"Bevaka; begär tillsyn om avverkning inte skett";A 43507-2024;VALDEMARSVIK;Avverkning tillåten: äldre anmälan;Mycket hög;101.1;2024-10-04;-660;2029-10-03;6.1;6.11764120106022;Föryngringsavverkning;Normal skog;FALSE;TRUE;"rödlistad/bilaga IV-fridlyst art inom 150 m (6/8 §, buffertzon); prioriterad fågelart inom området (4 §); hög skog >= 20 m på 79 %";0;0;3;0;5;17;0;66.2;0;0.793;3890;Passdalsån;290;Ramshults tallskogar;"Dryocopus martius (spillkråka, LC, prio. fågel, 2024); Dryobates minor (mindre hackspett, NT, prio. fågel, 2024); Poecile montanus (talltita, NT, prio. fågel, 2024); Leucobryum glaucum (blåmossa, LC, 2024); Pseudomerulius aureus (gullgröppa, LC, 2024)";"Lycopodium clavatum (mattlummer, LC, fridlyst, 2024); Goodyera repens (knärot, VU, fridlyst, 2024); Hydnellum peckii (skarp dropptaggsvamp, NT, 2012); Porodaedalea pini (tallticka, NT, 2012)";593345;6465310;16.59347;58.31881
164;3;"Bevaka; begär tillsyn om avverkning inte skett";A 11033-2026;LINKÖPING;Avverkning tillåten: äldre anmälan;Mycket hög;100.9;2026-02-26;-150;2031-02-25;7.9;7.9094501700012;Föryngringsavverkning;Normal skog;FALSE;TRUE;"art i bilaga IV inom 150 m (4 a §); rödlistad/bilaga IV-fridlyst art inom 150 m (6/8 §, buffertzon); prioriterad fågelart inom 150 m (4 §); hög skog >= 20 m på 99 %; Natura 2000 inom 18 m (Säby Västerskog)";0;0;0;0;0;43;0;59.9;0.001;0.993;18;Säby Västerskog;18;Säby Västerskog;"";"Buxbaumia viridis (grön sköldmossa, LC, bil. IV, fridlyst, 2023); Lucanus cervus (ekoxe, LC, fridlyst, 2026); Goodyera repens (knärot, VU, fridlyst, 2026); Dryocopus martius (spillkråka, LC, prio. fågel, 2025); Dicranum flagellare (flagellkvastmossa, LC, 2023); Herzogiella seligeri (stubbspretmossa, LC, 2025); Homalothecium sericeum (guldlockmossa, LC, 2025); Microbregma emarginatum (granbarkgnagare, LC, 2021); Odontoschisma denudatum (kornknutmossa, LC, 2023); Phaeolus schweinitzii (grovticka, LC, 2023); Tomicus minor (mindre märgborre, LC, 2026); Chrysosplenium alternifolium (gullpudra, NT, 2026)";544864;6457291;15.76444;58.25442
165;3;"Bevaka; begär tillsyn om avverkning inte skett";A 6035-2022;FINSPÅNG;Avverkning tillåten: äldre anmälan;Mycket hög;99.8;2022-02-07;-1630;2027-02-06;0.6;0.841896055005305;Föryngringsavverkning;Normal skog;FALSE;TRUE;"art i bilaga IV inom området (4 a §); rödlistad/bilaga IV-fridlyst art inom området (6/8 §); prioriterad fågelart inom 150 m (4 §); hög skog >= 20 m på 91 %";1;1;0;0;1;3;0;45.3;0;0.908;2804;Magnehults domänreservat;2753;Magnehults domänreservat;Leucorrhinia caudalis (bred kärrtrollslända, LC, bil. IV, fridlyst, 2021);Aquila chrysaetos (kungsörn, NT, prio. fågel, 2021);562420;6519178;16.08049;58.80801
166;3;"Bevaka; begär tillsyn om avverkning inte skett";A 1075-2022;VALDEMARSVIK;Avverkning tillåten: äldre anmälan;Mycket hög;99.3;2022-01-10;-1658;2027-01-09;2.3;2.30545019825964;Föryngringsavverkning;Normal skog;FALSE;TRUE;"rödlistad/bilaga IV-fridlyst art inom området (6/8 §); prioriterad fågelart inom 150 m (4 §); hotad art (CR/EN/VU) inom området; hög skog >= 20 m på 93 %";0;1;0;1;3;13;0;41.9;0;0.928;6205;Ramsdal;5537;Ramshults tallskogar;"Goodyera repens (knärot, VU, fridlyst, 2022); Pyrola chlorantha (grönpyrola, LC, 2022); Porodaedalea pini (tallticka, NT, 2026)";"Haliaeetus albicilla (havsörn, LC, prio. fågel, 2025); Arthonia vinosa (rostfläck, LC, 2022); Leucobryum glaucum (blåmossa, LC, 2022); Tomicus minor (mindre märgborre, LC, 2022); Hydnellum ferrugineum (dropptaggsvamp, NT, 2026)";595450;6459592;16.62703;58.26702
167;3;"Bevaka; begär tillsyn om avverkning inte skett";A 30472-2023;ÅTVIDABERG;Avverkning tillåten: äldre anmälan;Mycket hög;99.2;2023-07-04;-1118;2028-07-02;12.2;12.2110518032378;Föryngringsavverkning;Normal skog;FALSE;TRUE;"art i bilaga IV inom området (4 a §); rödlistad/bilaga IV-fridlyst art inom området (6/8 §); hög skog >= 20 m på 95 %";1;1;0;0;1;4;0;64.5;0.002;0.952;2024;Åtvidsnäs;2024;Åtvidsnäs;Rana arvalis (åkergroda, LC, bil. IV, fridlyst, 2019);"";563748;6449498;16.08402;58.18211
168;3;"Bevaka; begär tillsyn om avverkning inte skett";A 40119-2025;BOXHOLM;Avverkning tillåten: äldre anmälan;Mycket hög;98.1;2025-08-25;-335;2030-08-24;1.1;1.07852890499989;Avverkning för att bevara och utveckla /försöksver;Normal skog;FALSE;TRUE;"art i bilaga IV inom 150 m (4 a §); rödlistad/bilaga IV-fridlyst art inom 150 m (6/8 §, buffertzon); nyckelbiotop överlappar; hög skog >= 20 m på 97 %";0;0;0;0;3;9;0.0750175826016463;68.4;0;0.973;2234;Bösebo;4720;Romanäs;"Hepatica nobilis (blåsippa, LC, fridlyst, 2018); Platanthera chlorantha (grönvit nattviol, LC, fridlyst, 2018); Actaea spicata (svart trolldruva, LC, 2018)";"Buxbaumia viridis (grön sköldmossa, LC, bil. IV, fridlyst, 2006); Herzogiella seligeri (stubbspretmossa, LC, 2006); Phaeolus schweinitzii (grovticka, LC, 2006); Porodaedalea pini (tallticka, NT, 2006); Sarcodon squamosus (motaggsvamp, NT, 2006)";504474;6440054;15.07591;58.10187
169;3;"Bevaka; begär tillsyn om avverkning inte skett";A 16606-2026;ÅTVIDABERG;Avverkning tillåten: äldre anmälan;Mycket hög;97.9;2026-03-31;-117;2031-03-30;0.9;0.922938039394153;Avverkning för annat ändamål;Normal skog;FALSE;TRUE;"art i bilaga IV inom 150 m (4 a §); rödlistad/bilaga IV-fridlyst art inom 150 m (6/8 §, buffertzon); prioriterad fågelart inom 150 m (4 §); hög skoglig naturvärdessannolikhet (HCVF 76); hög skog >= 20 m på 89 %";0;0;0;0;0;17;0;76.5;0.074;0.889;2005;Hägerstad;1364;Mörkviksbergen;"";"Buxbaumia viridis (grön sköldmossa, LC, bil. IV, fridlyst, 2026); Lycopodium clavatum (mattlummer, LC, fridlyst, 2026); Hepatica nobilis (blåsippa, LC, fridlyst, 2026); Goodyera repens (knärot, VU, fridlyst, 2026); Dryocopus martius (spillkråka, LC, prio. fågel, 2026); Poecile montanus (talltita, NT, prio. fågel, 2026); Leucobryum glaucum (blåmossa, LC, 2026); Tomicus minor (mindre märgborre, LC, 2026); Crossocalyx hellerianus (vedtrappmossa, NT, 2026); Porodaedalea pini (tallticka, NT, 2026); Phellopilus nigrolimitatus (gränsticka, VU, 2026)";577448;6447104;16.31613;58.15843
170;3;"Bevaka; begär tillsyn om avverkning inte skett";A 674-2026;ÅTVIDABERG;Avverkning tillåten: äldre anmälan;Mycket hög;97.8;2026-01-07;-200;2031-01-06;2.8;2.75819417084791;Föryngringsavverkning;Normal skog;FALSE;TRUE;"rödlistad/bilaga IV-fridlyst art inom 150 m (6/8 §, buffertzon); prioriterad fågelart inom området (4 §); hög skog >= 20 m på 98 %; Natura 2000 inom 0 m (Ekhultebergen)";0;0;1;0;1;23;0;56.2;0.039;0.984;0;Ekhultebergen;0;Ekhultebergen;Dryocopus martius (spillkråka, LC, prio. fågel, 2026);"Lucanus cervus (ekoxe, LC, fridlyst, 2022); Falco peregrinus (pilgrimsfalk, VU, prio. fågel, 2021); Porodaedalea pini (tallticka, NT, 2022)";572061;6445571;16.22413;58.14557
171;3;"Bevaka; begär tillsyn om avverkning inte skett";A 35760-2025;LINKÖPING;Avverkning tillåten: äldre anmälan;Mycket hög;97.7;2025-07-22;-369;2030-07-21;4.7;4.65797289498122;Avverkning för att bevara och utveckla /försöksver;Normal skog;FALSE;TRUE;"allmän fridlyst art (t.ex. orkidé) inom 150 m, ej utlösande; hotad art (CR/EN/VU) inom området; nyckelbiotop överlappar; ädellövskog 77 %; hög skog >= 20 m på 60 %";0;0;0;3;5;12;0.979616772372291;59.6;0.766;0.597;2844;Lunderna;5784;Sturefors;"Hepatica nobilis (blåsippa, LC, fridlyst, 2012); Tilia platyphyllos (bohuslind, CR, 2012); Fraxinus excelsior (ask, EN, 2012); Fomitiporia robusta (ekticka, NT, 2010); Inocutis dryophila (kärnticka, VU, 2010)";"";548976;6471228;15.83746;58.37915
172;3;"Bevaka; begär tillsyn om avverkning inte skett";A 11100-2025;NORRKÖPING;Avverkning tillåten: äldre anmälan;Mycket hög;97;2025-03-07;-506;2030-03-06;1.7;1.95388152999104;Föryngringsavverkning;Normal skog;FALSE;TRUE;"rödlistad/bilaga IV-fridlyst art inom 150 m (6/8 §, buffertzon); prioriterad fågelart inom området (4 §); hög skog >= 20 m på 94 %";0;0;1;0;6;33;0;46.1;0.057;0.941;1066;Glotternskogen;1066;Glotternskogen;"Hepatica nobilis (blåsippa, LC, fridlyst, 2026); Dryocopus martius (spillkråka, LC, prio. fågel, 2026); Alleniella complanata (platt fjädermossa, LC, 2025); Antitrichia curtipendula (fällmossa, LC, 2025); Homalia trichomanoides (trubbfjädermossa, LC, 2025); Homalothecium sericeum (guldlockmossa, LC, 2025)";"Natrix natrix (vanlig snok, LC, fridlyst, 2025); Goodyera repens (knärot, VU, fridlyst, 2026); Poecile montanus (talltita, NT, prio. fågel, 2026); Chloris chloris (grönfink, VU, prio. fågel, 2026); Daphne mezereum (tibast, LC, 2016); Lathraea squamaria (vätteros, LC, 2016)";567502;6510121;16.16571;58.72593
173;3;"Bevaka; begär tillsyn om avverkning inte skett";A 46766-2025;VALDEMARSVIK;Avverkning tillåten: äldre anmälan;Mycket hög;96.9;2025-09-26;-303;2030-09-25;1.9;1.93599194214653;Föryngringsavverkning;Normal skog;FALSE;TRUE;"rödlistad/bilaga IV-fridlyst art inom området (6/8 §); hotad art (CR/EN/VU) inom området; hög skog >= 20 m på 87 %; Natura 2000 inom 299 m (Harsbo-Sverkersholm)";0;1;0;1;4;8;0;35.2;0;0.874;299;Harsbo-Sverkersholm;299;Harsbo-Sverkersholm;"Lycopodium clavatum (mattlummer, LC, fridlyst, 2025); Goodyera repens (knärot, VU, fridlyst, 2025); Dicranum flagellare (flagellkvastmossa, LC, 2025); Herzogiella seligeri (stubbspretmossa, LC, 2025)";"";576422;6469826;16.30618;58.36263
174;3;"Bevaka; begär tillsyn om avverkning inte skett";A 10992-2026;SÖDERKÖPING;Avverkning tillåten: äldre anmälan;Mycket hög;96.9;2026-02-26;-150;2031-02-25;5.9;5.85068706423817;Avverkning för att bevara och utveckla /försöksver;Normal skog;FALSE;TRUE;"prioriterad fågelart inom 150 m (4 §); nyckelbiotop överlappar; ädellövskog 22 %; hög skog >= 20 m på 65 %; Natura 2000 inom 8 m (Passdalsån)";0;0;0;0;0;19;0.917423576942181;49.5;0.216;0.654;8;Passdalsån;0;Korsnäs;"";"Poecile palustris (entita, NT, prio. fågel, 2022); Salmo trutta (öring, NT, 2008)";597978;6466585;16.67307;58.32925
175;3;"Bevaka; begär tillsyn om avverkning inte skett";A 23969-2025;NORRKÖPING;Avverkning tillåten: äldre anmälan;Mycket hög;96;2025-05-19;-433;2030-05-18;2;1.96738096999209;Föryngringsavverkning;Normal skog;FALSE;TRUE;"rödlistad/bilaga IV-fridlyst art inom 150 m (6/8 §, buffertzon); prioriterad fågelart inom området (4 §); ädellövskog 28 %; hög skog >= 20 m på 97 %";0;0;1;0;1;21;0;32.2;0.285;0.968;3776;Mjälnäs sumpskog;3047;Klinta hällar;Haliaeetus albicilla (havsörn, LC, prio. fågel, 2021);"Hepatica nobilis (blåsippa, LC, fridlyst, 2022); Goodyera repens (knärot, VU, fridlyst, 2025); Dryocopus martius (spillkråka, LC, prio. fågel, 2026); Motacilla alba (sädesärla, NT, prio. fågel, 2023); Leucobryum glaucum (blåmossa, LC, 2025); Phellinidium ferrugineofuscum (ullticka, NT, 2025); Porodaedalea pini (tallticka, NT, 2025)";566607;6519940;16.15318;58.81423
176;3;"Bevaka; begär tillsyn om avverkning inte skett";A 33710-2022;ÅTVIDABERG;Avverkning tillåten: äldre anmälan;Mycket hög;95.1;2022-08-16;-1440;2027-08-15;2.7;0.0809472532496322;Föryngringsavverkning;Normal skog;FALSE;TRUE;"art i bilaga IV inom 150 m (4 a §); rödlistad/bilaga IV-fridlyst art inom 150 m (6/8 §, buffertzon); nyckelbiotop överlappar; hög skog >= 20 m på 100 %";0;0;0;0;0;73;0.632007101678765;35.6;0;1;6515;Herrsätter;952;Långdalsgölen;"";"Buxbaumia viridis (grön sköldmossa, LC, bil. IV, fridlyst, 2025); Hepatica nobilis (blåsippa, LC, fridlyst, 2026); Goodyera repens (knärot, VU, fridlyst, 2026); Pyrola chlorantha (grönpyrola, LC, 2025); Cacotemnus thomsoni (thomsons trägnagare, LC, 2025); Herzogiella striatella (trind spretmossa, LC, 2018); Leucobryum glaucum (blåmossa, LC, 2026); Microbregma emarginatum (granbarkgnagare, LC, 2018); Felipes leucopellaeus (kattfotslav, NT, 2025); Phellinidium ferrugineofuscum (ullticka, NT, 2026); Porodaedalea pini (tallticka, NT, 2025)";561907;6465230;16.05691;58.32365
177;3;"Bevaka; begär tillsyn om avverkning inte skett";A 44700-2025;NORRKÖPING;Avverkning tillåten: äldre anmälan;Mycket hög;95;2025-09-17;-312;2030-09-16;3.4;3.97655549000945;Föryngringsavverkning;Normal skog;FALSE;TRUE;"rödlistad/bilaga IV-fridlyst art inom området (6/8 §); hotad art (CR/EN/VU) inom området; hög skog >= 20 m på 86 %";0;1;0;1;3;24;0;56.3;0;0.859;873;Glotternskogen;394;Glotternskogen;"Goodyera repens (knärot, VU, fridlyst, 2026); Pyrola chlorantha (grönpyrola, LC, 2026); Sarcodon squamosus (motaggsvamp, NT, 2025)";"Bazzania trilobata (stor revmossa, LC, 2025); Leucobryum glaucum (blåmossa, LC, 2026); Crossocalyx hellerianus (vedtrappmossa, NT, 2025)";567641;6507283;16.16726;58.70042
178;3;"Bevaka; begär tillsyn om avverkning inte skett";A 55560-2023;FINSPÅNG;Avverkning tillåten: äldre anmälan;Mycket hög;94.5;2023-11-08;-991;2028-11-06;5.5;5.50917799681947;Föryngringsavverkning;Normal skog;FALSE;TRUE;"rödlistad/bilaga IV-fridlyst art inom området (6/8 §); hotad art (CR/EN/VU) inom området; hög skog >= 20 m på 98 %";0;1;0;1;5;6;0;57.5;0;0.982;8160;Asketorp;1521;Gäddöskogen;"Goodyera repens (knärot, VU, fridlyst, 2024); Dicranum flagellare (flagellkvastmossa, LC, 2024); Tomicus minor (mindre märgborre, LC, 2024); Crossocalyx hellerianus (vedtrappmossa, NT, 2024); Felipes leucopellaeus (kattfotslav, NT, 2024)";"";551115;6523027;15.88571;58.84407
179;3;"Bevaka; begär tillsyn om avverkning inte skett";A 22842-2023;LINKÖPING;Avverkning tillåten: äldre anmälan;Mycket hög;94.3;2023-05-25;-1158;2028-05-23;1.1;1.25767749254024;Föryngringsavverkning;Normal skog;FALSE;TRUE;"art i bilaga IV inom 150 m (4 a §); rödlistad/bilaga IV-fridlyst art inom 150 m (6/8 §, buffertzon); prioriterad fågelart inom 150 m (4 §); hög skog >= 20 m på 94 %; Natura 2000 inom 82 m (Ullstämma)";0;0;0;0;0;128;0;60.2;0.015;0.945;82;Ullstämma;71;Ullstämmaskogen;"";"Rana arvalis (åkergroda, LC, bil. IV, fridlyst, 2025); Platanthera bifolia (nattviol, LC, fridlyst, 2012); Platanthera chlorantha (grönvit nattviol, LC, fridlyst, 2018); Cygnus cygnus (sångsvan, LC, prio. fågel, 2026); Haliaeetus albicilla (havsörn, LC, prio. fågel, 2021); Craterellus lutescens (rödgul trumpetsvamp, LC, 2025); Hydnellum concrescens (zontaggsvamp, LC, 2024); Hygrocybe conica (toppvaxing, LC, 2022); Hygrocybe reidii (honungsvaxing, LC, 2017); Lactifluus volemus (mandelriska, LC, 2023); Meruliopsis taxicola (blodticka, LC, 2020); Phaeolus schweinitzii (grovticka, LC, 2024)";538726;6468887;15.66181;58.35915
180;3;"Bevaka; begär tillsyn om avverkning inte skett";A 57460-2022;FINSPÅNG;Avverkning tillåten: äldre anmälan;Mycket hög;93.9;2022-12-01;-1333;2027-11-30;4.9;4.91348505499964;Avverkning för att bevara och utveckla /försöksver;Ädellövskog;FALSE;TRUE;"allmän fridlyst art (t.ex. orkidé) inom 150 m, ej utlösande; hotad art (CR/EN/VU) inom området; ädellövskog 59 %; hög skog >= 20 m på 64 %";0;0;0;2;15;34;0;34.2;0.588;0.642;1755;Ölstadsjön;1307;Lövfallet;"Hepatica nobilis (blåsippa, LC, fridlyst, 2021); Fraxinus excelsior (ask, EN, 2020); Ulmus glabra (skogsalm, EN, 2020); Antitrichia curtipendula (fällmossa, LC, 2020); Entoloma sinuatum (bolmörtsskivling, LC, 2020); Frullania tamarisci (klippfrullania, LC, 2020); Homalothecium sericeum (guldlockmossa, LC, 2020); Hygrocybe conica (toppvaxing, LC, 2020); Lactifluus volemus (mandelriska, LC, 2020); Hypericum montanum (bergjohannesört, NT, 2020); Lecanographa amylacea (gammelekslav, NT, 2020); Melampyrum cristatum (korskovall, NT, 2020)";"Lopadium disciforme (barkkornlav, LC, 2020); Russula aurea (guldkremla, LC, 2023); Bacidia rubella (lönnlav, LC, 2020); Herzogiella seligeri (stubbspretmossa, LC, 2020); Homalia trichomanoides (trubbfjädermossa, LC, 2020); Nephroma parile (bårdlav, LC, 2020); Artomyces pyxidatus (kandelabersvamp, NT, 2020); Carbonicola anthracophila (kolflarnlav, NT, 2020); Hertelidea botryosa (vedskivlav, NT, 2020); Hygrophorus nemoreus (lundvaxskivling, VU, 2020); Biatoridium monasteriense (klosterlav, VU, 2020); Sclerophora pallida (gulvit blekspik, VU, 2020)";550343;6507805;15.86892;58.70746
181;3;"Bevaka; begär tillsyn om avverkning inte skett";A 388-2025;ÅTVIDABERG;Avverkning tillåten: äldre anmälan;Mycket hög;93.8;2025-01-05;-567;2030-01-04;6.8;6.80733990640026;Föryngringsavverkning;Normal skog;FALSE;TRUE;"prioriterad fågelart inom 150 m (4 §); nyckelbiotop överlappar; ädellövskog 29 %; hög skog >= 20 m på 57 %";0;0;0;0;1;4;0.234274432599606;68.9;0.286;0.568;1785;Fröjerum;1664;Svalberget;Hypericum montanum (bergjohannesört, NT, 2020);"Lanius collurio (törnskata, LC, prio. fågel, 2024); Cyaniris semiargus (ängsblåvinge, VU, 2007)";573510;6455132;16.25175;58.23119
182;3;"Bevaka; begär tillsyn om avverkning inte skett";A 31468-2025;NORRKÖPING;Avverkning tillåten: äldre anmälan;Mycket hög;93.3;2025-06-25;-396;2030-06-24;5.9;6.29479909001093;Föryngringsavverkning;Normal skog;FALSE;TRUE;"allmän fridlyst art (t.ex. orkidé) inom 150 m, ej utlösande; prioriterad fågelart inom området (4 §); hög skoglig naturvärdessannolikhet (HCVF 88); hög skog >= 20 m på 98 %";0;0;1;0;3;14;0;87.8;0;0.976;2581;Nybygget-Duvhult;2174;Stockgölen;"Poecile montanus (talltita, NT, prio. fågel, 2024); Pyrola chlorantha (grönpyrola, LC, 2025); Hertelidea botryosa (vedskivlav, NT, 2025)";"Hepatica nobilis (blåsippa, LC, fridlyst, 2019); Tetrao urogallus (tjäder, LC, prio. fågel, 2021)";559588;6509586;16.02893;58.72229
183;3;"Bevaka; begär tillsyn om avverkning inte skett";A 3721-2023;MOTALA;Avverkning tillåten: äldre anmälan;Mycket hög;91.7;2023-01-25;-1278;2028-01-24;4.7;4.73086613062844;Föryngringsavverkning;Normal skog;FALSE;TRUE;"art i bilaga IV inom 150 m (4 a §); rödlistad/bilaga IV-fridlyst art inom 150 m (6/8 §, buffertzon); prioriterad fågelart inom 150 m (4 §); hög skog >= 20 m på 92 %";0;0;0;0;2;68;0;57.6;0;0.925;2255;Vålberga Mosse;2129;Vålberga mosse;"Dicranum flagellare (flagellkvastmossa, LC, 2020); Odontoschisma denudatum (kornknutmossa, LC, 2020)";"Buxbaumia viridis (grön sköldmossa, LC, bil. IV, fridlyst, 2020); Leucorrhinia caudalis (bred kärrtrollslända, LC, bil. IV, fridlyst, 2022); Bufo bufo (vanlig padda, LC, fridlyst, 2019); Goodyera repens (knärot, VU, fridlyst, 2024); Dryocopus martius (spillkråka, LC, prio. fågel, 2026); Pinicola enucleator (tallbit, LC, prio. fågel, 2024); Dryobates minor (mindre hackspett, NT, prio. fågel, 2026); Emberiza citrinella (gulsparv, NT, prio. fågel, 2026); Jynx torquilla (göktyta, NT, prio. fågel, 2021); Motacilla alba (sädesärla, NT, prio. fågel, 2026); Pernis apivorus (bivråk, NT, prio. fågel, 2024); Poecile palustris (entita, NT, prio. fågel, 2026)";516995;6491852;15.29215;58.56678
184;3;"Bevaka; begär tillsyn om avverkning inte skett";A 19351-2023;ÖDESHÖG;Avverkning tillåten: äldre anmälan;Mycket hög;90.8;2023-05-03;-1180;2028-05-01;5.8;5.77975016730651;Föryngringsavverkning;Normal skog;FALSE;TRUE;"prioriterad fågelart inom området (4 §); hotad art (CR/EN/VU) inom området; hög skog >= 20 m på 82 %";0;0;6;1;6;15;0;29.2;0.065;0.825;952;Isberga;952;Isberga;"Cygnus cygnus (sångsvan, LC, prio. fågel, 2022); Dryocopus martius (spillkråka, LC, prio. fågel, 2022); Haliaeetus albicilla (havsörn, LC, prio. fågel, 2022); Poecile palustris (entita, NT, prio. fågel, 2022); Turdus iliacus (rödvingetrast, NT, prio. fågel, 2022); Anser fabalis (skogsgås, VU, prio. fågel, 2022)";"Crex crex (kornknarr, EN, 2017); Locustella naevia (gräshoppsångare, VU, 2018); Erinaceus europaeus (igelkott, VU, 2025)";482434;6463249;14.70023;58.30987
185;3;"Bevaka; begär tillsyn om avverkning inte skett";A 30389-2024;ÖDESHÖG;Avverkning tillåten: äldre anmälan;Mycket hög;90.6;2024-07-18;-738;2029-07-17;5.6;5.62752167679891;Föryngringsavverkning;Normal skog;FALSE;TRUE;"prioriterad fågelart inom området (4 §); hotad art (CR/EN/VU) inom området; hög skog >= 20 m på 83 %";0;0;6;1;6;15;0;29.1;0.07;0.828;949;Isberga;949;Isberga;"Cygnus cygnus (sångsvan, LC, prio. fågel, 2022); Dryocopus martius (spillkråka, LC, prio. fågel, 2022); Haliaeetus albicilla (havsörn, LC, prio. fågel, 2022); Poecile palustris (entita, NT, prio. fågel, 2022); Turdus iliacus (rödvingetrast, NT, prio. fågel, 2022); Anser fabalis (skogsgås, VU, prio. fågel, 2022)";"Crex crex (kornknarr, EN, 2017); Locustella naevia (gräshoppsångare, VU, 2018); Erinaceus europaeus (igelkott, VU, 2025)";482430;6463244;14.70016;58.30983
186;3;"Bevaka; begär tillsyn om avverkning inte skett";A 21771-2023;ÖDESHÖG;Avverkning tillåten: äldre anmälan;Mycket hög;90.5;2023-05-19;-1164;2028-05-17;5.5;5.49929218009487;Föryngringsavverkning;Normal skog;FALSE;TRUE;"prioriterad fågelart inom området (4 §); hotad art (CR/EN/VU) inom området; hög skog >= 20 m på 85 %";0;0;6;1;6;15;0;29.2;0.063;0.85;954;Isberga;954;Isberga;"Cygnus cygnus (sångsvan, LC, prio. fågel, 2022); Dryocopus martius (spillkråka, LC, prio. fågel, 2022); Haliaeetus albicilla (havsörn, LC, prio. fågel, 2022); Poecile palustris (entita, NT, prio. fågel, 2022); Turdus iliacus (rödvingetrast, NT, prio. fågel, 2022); Anser fabalis (skogsgås, VU, prio. fågel, 2022)";"Crex crex (kornknarr, EN, 2017); Locustella naevia (gräshoppsångare, VU, 2018); Erinaceus europaeus (igelkott, VU, 2025)";482431;6463245;14.70017;58.30984
187;3;"Bevaka; begär tillsyn om avverkning inte skett";A 16867-2024;NORRKÖPING;Avverkning tillåten: äldre anmälan;Mycket hög;90;2024-04-29;-818;2029-04-28;3;2.97684360499941;Avverkning för att bevara och utveckla /försöksver;Normal skog;FALSE;TRUE;"allmän fridlyst art (t.ex. orkidé) inom 150 m, ej utlösande; prioriterad fågelart inom området (4 §); hotad art (CR/EN/VU) inom området; hög skog >= 20 m på 89 %";0;0;1;1;1;22;0;51.1;0.025;0.891;2801;Nybygget-Duvhult;4275;Rödgölen;Sturnus vulgaris (stare, VU, prio. fågel, 2020);"Hepatica nobilis (blåsippa, LC, fridlyst, 2013); Platanthera bifolia (nattviol, LC, fridlyst, 2013); Glaucidium passerinum (sparvuggla, NT, prio. fågel, 2020); Fraxinus excelsior (ask, EN, 2013); Daphne mezereum (tibast, LC, 2020); Lathyrus niger (vippärt, NT, 2020); Polygala vulgaris (jungfrulin, NT, 2013); Scorzonera humilis (svinrot, NT, 2013); Chrysosplenium alternifolium (gullpudra, NT, 2013); Geranium bohemicum (svedjenäva, NT, 2013)";563504;6511910;16.09719;58.74259
188;3;"Bevaka; begär tillsyn om avverkning inte skett";A 22312-2022;VALDEMARSVIK;Avverkning tillåten: äldre anmälan;Mycket hög;89.6;2022-05-31;-1517;2027-05-30;0.6;0.561214740194517;Föryngringsavverkning;Normal skog;FALSE;TRUE;"art i bilaga IV inom 150 m (4 a §); rödlistad/bilaga IV-fridlyst art inom 150 m (6/8 §, buffertzon); prioriterad fågelart inom 150 m (4 §); hög skog >= 20 m på 76 %";0;0;0;0;2;18;0;54.6;0;0.756;6654;Fallingeberg;5556;Askedal;"Eptesicus nilssonii (nordfladdermus, NT, 2013); Plecotus auritus (brunlångöra, NT, 2013)";"Leucorrhinia caudalis (bred kärrtrollslända, LC, bil. IV, fridlyst, 2026); Caprimulgus europaeus (nattskärra, LC, prio. fågel, 2023); Cygnus cygnus (sångsvan, LC, prio. fågel, 2022); Haliaeetus albicilla (havsörn, LC, prio. fågel, 2026); Lacerta agilis (sandödla, VU, 2023)";593865;6456686;16.59885;58.24128
189;3;"Bevaka; begär tillsyn om avverkning inte skett";A 36575-2025;BOXHOLM;Avverkning tillåten: äldre anmälan;Mycket hög;89;2025-08-01;-359;2030-07-31;4.4;4.99095741500855;Avverkning för att bevara och utveckla /försöksver;Normal skog;FALSE;TRUE;"allmän fridlyst art (t.ex. orkidé) inom 150 m, ej utlösande; prioriterad fågelart inom 150 m (4 §); hög skoglig naturvärdessannolikhet (HCVF 73); hög skog >= 20 m på 96 %";0;0;0;0;9;30;0;72.6;0.055;0.96;4257;Rosebo;3525;Rubban;"Acolium inquinans (sotlav, LC, 2006); Alleniella complanata (platt fjädermossa, LC, 2006); Homalia trichomanoides (trubbfjädermossa, LC, 2006); Inocutis rheades (rävticka, LC, 2006); Porella platyphylla (trädporella, LC, 2006); Viola mirabilis (underviol, LC, 2006); Lathyrus vernus (vårärt, NT, 2006); Lecanographa amylacea (gammelekslav, NT, 2017); Sanicula europaea (sårläka, NT, 2006)";"Natrix natrix (vanlig snok, LC, fridlyst, 2026); Zootoca vivipara (skogsödla, LC, fridlyst, 2025); Emberiza schoeniclus (sävsparv, LC, prio. fågel, 2020); Zygaena osterodensis (smalsprötad bastardsvärmare, VU, 2026)";505549;6432533;15.09397;58.0343
190;3;"Bevaka; begär tillsyn om avverkning inte skett";A 9790-2024;NORRKÖPING;Avverkning tillåten: äldre anmälan;Mycket hög;88;2024-03-11;-867;2029-03-10;5.7;5.00001139671523;Föryngringsavverkning;Normal skog;FALSE;TRUE;"art i bilaga IV inom 150 m (4 a §); rödlistad/bilaga IV-fridlyst art inom 150 m (6/8 §, buffertzon); hög skog >= 20 m på 88 %; Natura 2000 inom 0 m (Krankensjöarnas sumpskogar)";0;0;0;0;1;11;0;54.7;0;0.881;0;Krankensjöarnas sumpskogar;7;Krankenbäcken;Lycopodium clavatum (mattlummer, LC, fridlyst, 2022);"Leucorrhinia caudalis (bred kärrtrollslända, LC, bil. IV, fridlyst, 2010); Natrix natrix (vanlig snok, LC, fridlyst, 2021); Philonotis fontana (källmossa, LC, 2024); Arthonia vinosa (rostfläck, LC, 2022); Hylocomiastrum umbratum (mörk husmossa, LC, 2024); Tomicus minor (mindre märgborre, LC, 2022); Cladonia parasitica (dvärgbägarlav, NT, 2024); Felipes leucopellaeus (kattfotslav, NT, 2024); Hydnellum ferrugineum (dropptaggsvamp, NT, 2022); Boloria selene (brunfläckig pärlemorfjäril, VU, 2010)";575525;6512127;16.3049;58.74261
191;3;"Bevaka; begär tillsyn om avverkning inte skett";A 53708-2025;KINDA;Avverkning tillåten: äldre anmälan;Mycket hög;88;2025-10-30;-269;2030-10-29;2;1.96576196499802;Föryngringsavverkning;Normal skog;FALSE;TRUE;"rödlistad/bilaga IV-fridlyst art inom 150 m (6/8 §, buffertzon); prioriterad fågelart inom 150 m (4 §); hotad art (CR/EN/VU) inom området; hög skoglig naturvärdessannolikhet (HCVF 79); hög skog >= 20 m på 99 %";0;0;0;1;2;28;0;78.7;0.006;0.987;3595;Jonsbo;6640;Klefsbergen;"Hepatica nobilis (blåsippa, LC, fridlyst, 2025); Hieracium dentifolium (växeltandsfibbla, VU, 2025)";"Lucanus cervus (ekoxe, LC, fridlyst, 2020); Epipactis atrorubens (purpurknipprot, LC, fridlyst, 2010); Neottia ovata (tvåblad, LC, fridlyst, 2012); Dryocopus martius (spillkråka, LC, prio. fågel, 2024); Motacilla alba (sädesärla, NT, prio. fågel, 2024); Galium odoratum (myskmadra, LC, 2025); Pseudanomodon attenuatus (piskbaronmossa, LC, 2024); Thymus serpyllum (backtimjan, NT, 2016)";546055;6419827;15.77739;57.91783
192;3;"Bevaka; begär tillsyn om avverkning inte skett";A 52576-2025;NORRKÖPING;Avverkning tillåten: äldre anmälan;Mycket hög;87.7;2025-10-24;-275;2030-10-23;3.6;3.68905846500094;Föryngringsavverkning;Normal skog;FALSE;TRUE;"rödlistad/bilaga IV-fridlyst art inom 150 m (6/8 §, buffertzon); hög skoglig naturvärdessannolikhet (HCVF 78); hög skog >= 20 m på 72 %; Natura 2000 inom 0 m (Sätramarken)";0;0;0;0;1;39;0;78.2;0;0.724;0;Sätramarken;0;Sätramarken;Dicranum flagellare (flagellkvastmossa, LC, 2026);"Hepatica nobilis (blåsippa, LC, fridlyst, 2026); Goodyera repens (knärot, VU, fridlyst, 2025); Fraxinus excelsior (ask, EN, 2025); Ulmus glabra (skogsalm, EN, 2012); Arthonia vinosa (rostfläck, LC, 2026); Homalothecium sericeum (guldlockmossa, LC, 2026); Actaea spicata (svart trolldruva, LC, 2025); Alleniella complanata (platt fjädermossa, LC, 2011); Antitrichia curtipendula (fällmossa, LC, 2021); Campanula latifolia (hässleklocka, LC, 2020); Frullania tamarisci (klippfrullania, LC, 2011); Lejeunea cavifolia (blåsfliksmossa, LC, 2011)";562987;6506499;16.08674;58.69408
193;3;"Bevaka; begär tillsyn om avverkning inte skett";A 61795-2025;BOXHOLM;Avverkning tillåten: äldre anmälan;Mycket hög;87.3;2025-12-11;-227;2030-12-10;10.3;10.2965685477124;Föryngringsavverkning;Normal skog;FALSE;TRUE;"rödlistad/bilaga IV-fridlyst art inom området (6/8 §); hotad art (CR/EN/VU) inom området; hög skog >= 20 m på 98 %";0;1;0;1;2;6;0;21.1;0;0.977;2022;Bösemålen;1902;Göstrings urskog;"Goodyera repens (knärot, VU, fridlyst, 2025); Carbonicola anthracophila (kolflarnlav, NT, 2025)";Eptesicus nilssonii (nordfladdermus, NT, 2012);497986;6447670;14.96576;58.17029
194;3;"Bevaka; begär tillsyn om avverkning inte skett";A 58380-2025;NORRKÖPING;Avverkning tillåten: äldre anmälan;Mycket hög;87;2025-11-24;-244;2030-11-23;8.8;10.0321903049993;Föryngringsavverkning;Normal skog;FALSE;TRUE;"rödlistad/bilaga IV-fridlyst art inom området (6/8 §); hotad art (CR/EN/VU) inom området; hög skog >= 20 m på 95 %";0;1;0;1;2;7;0.000941112620532674;33.9;0;0.951;1748;Mjälnäs sumpskog;1217;Rövareberget;"Goodyera repens (knärot, VU, fridlyst, 2025); Porodaedalea pini (tallticka, NT, 2025)";"Polygala vulgaris (jungfrulin, NT, 2024); Scorzonera humilis (svinrot, NT, 2024)";571633;6517141;16.23927;58.78829
195;3;"Bevaka; begär tillsyn om avverkning inte skett";A 15437-2025;ÖDESHÖG;Avverkning tillåten: äldre anmälan;Mycket hög;86.9;2025-03-31;-482;2030-03-30;11.9;11.8520213852549;Föryngringsavverkning;Normal skog;FALSE;TRUE;"rödlistad/bilaga IV-fridlyst art inom området (6/8 §); hotad art (CR/EN/VU) inom området; hög skog >= 20 m på 94 %";0;1;0;1;1;15;0;68.4;0;0.936;2262;Skruvhult;4023;Lysings urskog;Goodyera repens (knärot, VU, fridlyst, 2012);"";486509;6439921;14.77111;58.10049
196;3;"Bevaka; begär tillsyn om avverkning inte skett";A 17738-2026;MOTALA;Avverkning tillåten: äldre anmälan;Mycket hög;86.7;2026-04-10;-107;2031-04-09;6.3;8.65379951959864;Föryngringsavverkning;Normal skog;FALSE;TRUE;"rödlistad/bilaga IV-fridlyst art inom 150 m (6/8 §, buffertzon); prioriterad fågelart inom 150 m (4 §); hög skog >= 20 m på 100 %";0;0;0;0;2;12;0;23.8;0;0.995;5442;Vättern (östra);139;Flädemo;"Hepatica nobilis (blåsippa, LC, fridlyst, 2026); Chrysosplenium alternifolium (gullpudra, NT, 2026)";"Goodyera repens (knärot, VU, fridlyst, 2026); Dryocopus martius (spillkråka, LC, prio. fågel, 2026); Motacilla alba (sädesärla, NT, prio. fågel, 2026); Poecile montanus (talltita, NT, prio. fågel, 2026); Prunella modularis (järnsparv, NT, prio. fågel, 2026); Cacotemnus thomsoni (thomsons trägnagare, LC, 2026); Scolytus ratzeburgii (björksplintborre, LC, 2026); Sarcodon imbricatus (fjällig taggsvamp s.str., NT, 2020)";502444;6504618;15.04215;58.68177
197;3;"Bevaka; begär tillsyn om avverkning inte skett";A 37524-2023;VALDEMARSVIK;Avverkning tillåten: äldre anmälan;Mycket hög;86.4;2023-08-20;-1071;2028-08-18;0.4;0.390773651248589;Föryngringsavverkning;Normal skog;FALSE;TRUE;"rödlistad/bilaga IV-fridlyst art inom 150 m (6/8 §, buffertzon); nyckelbiotop överlappar; hög skoglig naturvärdessannolikhet (HCVF 86); hög skog >= 20 m på 96 %";0;0;0;0;0;8;0.994856652077347;85.5;0;0.955;1154;Hästenäs;1;Säverum;"";"Epipactis atrorubens (purpurknipprot, LC, fridlyst, 2025); Porodaedalea pini (tallticka, NT, 2021)";577182;6460953;16.3162;58.28282
198;3;"Bevaka; begär tillsyn om avverkning inte skett";A 21536-2025;NORRKÖPING;Avverkning tillåten: äldre anmälan;Mycket hög;86.2;2025-05-05;-447;2030-05-04;6.2;6.23281414409019;Föryngringsavverkning;Normal skog;FALSE;TRUE;"art i bilaga IV inom 150 m (4 a §); rödlistad/bilaga IV-fridlyst art inom 150 m (6/8 §, buffertzon); naturvårdsavtal/biotopskydd överlappar; hög skog >= 20 m på 80 %";0;0;0;0;1;6;1.58647017608778e-05;42.6;0;0.804;1900;Bråxvik;1900;Bråxvik;Ramaria flavescens (tjockfotad fingersvamp, NT, 2025);"Buxbaumia viridis (grön sköldmossa, LC, bil. IV, fridlyst, 2025); Herzogiella seligeri (stubbspretmossa, LC, 2025); Phaeolus schweinitzii (grovticka, LC, 2025); Microbregma emarginatum (granbarkgnagare, LC, 2010)";602480;6490252;16.76049;58.54069
199;3;"Bevaka; begär tillsyn om avverkning inte skett";A 18491-2023;NORRKÖPING;Avverkning tillåten: äldre anmälan;Mycket hög;86;2023-04-26;-1187;2028-04-24;5.9;6.96493612998512;Föryngringsavverkning;Normal skog;FALSE;TRUE;"allmän fridlyst art (t.ex. orkidé) inom 150 m, ej utlösande; prioriterad fågelart inom området (4 §); hög skog >= 20 m på 95 %";0;0;1;0;4;17;0;48;0;0.953;5172;Mjälnäs sumpskog;4381;Rövareberget;"Tetrastes bonasia (järpe, LC, prio. fågel, 2021); Daphne mezereum (tibast, LC, 2021); Artomyces pyxidatus (kandelabersvamp, NT, 2024); Lentaria epichnoa (vit vedfingersvamp, NT, 2024)";"Hepatica nobilis (blåsippa, LC, fridlyst, 2024); Aquila chrysaetos (kungsörn, NT, prio. fågel, 2021); Fraxinus excelsior (ask, EN, 2006); Nephroma parile (bårdlav, LC, 2024); Leptogium saturninum (skinnlav, LC, 2024); Microbregma emarginatum (granbarkgnagare, LC, 2024); Oxyporus corticola (barkticka, LC, 2024); Hermanssonia centrifuga (rynkskinn, NT, 2024); Collema subnigrescens (aspgelélav, VU, 2024)";566302;6515550;16.1466;58.77486
200;3;"Bevaka; begär tillsyn om avverkning inte skett";A 44677-2025;NORRKÖPING;Avverkning tillåten: äldre anmälan;Mycket hög;86;2025-09-17;-312;2030-09-16;0.9;0.977663439995493;Föryngringsavverkning;Normal skog;FALSE;TRUE;"art i bilaga IV inom 150 m (4 a §); rödlistad/bilaga IV-fridlyst art inom 150 m (6/8 §, buffertzon); hög skoglig naturvärdessannolikhet (HCVF 71); hög skog >= 20 m på 69 %";0;0;0;0;1;19;0;70.6;0;0.693;960;Glotternskogen;745;Glotternskogen;Sarcodon squamosus (motaggsvamp, NT, 2025);"Buxbaumia viridis (grön sköldmossa, LC, bil. IV, fridlyst, 2025); Antitrichia curtipendula (fällmossa, LC, 2026); Dicranum flagellare (flagellkvastmossa, LC, 2025); Herzogiella seligeri (stubbspretmossa, LC, 2025); Hertelidea botryosa (vedskivlav, NT, 2026); Phellodon niger (svart taggsvamp, NT, 2025)";567441;6507720;16.16394;58.70437
201;3;"Bevaka; begär tillsyn om avverkning inte skett";A 33718-2022;ÅTVIDABERG;Avverkning tillåten: äldre anmälan;Mycket hög;85.3;2022-08-16;-1440;2027-08-15;0.3;0.26029841875108;Föryngringsavverkning;Normal skog;FALSE;TRUE;"art i bilaga IV inom 150 m (4 a §); rödlistad/bilaga IV-fridlyst art inom 150 m (6/8 §, buffertzon); nyckelbiotop överlappar; hög skog >= 20 m på 97 %";0;0;0;0;0;55;0.511998372434828;38.9;0.007;0.967;6410;Herrsätter;1219;Långdalsgölen;"";"Buxbaumia viridis (grön sköldmossa, LC, bil. IV, fridlyst, 2018); Hepatica nobilis (blåsippa, LC, fridlyst, 2025); Alleniella complanata (platt fjädermossa, LC, 2018); Antitrichia curtipendula (fällmossa, LC, 2025); Bacidia rubella (lönnlav, LC, 2018); Dicranum flagellare (flagellkvastmossa, LC, 2018); Frullania tamarisci (klippfrullania, LC, 2018); Herzogiella seligeri (stubbspretmossa, LC, 2018); Homalothecium sericeum (guldlockmossa, LC, 2018); Microbregma emarginatum (granbarkgnagare, LC, 2018); Pyrola chlorantha (grönpyrola, LC, 2025); Rhytidiadelphus loreus (västlig hakmossa, LC, 2018)";561712;6465421;16.05363;58.32539
202;3;"Bevaka; begär tillsyn om avverkning inte skett";A 48628-2023;KINDA;Avverkning tillåten: äldre anmälan;Mycket hög;84.8;2023-10-09;-1021;2028-10-07;3.8;3.78814009079165;Avverkning för att bevara och utveckla /försöksver;Normal skog;FALSE;TRUE;"nyckelbiotop överlappar; ädellövskog 51 %; hög skog >= 20 m på 83 %; Natura 2000 inom 109 m (Hulebo)";0;0;0;0;0;42;0.0597078570553244;53.9;0.512;0.831;109;Hulebo;109;Hulebo;"";"Fraxinus excelsior (ask, EN, 2015); Ulmus glabra (skogsalm, EN, 2013); Amanita phalloides (lömsk flugsvamp, LC, 2020); Antitrichia curtipendula (fällmossa, LC, 2026); Bacidia rubella (lönnlav, LC, 2026); Homalothecium sericeum (guldlockmossa, LC, 2026); Helianthemum nummularium (solvända, NT, 2013)";553993;6429260;15.9135;58.00166
203;3;"Bevaka; begär tillsyn om avverkning inte skett";A 43578-2025;BOXHOLM;Avverkning tillåten: äldre anmälan;Mycket hög;84;2025-09-11;-318;2030-09-10;3;3.00601028079689;Föryngringsavverkning;Normal skog;FALSE;TRUE;"art i bilaga IV inom 150 m (4 a §); rödlistad/bilaga IV-fridlyst art inom 150 m (6/8 §, buffertzon); hög skog >= 20 m på 96 %; Natura 2000 inom 354 m (Stortorp)";0;0;0;0;0;9;0;37;0;0.964;354;Stortorp;40;Stortorp;"";"Buxbaumia viridis (grön sköldmossa, LC, bil. IV, fridlyst, 2019); Goodyera repens (knärot, VU, fridlyst, 2019); Antitrichia curtipendula (fällmossa, LC, 2019); Peltigera collina (grynig filtlav, NT, 2019); Chrysosplenium alternifolium (gullpudra, NT, 2019)";494700;6452430;14.9098;58.21302
204;3;"Bevaka; begär tillsyn om avverkning inte skett";A 61704-2025;KINDA;Avverkning tillåten: äldre anmälan;Mycket hög;83.3;2025-12-11;-227;2030-12-10;2.3;2.29226673429951;Föryngringsavverkning;Normal skog;FALSE;TRUE;"art i bilaga IV inom 150 m (4 a §); rödlistad/bilaga IV-fridlyst art inom 150 m (6/8 §, buffertzon); hög skog >= 20 m på 94 %";0;0;0;0;1;20;0;48.7;0.009;0.944;1661;Yxefall;2337;Krogsfall;Sanicula europaea (sårläka, NT, 2022);"Buxbaumia viridis (grön sköldmossa, LC, bil. IV, fridlyst, 2022); Alleniella complanata (platt fjädermossa, LC, 2022); Herzogiella seligeri (stubbspretmossa, LC, 2022); Alces alces (älg, NT, 2022); Thymelicus lineola (mindre tåtelsmygare, NT, 2006); Boloria selene (brunfläckig pärlemorfjäril, VU, 2006); Cyaniris semiargus (ängsblåvinge, VU, 2007)";535558;6430964;15.60189;58.01882
205;3;"Bevaka; begär tillsyn om avverkning inte skett";A 43468-2025;BOXHOLM;Avverkning tillåten: äldre anmälan;Mycket hög;83;2025-09-11;-318;2030-09-10;3.1;3.04957479000384;Avverkning för att bevara och utveckla /försöksver;Normal skog;FALSE;TRUE;"hotad art (CR/EN/VU) inom området; hög skog >= 20 m på 92 %";0;0;0;2;14;61;0;61.8;0.048;0.922;644;Ivranäs;224;Idebo;"Ulmus glabra (skogsalm, EN, 2021); Acolium inquinans (sotlav, LC, 2024); Antitrichia curtipendula (fällmossa, LC, 2025); Frullania tamarisci (klippfrullania, LC, 2021); Homalia trichomanoides (trubbfjädermossa, LC, 2025); Oxyporus corticola (barkticka, LC, 2021); Porella platyphylla (trädporella, LC, 2021); Rhytidiadelphus loreus (västlig hakmossa, LC, 2024); Scytinium lichenoides (traslav, LC, 2025); Viola mirabilis (underviol, LC, 2021); Artomyces pyxidatus (kandelabersvamp, NT, 2021); Chaenotheca hispidula (parknål, NT, 2024)";"Collema flaccidum (slanklav, LC, 2021); Lejeunea cavifolia (blåsfliksmossa, LC, 2021); Inocutis rheades (rävticka, LC, 2021); Chrysosplenium alternifolium (gullpudra, NT, 2021); Potamogeton compressus (bandnate, VU, 2021)";519325;6426962;15.32678;57.98387
206;3;"Bevaka; begär tillsyn om avverkning inte skett";A 36938-2023;KINDA;Avverkning tillåten: äldre anmälan;Mycket hög;82.9;2023-08-16;-1075;2028-08-14;9.9;9.86095000000484;Föryngringsavverkning;Normal skog;FALSE;TRUE;"art i bilaga IV inom 150 m (4 a §); rödlistad/bilaga IV-fridlyst art inom 150 m (6/8 §, buffertzon); hög skog >= 20 m på 91 %";0;0;0;0;2;7;0;60.2;0;0.911;2219;Galmsås;989;Tolången;"Hydnellum ferrugineum (dropptaggsvamp, NT, 2024); Postia guttulata (gropticka, NT, 2024)";Buxbaumia viridis (grön sköldmossa, LC, bil. IV, fridlyst, 2024);559168;6434029;16.00224;58.04383
207;3;"Bevaka; begär tillsyn om avverkning inte skett";A 46123-2025;MJÖLBY;Avverkning tillåten: äldre anmälan;Mycket hög;82.6;2025-09-24;-305;2030-09-23;15.2;5.57324217229234;Föryngringsavverkning;Normal skog;FALSE;TRUE;"rödlistad/bilaga IV-fridlyst art inom området (6/8 §); hotad art (CR/EN/VU) inom området; hög skog >= 20 m på 99 %";0;1;0;1;1;14;0;40;0;0.988;4761;Solberga;4761;Solberga;Goodyera repens (knärot, VU, fridlyst, 2013);"Neottia ovata (tvåblad, LC, fridlyst, 2013); Lycaena virgaureae (vitfläckig guldvinge, NT, 2006); Boloria selene (brunfläckig pärlemorfjäril, VU, 2006); Zygaena lonicerae (bredbrämad bastardsvärmare, VU, 2006)";517787;6464390;15.30364;58.32011
208;3;"Bevaka; begär tillsyn om avverkning inte skett";A 10477-2026;LINKÖPING;Avverkning tillåten: äldre anmälan;Mycket hög;82.6;2026-02-24;-152;2031-02-23;9.6;9.59556726335827;Föryngringsavverkning;Normal skog;FALSE;TRUE;"prioriterad fågelart inom området (4 §); hög skog >= 20 m på 93 %; Natura 2000 inom 0 m (Stafsäter)";0;0;1;0;2;13;0;26.8;0.003;0.931;0;Stafsäter;0;Stafsäters lövskog;"Cygnus cygnus (sångsvan, LC, prio. fågel, 2022); Actaea spicata (svart trolldruva, LC, 2024)";"Turdus iliacus (rödvingetrast, NT, prio. fågel, 2019); Cardamine flexuosa (skogsbräsma, LC, 2018); Choiromyces venosus (stjärnhovstryffel, NT, 2024)";537337;6462515;15.63704;58.30204
209;3;"Bevaka; begär tillsyn om avverkning inte skett";A 19298-2025;NORRKÖPING;Avverkning tillåten: äldre anmälan;Mycket hög;82.5;2025-04-22;-460;2030-04-21;1.4;1.45063618000178;Föryngringsavverkning;Normal skog;FALSE;TRUE;"art i bilaga IV inom 150 m (4 a §); rödlistad/bilaga IV-fridlyst art inom 150 m (6/8 §, buffertzon); hög skog >= 20 m på 94 %; Natura 2000 inom 55 m (Ågelsjön)";0;0;0;0;0;49;0;66.6;0;0.938;55;Ågelsjön;0;Ågelsjön;"";"Buxbaumia viridis (grön sköldmossa, LC, bil. IV, fridlyst, 2008); Lycopodium clavatum (mattlummer, LC, fridlyst, 2011); Epipactis atrorubens (purpurknipprot, LC, fridlyst, 2020); Fraxinus excelsior (ask, EN, 2012); Ulmus glabra (skogsalm, EN, 2012); Polygala vulgaris (jungfrulin, NT, 2011); Scorzonera humilis (svinrot, NT, 2011)";565286;6504887;16.12594;58.67927
210;3;"Bevaka; begär tillsyn om avverkning inte skett";A 56584-2021;NORRKÖPING;Avverkning tillåten: äldre anmälan;Mycket hög;82.2;2021-10-11;-1749;2026-10-10;0.6;1.1868598199965;Föryngringsavverkning;Normal skog;FALSE;TRUE;"art i bilaga IV inom 150 m (4 a §); rödlistad/bilaga IV-fridlyst art inom 150 m (6/8 §, buffertzon); prioriterad fågelart inom 150 m (4 §); hög skog >= 20 m på 90 %";0;0;0;0;1;31;0;57.4;0.111;0.895;1388;Krankensjöarnas sumpskogar;0;Ämtefall;Lathraea squamaria (vätteros, LC, 2021);"Buxbaumia viridis (grön sköldmossa, LC, bil. IV, fridlyst, 2022); Pandion haliaetus (fiskgjuse, LC, prio. fågel, 2023); Dicranum flagellare (flagellkvastmossa, LC, 2024); Microbregma emarginatum (granbarkgnagare, LC, 2025); Nephroma arcticum (norrlandslav, LC, 2025); Scolytus ratzeburgii (björksplintborre, LC, 2025); Cladonia parasitica (dvärgbägarlav, NT, 2024); Hertelidea botryosa (vedskivlav, NT, 2024); Sarcodon squamosus (motaggsvamp, NT, 2025)";573409;6511857;16.26826;58.74054
211;3;"Bevaka; begär tillsyn om avverkning inte skett";A 54477-2025;KINDA;Avverkning tillåten: äldre anmälan;Mycket hög;82;2025-11-04;-264;2030-11-03;18.9;23.7689034849871;Föryngringsavverkning;Normal skog;FALSE;TRUE;"prioriterad fågelart inom området (4 §); hög skog >= 20 m på 94 %";0;0;2;0;9;19;0;38.2;0;0.943;3625;Trulstorpet;4377;Bäckängsmon;"Dryocopus martius (spillkråka, LC, prio. fågel, 2025); Tetrao urogallus (tjäder, LC, prio. fågel, 2025); Dicranum flagellare (flagellkvastmossa, LC, 2025); Tomicus minor (mindre märgborre, LC, 2025); Cladonia parasitica (dvärgbägarlav, NT, 2025); Hertelidea botryosa (vedskivlav, NT, 2025); Hydnellum aurantiacum (orange taggsvamp, NT, 2025); Hydnellum ferrugineum (dropptaggsvamp, NT, 2025); Porodaedalea pini (tallticka, NT, 2025)";"";556120;6440676;15.95221;58.10392
212;3;"Bevaka; begär tillsyn om avverkning inte skett";A 3912-2026;LINKÖPING;Avverkning tillåten: äldre anmälan;Mycket hög;81.8;2026-01-21;-186;2031-01-20;6.8;6.76160081615602;Föryngringsavverkning;Normal skog;FALSE;TRUE;"rödlistad/bilaga IV-fridlyst art inom området (6/8 §); hotad art (CR/EN/VU) inom området; hög skog >= 20 m på 98 %";0;1;0;1;2;4;0.00279743939235623;46.7;0;0.98;1567;Sörstugan;1757;Ycke;"Goodyera repens (knärot, VU, fridlyst, 2024); Pyrola chlorantha (grönpyrola, LC, 2024)";Crossocalyx hellerianus (vedtrappmossa, NT, 2019);523964;6446298;15.40721;58.15732
213;3;"Bevaka; begär tillsyn om avverkning inte skett";A 42147-2025;BOXHOLM;Avverkning tillåten: äldre anmälan;Mycket hög;81.3;2025-09-04;-325;2030-09-03;0.3;0.320721769996153;Avverkning för att bevara och utveckla /försöksver;Normal skog;FALSE;TRUE;"rödlistad/bilaga IV-fridlyst art inom området (6/8 §); hotad art (CR/EN/VU) inom området";0;1;0;1;4;17;0;33;0;0.468;1177;Pukehål;1168;Pukehål;"Vicia pisiformis (ärtvicker, EN, fridlyst, 2025); Hypochaeris maculata (slåtterfibbla, NT, 2025); Lathyrus niger (vippärt, NT, 2025); Scorzonera humilis (svinrot, NT, 2022)";"Geranium bohemicum (svedjenäva, NT, 2008); Hypericum montanum (bergjohannesört, NT, 2025); Thymelicus lineola (mindre tåtelsmygare, NT, 2020); Trifolium aureum (gullklöver, NT, 2025); Zygaena minos (klubbsprötad bastardsvärmare, NT, 2022); Zygaena lonicerae (bredbrämad bastardsvärmare, VU, 2022); Zygaena osterodensis (smalsprötad bastardsvärmare, VU, 2022); Zygaena viciae (mindre bastardsvärmare, VU, 2022)";519757;6434406;15.33472;58.05072
214;3;"Bevaka; begär tillsyn om avverkning inte skett";A 53673-2024;FINSPÅNG;Avverkning tillåten: äldre anmälan;Mycket hög;81;2024-11-19;-614;2029-11-18;1.6;1.95050226000487;Föryngringsavverkning;Normal skog;FALSE;TRUE;"rödlistad/bilaga IV-fridlyst art inom området (6/8 §); prioriterad fågelart inom 150 m (4 §); hotad art (CR/EN/VU) inom området";0;1;0;1;1;14;0;47.4;0;0.403;5610;Magnehults domänreservat;3523;Hjälmstorpenäs;Goodyera repens (knärot, VU, fridlyst, 2025);"Lyrurus tetrix (orre, LC, prio. fågel, 2025); Dicranum flagellare (flagellkvastmossa, LC, 2018); Leucobryum glaucum (blåmossa, LC, 2023); Tomicus minor (mindre märgborre, LC, 2023); Crossocalyx hellerianus (vedtrappmossa, NT, 2023); Chimaphila umbellata (ryl, VU, 2025)";554597;6516191;15.94437;58.78225
215;3;"Bevaka; begär tillsyn om avverkning inte skett";A 61789-2025;BOXHOLM;Avverkning tillåten: äldre anmälan;Mycket hög;80.7;2025-12-11;-227;2030-12-10;5.8;5.7427365621561;Föryngringsavverkning;Normal skog;FALSE;TRUE;"prioriterad fågelart inom området (4 §); hög skog >= 20 m på 96 %; Natura 2000 inom 90 m (Klämmesmålen)";0;0;2;0;2;38;0;36.3;0;0.96;90;Klämmesmålen;90;Klämmesmålens odlingslandskap;"Lyrurus tetrix (orre, LC, prio. fågel, 2024); Poecile montanus (talltita, NT, prio. fågel, 2026)";"Dryocopus martius (spillkråka, LC, prio. fågel, 2026); Emberiza citrinella (gulsparv, NT, prio. fågel, 2023)";495699;6444852;14.92694;58.14496
216;3;"Bevaka; begär tillsyn om avverkning inte skett";A 11048-2026;LINKÖPING;Avverkning tillåten: äldre anmälan;Mycket hög;80.1;2026-02-26;-150;2031-02-25;2.1;4.10590528498938;Föryngringsavverkning;Normal skog;FALSE;TRUE;"rödlistad/bilaga IV-fridlyst art inom 150 m (6/8 §, buffertzon); hög skog >= 20 m på 98 %; Natura 2000 inom 0 m (Säby Västerskog)";0;0;0;0;3;40;0;67.7;0.005;0.977;0;Säby Västerskog;0;Säby Västerskog;"Actaea spicata (svart trolldruva, LC, 2023); Daphne mezereum (tibast, LC, 2026); Sanicula europaea (sårläka, NT, 2025)";"Sarcosoma globosum (bombmurkla, EN, fridlyst, 2015); Cardamine flexuosa (skogsbräsma, LC, 2020); Chrysosplenium alternifolium (gullpudra, NT, 2020); Phellinidium ferrugineofuscum (ullticka, NT, 2023); Porodaedalea pini (tallticka, NT, 2023)";545128;6456533;15.76879;58.24759
217;3;"Bevaka; begär tillsyn om avverkning inte skett";A 23067-2025;VALDEMARSVIK;Avverkning tillåten: äldre anmälan;Mycket hög;80;2025-05-13;-439;2030-05-12;1;1.02222254140787;Föryngringsavverkning;Normal skog;FALSE;TRUE;"rödlistad/bilaga IV-fridlyst art inom 150 m (6/8 §, buffertzon); prioriterad fågelart inom området (4 §); hög skog >= 20 m på 94 %";0;0;1;0;1;22;0;31.8;0;0.94;2051;Högved;2133;Stjärnö;Dryocopus martius (spillkråka, LC, prio. fågel, 2025);"Goodyera repens (knärot, VU, fridlyst, 2023); Caprimulgus europaeus (nattskärra, LC, prio. fågel, 2026); Coronella austriaca (hasselsnok, VU, 2026)";601528;6446653;16.72494;58.1495
218;3;"Bevaka; begär tillsyn om avverkning inte skett";A 16751-2022;BOXHOLM;Avverkning tillåten: äldre anmälan;Hög;79.5;2022-04-22;-1556;2027-04-21;2.5;2.50654964145676;Föryngringsavverkning;Normal skog;FALSE;TRUE;"art i bilaga IV inom 150 m (4 a §); rödlistad/bilaga IV-fridlyst art inom 150 m (6/8 §, buffertzon); prioriterad fågelart inom 150 m (4 §); hög skog >= 20 m på 96 %";0;0;0;0;0;35;0;52.1;0.019;0.959;3687;Rinnamyren;3448;Stortorp;"";"Triturus cristatus (större vattensalamander, LC, bil. IV, fridlyst, 2026); Goodyera repens (knärot, VU, fridlyst, 2012); Pulsatilla vulgaris (backsippa, VU, fridlyst, 2026); Emberiza schoeniclus (sävsparv, LC, prio. fågel, 2026); Grus grus (trana, LC, prio. fågel, 2026); Milvus milvus (röd glada, LC, prio. fågel, 2026); Anas crecca (kricka, NT, prio. fågel, 2026); Emberiza citrinella (gulsparv, NT, prio. fågel, 2026); Gallinago gallinago (enkelbeckasin, NT, prio. fågel, 2026); Jynx torquilla (göktyta, NT, prio. fågel, 2026); Motacilla alba (sädesärla, NT, prio. fågel, 2026); Poecile palustris (entita, NT, prio. fågel, 2026)";497734;6456863;14.96139;58.25286
219;3;"Bevaka; begär tillsyn om avverkning inte skett";A 3474-2023;KINDA;Avverkning tillåten: äldre anmälan;Hög;79.5;2023-01-23;-1280;2028-01-22;2.5;2.47707247318542;Föryngringsavverkning;Normal skog;FALSE;TRUE;"rödlistad/bilaga IV-fridlyst art inom området (6/8 §); hotad art (CR/EN/VU) inom området; hög skog >= 20 m på 96 %";0;1;0;1;3;4;0;55.1;0;0.961;2394;Galmsås;4258;Tolången;"Hepatica nobilis (blåsippa, LC, fridlyst, 2026); Goodyera repens (knärot, VU, fridlyst, 2026); Leucobryum glaucum (blåmossa, LC, 2026)";"";556406;6438849;15.95661;58.08747
220;3;"Bevaka; begär tillsyn om avverkning inte skett";A 72192-2021;MOTALA;Avverkning tillåten: äldre anmälan;Hög;78.6;2021-12-14;-1685;2026-12-13;3.6;4.55054835451671;Avverkning för att bevara och utveckla /försöksver;Normal skog;FALSE;TRUE;"prioriterad fågelart inom 150 m (4 §); hotad art (CR/EN/VU) inom området; hög skoglig naturvärdessannolikhet (HCVF 84); hög skog >= 20 m på 98 %";0;0;0;1;1;9;0;83.9;0.033;0.985;1022;Kärnskogsmossen;974;Kärnskogsmossen;Fraxinus excelsior (ask, EN, 2006);"Dryocopus martius (spillkråka, LC, prio. fågel, 2025); Grus grus (trana, LC, prio. fågel, 2025); Dryobates minor (mindre hackspett, NT, prio. fågel, 2026); Poecile montanus (talltita, NT, prio. fågel, 2025); Poecile palustris (entita, NT, prio. fågel, 2025); Vanellus vanellus (tofsvipa, VU, 2024)";514540;6522966;15.25195;58.84631
221;3;"Bevaka; begär tillsyn om avverkning inte skett";A 32335-2024;ÖDESHÖG;Avverkning tillåten: äldre anmälan;Hög;78.2;2024-08-08;-717;2029-08-07;3.2;3.1776937359985;Föryngringsavverkning;Normal skog;FALSE;TRUE;"art i bilaga IV inom 150 m (4 a §); rödlistad/bilaga IV-fridlyst art inom 150 m (6/8 §, buffertzon); hög skog >= 20 m på 97 %; Natura 2000 inom 3 m (Bomhult)";0;0;0;0;0;33;0;66.3;0;0.969;3;Bomhult;2102;Stortorp;"";"Rana arvalis (åkergroda, LC, bil. IV, fridlyst, 2007); Hepatica nobilis (blåsippa, LC, fridlyst, 2018); Fraxinus excelsior (ask, EN, 2018); Adscita statices (ängsmetallvinge, NT, 2025); Alces alces (älg, NT, 2022); Carex caryophyllea (vårstarr, NT, 2016); Hesperia comma (silversmygare, NT, 2006); Lycaena virgaureae (vitfläckig guldvinge, NT, 2016); Lythria cruentaria (mindre purpurmätare, NT, 2021); Melitaea cinxia (ängsnätfjäril, NT, 2020); Nemophora metallica (åkerväddsantennmal, NT, 2021); Phytometra viridaria (jungfrulinsfly, NT, 2023)";491807;6452525;14.86056;58.21383
222;3;"Bevaka; begär tillsyn om avverkning inte skett";A 30800-2022;LINKÖPING;Avverkning tillåten: äldre anmälan;Hög;77.9;2022-07-22;-1465;2027-07-21;0.9;0.941798239398096;Föryngringsavverkning;Normal skog;FALSE;TRUE;"art i bilaga IV inom 150 m (4 a §); rödlistad/bilaga IV-fridlyst art inom 150 m (6/8 §, buffertzon); prioriterad fågelart inom 150 m (4 §); hög skog >= 20 m på 75 %";0;0;0;0;0;21;0;19;0.171;0.751;6637;Tolefors-Lagerlunda;9702;Kärna mosse;"";"Triturus cristatus (större vattensalamander, LC, bil. IV, fridlyst, 2008); Anguis fragilis (kopparödla, LC, fridlyst, 2014); Bufo bufo (vanlig padda, LC, fridlyst, 2014); Natrix natrix (vanlig snok, LC, fridlyst, 2011); Vipera berus (huggorm, LC, fridlyst, 2014); Zootoca vivipara (skogsödla, LC, fridlyst, 2014); Falco peregrinus (pilgrimsfalk, VU, prio. fågel, 2021)";520937;6475171;15.35839;58.4168
223;3;"Bevaka; begär tillsyn om avverkning inte skett";A 4213-2022;FINSPÅNG;Avverkning tillåten: äldre anmälan;Hög;77.7;2022-01-27;-1641;2027-01-26;0.7;0.729516019099392;Föryngringsavverkning;Normal skog;FALSE;TRUE;"art i bilaga IV inom 150 m (4 a §); rödlistad/bilaga IV-fridlyst art inom 150 m (6/8 §, buffertzon); prioriterad fågelart inom 150 m (4 §); Natura 2000 inom 120 m (Tyresfall)";0;0;0;0;0;70;0;7.6;0;0.478;120;Tyresfall;2678;Regnaholms lövskog;"";"Buxbaumia viridis (grön sköldmossa, LC, bil. IV, fridlyst, 2021); Dactylorhiza maculata (fläcknycklar, LC, fridlyst, 2025); Platanthera chlorantha (grönvit nattviol, LC, fridlyst, 2026); Lanius collurio (törnskata, LC, prio. fågel, 2026); Aquila chrysaetos (kungsörn, NT, prio. fågel, 2025); Emberiza citrinella (gulsparv, NT, prio. fågel, 2023); Turdus iliacus (rödvingetrast, NT, prio. fågel, 2023); Psophus stridulus (trumgräshoppa, EN, 2026); Herzogiella seligeri (stubbspretmossa, LC, 2021); Eptesicus nilssonii (nordfladdermus, NT, 2023); Myotis nattereri (fransfladdermus, NT, 2023); Trifolium aureum (gullklöver, NT, 2023)";538128;6531563;15.66216;58.92207
224;3;"Bevaka; begär tillsyn om avverkning inte skett";A 12090-2026;ÅTVIDABERG;Avverkning tillåten: äldre anmälan;Hög;77.6;2026-03-05;-143;2031-03-04;2.4;2.56682086000564;Föryngringsavverkning;Normal skog;FALSE;TRUE;"prioriterad fågelart inom området (4 §); hög skoglig naturvärdessannolikhet (HCVF 83); hög skog >= 20 m på 97 %";0;0;1;0;1;29;0;83.2;0;0.968;4554;Vegalla;59;Mörkedal;Tetrao urogallus (tjäder, LC, prio. fågel, 2026);"Tetrastes bonasia (järpe, LC, prio. fågel, 2026); Dryocopus martius (spillkråka, LC, prio. fågel, 2026); Poecile montanus (talltita, NT, prio. fågel, 2026); Scorzonera humilis (svinrot, NT, 2023)";564504;6465408;16.10129;58.32488
225;3;"Bevaka; begär tillsyn om avverkning inte skett";A 31953-2022;ÅTVIDABERG;Avverkning tillåten: äldre anmälan;Hög;77.1;2022-08-04;-1452;2027-08-03;0.1;0.146503210900549;Föryngringsavverkning;Normal skog;FALSE;TRUE;"art i bilaga IV inom 150 m (4 a §); rödlistad/bilaga IV-fridlyst art inom 150 m (6/8 §, buffertzon); prioriterad fågelart inom 150 m (4 §); hög skog >= 20 m på 98 %";0;0;0;0;0;88;0;40.9;0;0.982;6681;Herrsätter;731;Långdalsgölen;"";"Buxbaumia viridis (grön sköldmossa, LC, bil. IV, fridlyst, 2025); Epipactis atrorubens (purpurknipprot, LC, fridlyst, 2026); Goodyera repens (knärot, VU, fridlyst, 2026); Dryocopus martius (spillkråka, LC, prio. fågel, 2026); Tetrao urogallus (tjäder, LC, prio. fågel, 2026); Dryobates minor (mindre hackspett, NT, prio. fågel, 2026); Glaucidium passerinum (sparvuggla, NT, prio. fågel, 2025); Poecile montanus (talltita, NT, prio. fågel, 2026); Rhytidiadelphus loreus (västlig hakmossa, LC, 2021); Leucobryum glaucum (blåmossa, LC, 2026); Phaeolus schweinitzii (grovticka, LC, 2025); Porella platyphylla (trädporella, LC, 2024)";562149;6465177;16.06103;58.32314
226;3;"Bevaka; begär tillsyn om avverkning inte skett";A 52631-2025;KINDA;Avverkning tillåten: äldre anmälan;Hög;76.8;2025-10-24;-275;2030-10-23;3.8;3.76448405734208;Föryngringsavverkning;Normal skog;FALSE;TRUE;"art i bilaga IV inom 150 m (4 a §); rödlistad/bilaga IV-fridlyst art inom 150 m (6/8 §, buffertzon); hög skog >= 20 m på 99 %";0;0;0;0;2;16;0;62.9;0;0.987;1328;Yxefall;2203;Krogsfall;"Alleniella complanata (platt fjädermossa, LC, 2022); Alces alces (älg, NT, 2022)";"Buxbaumia viridis (grön sköldmossa, LC, bil. IV, fridlyst, 2022); Herzogiella seligeri (stubbspretmossa, LC, 2022); Sanicula europaea (sårläka, NT, 2022)";535488;6431159;15.60074;58.02058
227;3;"Bevaka; begär tillsyn om avverkning inte skett";A 13352-2022;KINDA;Avverkning tillåten: äldre anmälan;Hög;76.3;2022-03-25;-1584;2027-03-24;0.3;0.270846484647924;Föryngringsavverkning;Normal skog;FALSE;TRUE;"nyckelbiotop överlappar; hög skoglig naturvärdessannolikhet (HCVF 79); hög skog >= 20 m på 96 %; Natura 2000 inom 425 m (Idhult)";0;0;0;0;0;14;0.920218244830728;79;0;0.963;425;Idhult;421;Idhult;"";"";555534;6429974;15.93973;58.00788
228;3;"Bevaka; begär tillsyn om avverkning inte skett";A 56129-2024;KINDA;Avverkning tillåten: äldre anmälan;Hög;75.9;2024-11-28;-605;2029-11-27;0.9;0.923777921703726;Föryngringsavverkning;Normal skog;FALSE;TRUE;"art i bilaga IV inom 150 m (4 a §); rödlistad/bilaga IV-fridlyst art inom 150 m (6/8 §, buffertzon); hög skoglig naturvärdessannolikhet (HCVF 81); hög skog >= 20 m på 100 %";0;0;0;0;0;10;0;80.8;0;0.999;1698;Pinnarpsbäcken/Stenån;2452;Toppkullaberget;"";"Buxbaumia viridis (grön sköldmossa, LC, bil. IV, fridlyst, 2024); Antitrichia curtipendula (fällmossa, LC, 2024); Sparassis crispa (blomkålssvamp, LC, 2024); Pyrola chlorantha (grönpyrola, LC, 2013); Chrysobothris chrysostigma (barrpraktbagge, NT, 2020)";531853;6428769;15.53887;57.99938
229;3;"Bevaka; begär tillsyn om avverkning inte skett";A 58738-2024;KINDA;Avverkning tillåten: äldre anmälan;Hög;75.7;2024-12-09;-594;2029-12-08;0.7;0.674078577746428;Föryngringsavverkning;Normal skog;FALSE;TRUE;"rödlistad/bilaga IV-fridlyst art inom 150 m (6/8 §, buffertzon); naturvårdsavtal/biotopskydd överlappar; hög skoglig naturvärdessannolikhet (HCVF 82); hög skog >= 20 m på 99 %";0;0;0;0;0;11;0;82.2;0;0.989;4794;Yxefall;747;Fagerhults lövskog;"";"Goodyera repens (knärot, VU, fridlyst, 2024); Ulmus glabra (skogsalm, EN, 2015); Microbregma emarginatum (granbarkgnagare, LC, 2024); Actaea spicata (svart trolldruva, LC, 2021); Alleniella complanata (platt fjädermossa, LC, 2021); Antitrichia curtipendula (fällmossa, LC, 2021); Matteuccia struthiopteris (strutbräken, LC, 2021); Porodaedalea pini (tallticka, NT, 2024); Chrysosplenium alternifolium (gullpudra, NT, 2015); Usnea barbata (gropig skägglav, VU, 2024)";531229;6436622;15.52937;58.06996
230;3;"Bevaka; begär tillsyn om avverkning inte skett";A 3617-2025;FINSPÅNG;Avverkning tillåten: äldre anmälan;Hög;75.7;2025-01-24;-548;2030-01-23;5.6;6.65772766000558;Föryngringsavverkning;Normal skog;FALSE;TRUE;"prioriterad fågelart inom området (4 §); hög skog >= 20 m på 90 %";0;0;1;0;4;11;0;69.3;0;0.9;2785;Magnehults domänreservat;2509;Hjälmstorpenäs;"Tetrao urogallus (tjäder, LC, prio. fågel, 2025); Dicranum flagellare (flagellkvastmossa, LC, 2025); Leucobryum glaucum (blåmossa, LC, 2025); Hertelidea botryosa (vedskivlav, NT, 2025)";Glaucidium passerinum (sparvuggla, NT, prio. fågel, 2021);561198;6517025;16.05874;58.78885
231;3;"Bevaka; begär tillsyn om avverkning inte skett";A 20377-2023;NORRKÖPING;Avverkning tillåten: äldre anmälan;Hög;75.5;2023-05-10;-1173;2028-05-08;0.5;0.481219313803222;Föryngringsavverkning;Normal skog;FALSE;TRUE;"art i bilaga IV inom 150 m (4 a §); rödlistad/bilaga IV-fridlyst art inom 150 m (6/8 §, buffertzon); hög skog >= 20 m på 100 %; Natura 2000 inom 355 m (Algutsbo)";0;0;0;0;1;34;0;53.3;0.089;1;355;Algutsbo;862;Brostugugölen;Porodaedalea pini (tallticka, NT, 2025);"Buxbaumia viridis (grön sköldmossa, LC, bil. IV, fridlyst, 2015); Climacocystis borealis (trådticka, LC, 2022); Homalothecium sericeum (guldlockmossa, LC, 2022); Nephroma parile (bårdlav, LC, 2022); Cladonia parasitica (dvärgbägarlav, NT, 2021); Hertelidea botryosa (vedskivlav, NT, 2021); Peltigera collina (grynig filtlav, NT, 2015); Xylobolus frustulatus (rutskinn, NT, 2021)";573493;6505797;16.26772;58.68612
232;3;"Bevaka; begär tillsyn om avverkning inte skett";A 55870-2025;YDRE;Avverkning tillåten: äldre anmälan;Hög;75.4;2025-11-12;-256;2030-11-11;3.8;4.3661327963016;Föryngringsavverkning;Normal skog;FALSE;TRUE;"art i bilaga IV inom 150 m (4 a §); rödlistad/bilaga IV-fridlyst art inom 150 m (6/8 §, buffertzon); hög skog >= 20 m på 98 %";0;0;0;0;0;38;0;47.9;0;0.978;2644;Kälemåla knapp;0;Nästången;"";"Buxbaumia viridis (grön sköldmossa, LC, bil. IV, fridlyst, 2023); Hepatica nobilis (blåsippa, LC, fridlyst, 2014); Actaea spicata (svart trolldruva, LC, 2014); Daphne mezereum (tibast, LC, 2014); Viola mirabilis (underviol, LC, 2014); Crossocalyx hellerianus (vedtrappmossa, NT, 2017); Peltigera collina (grynig filtlav, NT, 2017); Leontodon hispidus (sommarfibbla, NT, 2010); Lobaria pulmonaria (lunglav, NT, 2009); Nephroma laevigatum (västlig njurlav, VU, 2017); Collema subnigrescens (aspgelélav, VU, 2023)";522570;6415375;15.38057;57.87965
233;3;"Bevaka; begär tillsyn om avverkning inte skett";A 47467-2021;YDRE;Avverkning tillåten: äldre anmälan;Hög;74.8;2021-09-08;-1782;2026-09-07;0.5;1.79446145110303;Föryngringsavverkning;Normal skog;FALSE;TRUE;"rödlistad/bilaga IV-fridlyst art inom området (6/8 §); prioriterad fågelart inom 150 m (4 §); hög skog >= 20 m på 60 %";0;1;0;0;1;7;0;14.8;0;0.601;2589;Kullarp;574;Skrivaremomossen;Corallorhiza trifida (korallrot, LC, fridlyst, 2026);"Lyrurus tetrix (orre, LC, prio. fågel, 2022); Tetrao urogallus (tjäder, LC, prio. fågel, 2022); Crossocalyx hellerianus (vedtrappmossa, NT, 2021)";511864;6399757;15.19927;57.73978
234;3;"Bevaka; begär tillsyn om avverkning inte skett";A 42452-2025;FINSPÅNG;Avverkning tillåten: äldre anmälan;Hög;74.6;2025-09-05;-324;2030-09-04;6.1;7.62239352499791;Föryngringsavverkning;Normal skog;FALSE;TRUE;"rödlistad/bilaga IV-fridlyst art inom området (6/8 §); prioriterad fågelart inom 150 m (4 §); hög skog >= 20 m på 88 %";0;1;0;0;1;13;0;43.8;0.036;0.875;1496;Ölstadsjön;1496;Ölstadsjön;Dianthus armeria (knippnejlika, NT, fridlyst, 2017);"Cygnus cygnus (sångsvan, LC, prio. fågel, 2025); Emberiza schoeniclus (sävsparv, LC, prio. fågel, 2021); Grus grus (trana, LC, prio. fågel, 2021); Anas crecca (kricka, NT, prio. fågel, 2021)";546514;6505247;15.80231;58.68492
235;3;"Bevaka; begär tillsyn om avverkning inte skett";A 15823-2022;ÖDESHÖG;Avverkning tillåten: äldre anmälan;Hög;74.5;2022-04-13;-1565;2027-04-12;6.3;6.49077431420594;Avverkning för att bevara och utveckla /försöksver;Normal skog;FALSE;TRUE;"prioriterad fågelart inom området (4 §); naturvårdsavtal/biotopskydd överlappar; Natura 2000 inom 156 m (Omberg)";0;0;2;0;3;50;0;31;0.043;0.403;156;Omberg;466;Storpissans domänreservat;"Caprimulgus europaeus (nattskärra, LC, prio. fågel, 2010); Pandion haliaetus (fiskgjuse, LC, prio. fågel, 2010); Homalia trichomanoides (trubbfjädermossa, LC, 2021)";"Galium odoratum (myskmadra, LC, 2021); Herzogiella seligeri (stubbspretmossa, LC, 2021); Andrena nitida (nyponsandbi, NT, 2021); Stratiomys chamaeleon (gulbukig jättevapenfluga, NT, 2021)";480382;6465711;14.66499;58.3319
236;3;"Bevaka; begär tillsyn om avverkning inte skett";A 18262-2024;FINSPÅNG;Avverkning tillåten: äldre anmälan;Hög;74.4;2024-05-09;-808;2029-05-08;3.2;3.42699507000648;Föryngringsavverkning;Normal skog;FALSE;TRUE;"prioriterad fågelart inom området (4 §); hög skog >= 20 m på 91 %";0;0;1;0;7;8;0;28.7;0;0.907;7167;Magnehults domänreservat;3480;Tjuttorp;"Tetrao urogallus (tjäder, LC, prio. fågel, 2025); Bazzania trilobata (stor revmossa, LC, 2025); Dicranum flagellare (flagellkvastmossa, LC, 2025); Odontoschisma denudatum (kornknutmossa, LC, 2025); Scolytus ratzeburgii (björksplintborre, LC, 2025); Tomicus minor (mindre märgborre, LC, 2025); Porodaedalea pini (tallticka, NT, 2025)";"";551988;6519493;15.90001;58.81223
237;3;"Bevaka; begär tillsyn om avverkning inte skett";A 29627-2022;KINDA;Avverkning tillåten: äldre anmälan;Hög;74;2022-07-12;-1475;2027-07-11;4;4.04892884084862;Föryngringsavverkning;Normal skog;FALSE;TRUE;"rödlistad/bilaga IV-fridlyst art inom 150 m (6/8 §, buffertzon); hög skoglig naturvärdessannolikhet (HCVF 74); hög skog >= 20 m på 95 %";0;0;0;0;1;31;0;73.8;0;0.947;2120;Yxefall;3319;Krogsfall;Phellinidium ferrugineofuscum (ullticka, NT, 2023);"Lucanus cervus (ekoxe, LC, fridlyst, 2026); Platanthera chlorantha (grönvit nattviol, LC, fridlyst, 2022); Cephalanthera rubra (röd skogslilja, NT, fridlyst, 2026); Goodyera repens (knärot, VU, fridlyst, 2023); Phaeolus schweinitzii (grovticka, LC, 2021); Pyrola chlorantha (grönpyrola, LC, 2023); Barbastella barbastellus (barbastell, NT, 2016); Eptesicus nilssonii (nordfladdermus, NT, 2016)";534868;6430132;15.59008;58.0114
238;3;"Bevaka; begär tillsyn om avverkning inte skett";A 1931-2025;MOTALA;Avverkning tillåten: äldre anmälan;Hög;74;2025-01-14;-558;2030-01-13;17.4;17.3951857120503;Föryngringsavverkning;Normal skog;FALSE;TRUE;"allmän fridlyst art (t.ex. orkidé) inom 150 m, ej utlösande; prioriterad fågelart inom området (4 §); hög skog >= 20 m på 93 %";0;0;1;0;3;7;0;34.4;0;0.934;4267;Stubba ekhage;5188;Vålberga mosse;"Platanthera bifolia (nattviol, LC, fridlyst, 2019); Tetrao urogallus (tjäder, LC, prio. fågel, 2025); Phaeolus schweinitzii (grovticka, LC, 2024)";"Poecile montanus (talltita, NT, prio. fågel, 2024); Inocutis rheades (rävticka, LC, 2024)";517756;6495113;15.30549;58.59604
239;3;"Bevaka; begär tillsyn om avverkning inte skett";A 14636-2025;NORRKÖPING;Avverkning tillåten: äldre anmälan;Hög;74;2025-03-26;-487;2030-03-25;14.8;17.0324898399882;Föryngringsavverkning;Normal skog;FALSE;TRUE;"allmän fridlyst art (t.ex. orkidé) inom 150 m, ej utlösande; prioriterad fågelart inom området (4 §); hög skog >= 20 m på 77 %";0;0;2;0;2;29;0;57.3;0;0.767;3100;Glotternskogen;3100;Glotternskogen;"Tetrao urogallus (tjäder, LC, prio. fågel, 2021); Poecile montanus (talltita, NT, prio. fågel, 2021)";"Lycopodium clavatum (mattlummer, LC, fridlyst, 2025); Haliaeetus albicilla (havsörn, LC, prio. fågel, 2021); Glaucidium passerinum (sparvuggla, NT, prio. fågel, 2023); Pyrola chlorantha (grönpyrola, LC, 2025); Trifolium aureum (gullklöver, NT, 2013)";566518;6512379;16.14938;58.74635
240;3;"Bevaka; begär tillsyn om avverkning inte skett";A 19287-2025;NORRKÖPING;Avverkning tillåten: äldre anmälan;Hög;73.9;2025-04-22;-460;2030-04-21;5.8;5.94611175000531;Föryngringsavverkning;Normal skog;FALSE;TRUE;"rödlistad/bilaga IV-fridlyst art inom 150 m (6/8 §, buffertzon); prioriterad fågelart inom 150 m (4 §); hög skog >= 20 m på 78 %; Natura 2000 inom 0 m (Rödgölen-Svartgölen)";0;0;0;0;0;67;0;67.9;0;0.78;0;Rödgölen-Svartgölen;0;Rödgölen;"";"Epipactis atrorubens (purpurknipprot, LC, fridlyst, 2020); Caprimulgus europaeus (nattskärra, LC, prio. fågel, 2025); Dryocopus martius (spillkråka, LC, prio. fågel, 2026); Lyrurus tetrix (orre, LC, prio. fågel, 2019); Pinicola enucleator (tallbit, LC, prio. fågel, 2021); Nucifraga caryocatactes (nötkråka, NT, prio. fågel, 2021); Poecile montanus (talltita, NT, prio. fågel, 2026); Hieracium gripharium (gripfibbla, EN, 2020); Viola mirabilis (underviol, LC, 2020); Lathyrus niger (vippärt, NT, 2020)";564951;6505161;16.12023;58.68178
241;3;"Bevaka; begär tillsyn om avverkning inte skett";A 1177-2024;FINSPÅNG;Avverkning tillåten: äldre anmälan;Hög;73.7;2024-01-11;-927;2029-01-09;6.7;6.72802133740643;Föryngringsavverkning;Normal skog;FALSE;TRUE;"rödlistad/bilaga IV-fridlyst art inom området (6/8 §); hotad art (CR/EN/VU) inom området; hög skog >= 20 m på 95 %";0;1;0;1;1;13;0;30;0;0.954;9087;Stockhult;7797;Hällestads-Torp;Goodyera repens (knärot, VU, fridlyst, 2024);"";531001;6513380;15.53587;58.75935
242;3;"Bevaka; begär tillsyn om avverkning inte skett";A 51583-2024;LINKÖPING;Avverkning tillåten: äldre anmälan;Hög;73.7;2024-11-08;-625;2029-11-07;8.8;8.74586932500936;Föryngringsavverkning;Normal skog;FALSE;TRUE;"art i bilaga IV inom 150 m (4 a §); rödlistad/bilaga IV-fridlyst art inom 150 m (6/8 §, buffertzon); hög skog >= 20 m på 98 %";0;0;0;0;0;14;0;69.1;0;0.981;1014;Sturefors;1014;Sturefors;"";"Osmoderma eremita (läderbagge, VU, bil. IV, fridlyst, 2011); Cardamine impatiens (lundbräsma, LC, 2014); Dendrographa decolorans (grå skärelav, LC, 2014); Viola mirabilis (underviol, LC, 2014); Lathyrus niger (vippärt, NT, 2014); Lathyrus vernus (vårärt, NT, 2014); Melampyrum cristatum (korskovall, NT, 2014); Porodaedalea pini (tallticka, NT, 2022); Serratula tinctoria (ängsskära, NT, 2014); Inoderma byssaceum (ekpricklav, VU, 2014); Inonotus ulmicola (almsprängticka, VU, 2014); Pseudoinonotus dryadeus (tårticka, VU, 2014)";546583;6465962;15.79547;58.33212
243;3;"Bevaka; begär tillsyn om avverkning inte skett";A 19989-2026;NORRKÖPING;Avverkning tillåten: äldre anmälan;Hög;73.6;2026-04-24;-93;2031-04-23;2.7;4.59200515000276;Föryngringsavverkning;Normal skog;FALSE;TRUE;"prioriterad fågelart inom området (4 §); hög skog >= 20 m på 87 %";0;0;1;0;2;31;0;68.4;0.02;0.866;687;Skriketorpsravinen;533;Dvardalaskogen;"Dryocopus martius (spillkråka, LC, prio. fågel, 2026); Phellinidium ferrugineofuscum (ullticka, NT, 2026)";"Cygnus cygnus (sångsvan, LC, prio. fågel, 2022); Hieracium subnitidum (åbyfibbla, EN, 2022); Antitrichia curtipendula (fällmossa, LC, 2026); Leucobryum glaucum (blåmossa, LC, 2026); Hertelidea botryosa (vedskivlav, NT, 2026)";567212;6506394;16.15958;58.6925
244;3;"Bevaka; begär tillsyn om avverkning inte skett";A 53091-2024;YDRE;Avverkning tillåten: äldre anmälan;Hög;72.5;2024-11-15;-618;2029-11-14;5.5;5.46221852499024;Avverkning för att bevara och utveckla /försöksver;Normal skog;FALSE;TRUE;"rödlistad/bilaga IV-fridlyst art inom området (6/8 §); hotad art (CR/EN/VU) inom området; hög skog >= 20 m på 98 %";0;1;0;1;1;12;0;32.2;0;0.98;1266;Korphålorna;874;Rödhallar;Goodyera repens (knärot, VU, fridlyst, 2025);"Dactylorhiza maculata (fläcknycklar, LC, fridlyst, 2017); Dactylorhiza majalis (dubbelnycklar, LC, fridlyst, 2025); Eriophorum latifolium (gräsull, LC, 2025); Carex hostiana (ängsstarr, NT, 2017)";522776;6405262;15.38308;57.78881
245;3;"Bevaka; begär tillsyn om avverkning inte skett";A 33711-2022;ÅTVIDABERG;Avverkning tillåten: äldre anmälan;Hög;72.2;2022-08-16;-1440;2027-08-15;0.2;0.165284077651775;Föryngringsavverkning;Normal skog;FALSE;TRUE;"rödlistad/bilaga IV-fridlyst art inom 150 m (6/8 §, buffertzon); prioriterad fågelart inom 150 m (4 §); nyckelbiotop överlappar; hög skog >= 20 m på 100 %";0;0;0;0;0;59;0.83909474752236;55.4;0;1;6248;Herrsätter;1048;Långdalsgölen;"";"Epipactis atrorubens (purpurknipprot, LC, fridlyst, 2026); Hepatica nobilis (blåsippa, LC, fridlyst, 2025); Emberiza citrinella (gulsparv, NT, prio. fågel, 2019); Antitrichia curtipendula (fällmossa, LC, 2025); Frullania tamarisci (klippfrullania, LC, 2018); Microbregma emarginatum (granbarkgnagare, LC, 2018); Alces alces (älg, NT, 2014)";561688;6465082;16.05313;58.32236
246;3;"Bevaka; begär tillsyn om avverkning inte skett";A 4709-2025;SÖDERKÖPING;Avverkning tillåten: äldre anmälan;Hög;72.1;2025-01-31;-541;2030-01-30;5.1;5.10540264000352;Föryngringsavverkning;Normal skog;FALSE;TRUE;"rödlistad/bilaga IV-fridlyst art inom området (6/8 §); prioriterad fågelart inom 150 m (4 §); hög skog >= 20 m på 99 %";0;1;0;0;2;13;0.00846793524598164;60.7;0.001;0.99;4437;Vegalla;4420;Vegalla;"Lucanus cervus (ekoxe, LC, fridlyst, 2026); Dicranum flagellare (flagellkvastmossa, LC, 2021)";"Hepatica nobilis (blåsippa, LC, fridlyst, 2013); Platanthera chlorantha (grönvit nattviol, LC, fridlyst, 2013); Motacilla alba (sädesärla, NT, prio. fågel, 2024); Hygrocybe conica (toppvaxing, LC, 2010); Hygrocybe miniata (mönjevaxing, LC, 2010); Conferticium ravum (aspskinn, NT, 2025); Fistulina hepatica (oxtungssvamp, NT, 2025); Fomitiporia robusta (ekticka, NT, 2022); Postia guttulata (gropticka, NT, 2011); Porodaedalea pini (tallticka, NT, 2020); Scorzonera humilis (svinrot, NT, 2014)";571178;6469012;16.21632;58.3562
247;3;"Bevaka; begär tillsyn om avverkning inte skett";A 1207-2023;LINKÖPING;Avverkning tillåten: äldre anmälan;Hög;72;2023-01-04;-1299;2028-01-03;32;32.8281145253296;Föryngringsavverkning;Normal skog;FALSE;TRUE;"allmän fridlyst art (t.ex. orkidé) inom 150 m, ej utlösande; prioriterad fågelart inom området (4 §); hög skog >= 20 m på 93 %";0;0;1;0;1;11;0;64.7;0.02;0.929;7643;Sibborp;2372;Kammarbergen;Poecile montanus (talltita, NT, prio. fågel, 2025);"Platanthera chlorantha (grönvit nattviol, LC, fridlyst, 2020); Dryocopus martius (spillkråka, LC, prio. fågel, 2025); Lullula arborea (trädlärka, LC, prio. fågel, 2026); Pluteus leoninus (gulskölding, LC, 2009); Fistulina hepatica (oxtungssvamp, NT, 2009); Polygala vulgaris (jungfrulin, NT, 2022)";524286;6500801;15.41844;58.64681
248;3;"Bevaka; begär tillsyn om avverkning inte skett";A 11741-2024;NORRKÖPING;Avverkning tillåten: äldre anmälan;Hög;72;2024-03-22;-856;2029-03-21;0.9;0.95093728001276;Föryngringsavverkning;Normal skog;FALSE;TRUE;"art i bilaga IV inom 150 m (4 a §); rödlistad/bilaga IV-fridlyst art inom 150 m (6/8 §, buffertzon); hög skog >= 20 m på 75 %";0;0;0;0;0;12;0;36.1;0;0.75;5246;Stora Hjälmmossen;5;Dammfallebäcken;"";"Buxbaumia viridis (grön sköldmossa, LC, bil. IV, fridlyst, 2026); Rhytidiadelphus loreus (västlig hakmossa, LC, 2024); Antitrichia curtipendula (fällmossa, LC, 2026); Bacidia rubella (lönnlav, LC, 2021); Leptogium saturninum (skinnlav, LC, 2026); Nephroma parile (bårdlav, LC, 2026); Crossocalyx hellerianus (vedtrappmossa, NT, 2026); Phellinidium ferrugineofuscum (ullticka, NT, 2026); Peltigera collina (grynig filtlav, NT, 2021); Neckera pennata (aspfjädermossa, VU, 2021)";541977;6498170;15.72275;58.62184
249;3;"Bevaka; begär tillsyn om avverkning inte skett";A 57042-2021;MJÖLBY;Avverkning tillåten: äldre anmälan;Hög;71.8;2021-10-13;-1747;2026-10-12;8.8;8.79873583925087;Föryngringsavverkning;Normal skog;FALSE;TRUE;"naturvårdsavtal/biotopskydd överlappar; hög skog >= 20 m på 93 %";0;0;0;0;7;17;0;32.6;0;0.927;1750;Stämma;1012;Stora Haddebo;"Dicranum flagellare (flagellkvastmossa, LC, 2021); Camarops tubulina (gransotdyna, NT, 2021); Crossocalyx hellerianus (vedtrappmossa, NT, 2021); Felipes leucopellaeus (kattfotslav, NT, 2021); Hertelidea botryosa (vedskivlav, NT, 2021); Phellinidium ferrugineofuscum (ullticka, NT, 2021); Porodaedalea pini (tallticka, NT, 2021)";"Zygaena minos (klubbsprötad bastardsvärmare, NT, 2026); Menegazzia terebrata (hållav, VU, 2021)";514391;6452506;15.24492;58.2135
250;3;"Bevaka; begär tillsyn om avverkning inte skett";A 17513-2022;LINKÖPING;Avverkning tillåten: äldre anmälan;Hög;71.6;2022-04-28;-1550;2027-04-27;1.6;1.60163052485846;Föryngringsavverkning;Normal skog;FALSE;TRUE;"allmän fridlyst art (t.ex. orkidé) inom 150 m, ej utlösande; prioriterad fågelart inom 150 m (4 §); hotad art (CR/EN/VU) inom området; hög skog >= 20 m på 96 %; Natura 2000 inom 2 m (Tinnerö eklandskap)";0;0;0;1;1;134;0;61.4;0.004;0.956;2;Tinnerö eklandskap;2;Tinnerö eklandskap;Zygaena filipendulae (sexfläckig bastardsvärmare, VU, 2018);"Bufo bufo (vanlig padda, LC, fridlyst, 2026); Anguis fragilis (kopparödla, LC, fridlyst, 2025); Platanthera bifolia (nattviol, LC, fridlyst, 2012); Grus grus (trana, LC, prio. fågel, 2026); Emberiza schoeniclus (sävsparv, LC, prio. fågel, 2026); Haliaeetus albicilla (havsörn, LC, prio. fågel, 2026); Gallinago gallinago (enkelbeckasin, NT, prio. fågel, 2026); Ardea alba (ägretthäger, NT, prio. fågel, 2025); Xerocomus silwoodensis (aspsammetssopp, DD, 2023); Hieracium gripharium (gripfibbla, EN, 2019); Phaeolus schweinitzii (grovticka, LC, 2022); Entoloma sinuatum (bolmörtsskivling, LC, 2023)";535828;6468460;15.61222;58.35556
251;3;"Bevaka; begär tillsyn om avverkning inte skett";A 17736-2026;MOTALA;Avverkning tillåten: äldre anmälan;Hög;71.4;2026-04-10;-107;2031-04-09;1.6;2.40812438720525;Föryngringsavverkning;Normal skog;FALSE;TRUE;"prioriterad fågelart inom området (4 §); hög skog >= 20 m på 100 %";0;0;2;0;3;10;0;33.8;0;0.999;5890;Vättern (östra);440;Flädemo;"Poecile montanus (talltita, NT, prio. fågel, 2026); Prunella modularis (järnsparv, NT, prio. fågel, 2026); Scolytus ratzeburgii (björksplintborre, LC, 2026)";"";502707;6504457;15.04669;58.68032
252;3;"Bevaka; begär tillsyn om avverkning inte skett";A 38913-2023;LINKÖPING;Avverkning tillåten: äldre anmälan;Hög;70.7;2023-08-25;-1066;2028-08-23;2.7;2.72846840625503;Avverkning för att bevara och utveckla /försöksver;Normal skog;FALSE;TRUE;"rödlistad/bilaga IV-fridlyst art inom 150 m (6/8 §, buffertzon); prioriterad fågelart inom 150 m (4 §); hög skog >= 20 m på 98 %";0;0;0;0;1;14;0;40.4;0;0.977;1771;Sätravallen;1771;Sätravallen;Cardamine flexuosa (skogsbräsma, LC, 2024);"Vicia pisiformis (ärtvicker, EN, fridlyst, 2014); Dactylorhiza majalis (dubbelnycklar, LC, fridlyst, 2018); Platanthera chlorantha (grönvit nattviol, LC, fridlyst, 2018); Poecile montanus (talltita, NT, prio. fågel, 2020); Carex caryophyllea (vårstarr, NT, 2018); Polygala vulgaris (jungfrulin, NT, 2018)";543440;6450408;15.7389;58.19275
253;3;"Bevaka; begär tillsyn om avverkning inte skett";A 12068-2026;ÅTVIDABERG;Avverkning tillåten: äldre anmälan;Hög;70.7;2026-03-05;-143;2031-03-04;1.6;1.68700274499208;Föryngringsavverkning;Normal skog;FALSE;TRUE;"prioriterad fågelart inom området (4 §); hög skog >= 20 m på 66 %";0;0;5;0;6;30;0;63.6;0;0.659;4371;Vegalla;0;Mörkedal;"Dryocopus martius (spillkråka, LC, prio. fågel, 2026); Grus grus (trana, LC, prio. fågel, 2026); Tetrao urogallus (tjäder, LC, prio. fågel, 2026); Tetrastes bonasia (järpe, LC, prio. fågel, 2026); Poecile montanus (talltita, NT, prio. fågel, 2026); Hertelidea botryosa (vedskivlav, NT, 2026)";"Porodaedalea pini (tallticka, NT, 2026); Ramalina sinensis (småflikig brosklav, NT, 2017); Sanicula europaea (sårläka, NT, 2021)";564715;6465364;16.10488;58.32445
254;3;"Bevaka; begär tillsyn om avverkning inte skett";A 17248-2024;NORRKÖPING;Avverkning tillåten: äldre anmälan;Hög;70.6;2024-05-02;-815;2029-05-01;2.6;2.59735133499727;Föryngringsavverkning;Normal skog;FALSE;TRUE;"rödlistad/bilaga IV-fridlyst art inom 150 m (6/8 §, buffertzon); prioriterad fågelart inom 150 m (4 §); hög skog >= 20 m på 100 %; Natura 2000 inom 481 m (Lunnsjöskogen)";0;0;0;0;0;30;0;63;0;0.995;481;Lunnsjöskogen;203;Herrsjöskogen;"";"Goodyera repens (knärot, VU, fridlyst, 2026); Caprimulgus europaeus (nattskärra, LC, prio. fågel, 2025); Glaucidium passerinum (sparvuggla, NT, prio. fågel, 2022); Tomicus minor (mindre märgborre, LC, 2024); Porodaedalea pini (tallticka, NT, 2026); Carex ericetorum (backstarr, NT, 2026); Polygala vulgaris (jungfrulin, NT, 2026)";564050;6503239;16.10415;58.66465
255;3;"Bevaka; begär tillsyn om avverkning inte skett";A 45953-2024;NORRKÖPING;Avverkning tillåten: äldre anmälan;Hög;69.9;2024-10-15;-649;2029-10-14;1.9;1.87103853999432;Avverkning för annat ändamål;Normal skog;FALSE;TRUE;"rödlistad/bilaga IV-fridlyst art inom området (6/8 §); ädellövskog 61 %";0;1;0;0;1;6;0;24.6;0.613;0.498;2167;Restad;3096;Kilinge;Lucanus cervus (ekoxe, LC, fridlyst, 2024);"Tilia platyphyllos (bohuslind, CR, 2017); Erinaceus europaeus (igelkott, VU, 2026)";547494;6493644;15.81678;58.58062
256;3;"Bevaka; begär tillsyn om avverkning inte skett";A 7879-2023;SÖDERKÖPING;Avverkning tillåten: äldre anmälan;Hög;69.4;2023-02-16;-1256;2028-02-15;1.2;2.35520973000545;Avverkning för att bevara och utveckla /försöksver;Ädellövskog;FALSE;TRUE;"hotad art (CR/EN/VU) inom området; ädellövskog 20 %; hög skog >= 20 m på 95 %";0;0;0;1;2;8;0;66.5;0.204;0.953;4012;Vegalla;3992;Vegalla;"Fraxinus excelsior (ask, EN, 2020); Melampyrum cristatum (korskovall, NT, 2020)";"Scorzonera humilis (svinrot, NT, 2020); Erinaceus europaeus (igelkott, VU, 2024)";570642;6468505;16.20702;58.35174
257;3;"Bevaka; begär tillsyn om avverkning inte skett";A 11728-2026;ÅTVIDABERG;Avverkning tillåten: äldre anmälan;Hög;69.2;2026-03-03;-145;2031-03-02;1.2;1.19272109000236;Föryngringsavverkning;Normal skog;FALSE;TRUE;"rödlistad/bilaga IV-fridlyst art inom 150 m (6/8 §, buffertzon); prioriterad fågelart inom 150 m (4 §); hög skog >= 20 m på 94 %";0;0;0;0;1;33;0;30.1;0;0.937;4438;Vegalla;560;Mörkedal;Sanicula europaea (sårläka, NT, 2026);"Goodyera repens (knärot, VU, fridlyst, 2026); Dryocopus martius (spillkråka, LC, prio. fågel, 2026); Tetrastes bonasia (järpe, LC, prio. fågel, 2026); Poecile montanus (talltita, NT, prio. fågel, 2026); Phaeolus schweinitzii (grovticka, LC, 2026); Crustoderma corneum (hornvaxskinn, NT, 2026); Felipes leucopellaeus (kattfotslav, NT, 2026)";564968;6465972;16.10937;58.32987
258;3;"Bevaka; begär tillsyn om avverkning inte skett";A 30649-2023;ÅTVIDABERG;Avverkning tillåten: äldre anmälan;Hög;68.8;2023-07-05;-1117;2028-07-03;6.8;6.82960000000577;Föryngringsavverkning;Normal skog;FALSE;TRUE;"rödlistad/bilaga IV-fridlyst art inom 150 m (6/8 §, buffertzon); prioriterad fågelart inom 150 m (4 §); hög skoglig naturvärdessannolikhet (HCVF 75); hög skog >= 20 m på 100 %";0;0;0;0;0;3;1.43296355222587e-06;74.7;0.007;0.997;3254;Åtvidsnäs;3254;Åtvidsnäs;"";"Lucanus cervus (ekoxe, LC, fridlyst, 2026); Haliaeetus albicilla (havsörn, LC, prio. fågel, 2021)";564678;6449124;16.09973;58.17862
259;3;"Bevaka; begär tillsyn om avverkning inte skett";A 10733-2024;BOXHOLM;Avverkning tillåten: äldre anmälan;Hög;68.8;2024-03-18;-860;2029-03-17;1.8;1.8328350165478;Föryngringsavverkning;Normal skog;FALSE;TRUE;"rödlistad/bilaga IV-fridlyst art inom området (6/8 §); hotad art (CR/EN/VU) inom området; hög skog >= 20 m på 97 %";0;1;0;1;1;1;0;50.7;0;0.973;2125;Torpa Östergård;2398;Åsabackarna;Goodyera repens (knärot, VU, fridlyst, 2012);"";494067;6458499;14.89887;58.26752
260;3;"Bevaka; begär tillsyn om avverkning inte skett";A 40385-2024;FINSPÅNG;Avverkning tillåten: äldre anmälan;Hög;68.7;2024-09-20;-674;2029-09-19;1.4;1.7346069299966;Föryngringsavverkning;Normal skog;FALSE;TRUE;"prioriterad fågelart inom området (4 §); hög skog >= 20 m på 80 %";0;0;1;0;1;6;0;13;0;0.805;2824;Stora Mossen (Igelfors);2779;Stora mossen;Poecile montanus (talltita, NT, prio. fågel, 2021);"Aegolius funereus (pärluggla, EN, prio. fågel, 2021); Lyrurus tetrix (orre, LC, prio. fågel, 2021)";538382;6519388;15.66446;58.81271
261;3;"Bevaka; begär tillsyn om avverkning inte skett";A 63217-2025;MOTALA;Avverkning tillåten: äldre anmälan;Hög;68.7;2025-12-19;-219;2030-12-18;9.7;9.72742063819207;Föryngringsavverkning;Normal skog;FALSE;TRUE;"prioriterad fågelart inom området (4 §); hög skog >= 20 m på 96 %";0;0;1;0;5;10;0;43.7;0;0.955;2174;Lillsjökärret;3866;Bredsjömossen;"Dryocopus martius (spillkråka, LC, prio. fågel, 2026); Tomicus minor (mindre märgborre, LC, 2026); Hydnellum ferrugineum (dropptaggsvamp, NT, 2026); Porodaedalea pini (tallticka, NT, 2026); Postia guttulata (gropticka, NT, 2023)";"";514329;6511545;15.24758;58.74375
262;3;"Bevaka; begär tillsyn om avverkning inte skett";A 44620-2025;NORRKÖPING;Avverkning tillåten: äldre anmälan;Hög;68.6;2025-09-17;-312;2030-09-16;0.6;0.581640889996686;Föryngringsavverkning;Normal skog;FALSE;TRUE;"rödlistad/bilaga IV-fridlyst art inom 150 m (6/8 §, buffertzon); hög skog >= 20 m på 99 %";0;0;0;0;3;21;0;65.8;0;0.994;1154;Glotternskogen;803;Glotternskogen;"Dicranum flagellare (flagellkvastmossa, LC, 2025); Herzogiella seligeri (stubbspretmossa, LC, 2025); Porodaedalea pini (tallticka, NT, 2025)";"Goodyera repens (knärot, VU, fridlyst, 2025); Hertelidea botryosa (vedskivlav, NT, 2026); Sarcodon squamosus (motaggsvamp, NT, 2025)";567341;6507460;16.16214;58.70205
263;3;"Bevaka; begär tillsyn om avverkning inte skett";A 14503-2023;NORRKÖPING;Avverkning tillåten: äldre anmälan;Hög;68.5;2023-03-27;-1217;2028-03-25;3.5;3.52464730409514;Föryngringsavverkning;Normal skog;FALSE;TRUE;"prioriterad fågelart inom området (4 §); hög skog >= 20 m på 90 %; Natura 2000 inom 241 m (Ågelsjön)";0;0;1;0;1;27;0;58;0;0.897;241;Ågelsjön;0;Herrsjöskogen;Tetrao urogallus (tjäder, LC, prio. fågel, 2024);"Tetrastes bonasia (järpe, LC, prio. fågel, 2023); Pyrola chlorantha (grönpyrola, LC, 2025)";563971;6504119;16.10305;58.67256
264;3;"Bevaka; begär tillsyn om avverkning inte skett";A 61104-2022;FINSPÅNG;Avverkning tillåten: äldre anmälan;Hög;68.4;2022-12-20;-1314;2027-12-19;2;3.38975042499825;Föryngringsavverkning;Normal skog;FALSE;TRUE;"art i bilaga IV inom 150 m (4 a §); rödlistad/bilaga IV-fridlyst art inom 150 m (6/8 §, buffertzon); hög skog >= 20 m på 92 %";0;0;0;0;1;6;0;42.4;0;0.924;6344;Magnehults domänreservat;1546;Hjälmstorpenäs;Porodaedalea pini (tallticka, NT, 2021);"Triturus cristatus (större vattensalamander, LC, bil. IV, fridlyst, 2026); Scorzonera humilis (svinrot, NT, 2018)";556638;6513524;15.97899;58.75804
265;3;"Bevaka; begär tillsyn om avverkning inte skett";A 16967-2026;LINKÖPING;Avverkning tillåten: äldre anmälan;Hög;68.4;2026-04-02;-115;2031-04-01;3.2;3.38317724235128;Föryngringsavverkning;Normal skog;FALSE;TRUE;"art i bilaga IV inom 150 m (4 a §); rödlistad/bilaga IV-fridlyst art inom 150 m (6/8 §, buffertzon); hög skog >= 20 m på 96 %";0;0;0;0;0;17;0;49.4;0;0.964;2242;Ycke urskog;1705;Åbobranterna;"";"Leucorrhinia caudalis (bred kärrtrollslända, LC, bil. IV, fridlyst, 2026); Dactylorhiza maculata (fläcknycklar, LC, fridlyst, 2011); Goodyera repens (knärot, VU, fridlyst, 2011); Crossocalyx hellerianus (vedtrappmossa, NT, 2011); Phellinidium ferrugineofuscum (ullticka, NT, 2011); Fabriciana niobe (hedpärlemorfjäril, VU, 2008); Usnea barbata (gropig skägglav, VU, 2011)";523046;6439746;15.39097;58.09853
266;3;"Bevaka; begär tillsyn om avverkning inte skett";A 11757-2025;NORRKÖPING;Avverkning tillåten: äldre anmälan;Hög;68.2;2025-03-11;-502;2030-03-10;10.1;10.1523715540383;Föryngringsavverkning;Normal skog;FALSE;TRUE;"rödlistad/bilaga IV-fridlyst art inom 150 m (6/8 §, buffertzon); hög skog >= 20 m på 90 %";0;0;0;0;7;13;0;56.3;0;0.905;2636;Djupviksbäcken;1055;Nävsjömossen;"Lycopodium clavatum (mattlummer, LC, fridlyst, 2008); Cacotemnus thomsoni (thomsons trägnagare, LC, 2008); Odontoschisma denudatum (kornknutmossa, LC, 2025); Sparassis crispa (blomkålssvamp, LC, 2025); Tomicus minor (mindre märgborre, LC, 2008); Hydnellum ferrugineum (dropptaggsvamp, NT, 2025); Porodaedalea pini (tallticka, NT, 2008)";Corallorhiza trifida (korallrot, LC, fridlyst, 2017);597053;6504068;16.67321;58.66596
267;3;"Bevaka; begär tillsyn om avverkning inte skett";A 47597-2023;ÖDESHÖG;Avverkning tillåten: äldre anmälan;Hög;68;2023-10-04;-1026;2028-10-02;1;0.969399804195779;Föryngringsavverkning;Normal skog;FALSE;TRUE;"art i bilaga IV inom 150 m (4 a §); rödlistad/bilaga IV-fridlyst art inom 150 m (6/8 §, buffertzon); prioriterad fågelart inom 150 m (4 §); hög skog >= 20 m på 98 %";0;0;0;0;0;62;0;40.6;0.017;0.978;2613;Bonderyd;5129;Kråkeryd;"";"Buxbaumia viridis (grön sköldmossa, LC, bil. IV, fridlyst, 2025); Ficedula parva (mindre flugsnappare, LC, prio. fågel, 2018); Antitrichia curtipendula (fällmossa, LC, 2025); Craterellus undulatus (kruskantarell, LC, 2024); Herzogiella seligeri (stubbspretmossa, LC, 2025)";481972;6450501;14.69334;58.19536
268;3;"Bevaka; begär tillsyn om avverkning inte skett";A 50386-2022;SÖDERKÖPING;Avverkning tillåten: äldre anmälan;Hög;67.9;2022-11-01;-1363;2027-10-31;3.9;3.89628535499442;Föryngringsavverkning;Normal skog;FALSE;TRUE;"allmän fridlyst art (t.ex. orkidé) inom 150 m, ej utlösande; hög skoglig naturvärdessannolikhet (HCVF 87); hög skog >= 20 m på 95 %; Natura 2000 inom 0 m (Flatmossen)";0;0;0;0;5;25;0.00568880939798072;87.2;0;0.947;0;Flatmossen;723;Ängelholm;"Herzogiella seligeri (stubbspretmossa, LC, 2022); Microbregma emarginatum (granbarkgnagare, LC, 2022); Odontoschisma denudatum (kornknutmossa, LC, 2022); Felipes leucopellaeus (kattfotslav, NT, 2022); Porodaedalea pini (tallticka, NT, 2022)";"Hepatica nobilis (blåsippa, LC, fridlyst, 2022); Phaeolus schweinitzii (grovticka, LC, 2022); Pyrola chlorantha (grönpyrola, LC, 2022); Cladonia parasitica (dvärgbägarlav, NT, 2022); Hertelidea botryosa (vedskivlav, NT, 2022); Sarcodon squamosus (motaggsvamp, NT, 2022)";603524;6461012;16.76522;58.27794
269;3;"Bevaka; begär tillsyn om avverkning inte skett";A 47600-2023;ÖDESHÖG;Avverkning tillåten: äldre anmälan;Hög;67.6;2023-10-04;-1026;2028-10-02;0.6;0.557332150746416;Föryngringsavverkning;Normal skog;FALSE;TRUE;"art i bilaga IV inom 150 m (4 a §); rödlistad/bilaga IV-fridlyst art inom 150 m (6/8 §, buffertzon); prioriterad fågelart inom 150 m (4 §); hög skog >= 20 m på 97 %";0;0;0;0;0;93;0;59.1;0;0.971;2423;Bonderyd;5275;Kråkeryd;"";"Buxbaumia viridis (grön sköldmossa, LC, bil. IV, fridlyst, 2025); Ficedula parva (mindre flugsnappare, LC, prio. fågel, 2018); Scolytus ratzeburgii (björksplintborre, LC, 2025)";482152;6450531;14.69639;58.19563
270;3;"Bevaka; begär tillsyn om avverkning inte skett";A 34096-2022;FINSPÅNG;Avverkning tillåten: äldre anmälan;Hög;67.3;2022-08-18;-1438;2027-08-17;1.3;1.27512628000157;Föryngringsavverkning;Normal skog;FALSE;TRUE;"hotad art (CR/EN/VU) inom området; hög skog >= 20 m på 95 %";0;0;0;1;3;52;0;58.2;0;0.95;2682;Ölstadsjön;306;Lotorp;"Sparassis crispa (blomkålssvamp, LC, 2025); Porodaedalea pini (tallticka, NT, 2025); Tricholoma colossus (jättemusseron, VU, 2024)";"Craterellus lutescens (rödgul trumpetsvamp, LC, 2025); Dicranum flagellare (flagellkvastmossa, LC, 2025); Frullania tamarisci (klippfrullania, LC, 2020); Herzogiella seligeri (stubbspretmossa, LC, 2025); Leucobryum glaucum (blåmossa, LC, 2025); Nephroma parile (bårdlav, LC, 2020); Tomicus minor (mindre märgborre, LC, 2025); Hydnellum ferrugineum (dropptaggsvamp, NT, 2025); Sarcodon squamosus (motaggsvamp, NT, 2025); Carbonicola anthracophila (kolflarnlav, NT, 2020); Hertelidea botryosa (vedskivlav, NT, 2025); Hypochaeris maculata (slåtterfibbla, NT, 2020)";546529;6509420;15.80343;58.7224
271;3;"Bevaka; begär tillsyn om avverkning inte skett";A 17739-2026;MOTALA;Avverkning tillåten: äldre anmälan;Hög;67.2;2026-04-10;-107;2031-04-09;1.8;2.19988301305138;Föryngringsavverkning;Normal skog;FALSE;TRUE;"prioriterad fågelart inom området (4 §); hög skog >= 20 m på 100 %";0;0;1;0;2;12;0;23.5;0;0.995;6024;Vättern (östra);0;Flädemo;"Dryocopus martius (spillkråka, LC, prio. fågel, 2026); Sarcodon imbricatus (fjällig taggsvamp s.str., NT, 2020)";Motacilla alba (sädesärla, NT, prio. fågel, 2026);502831;6504893;15.04883;58.68423
272;3;"Bevaka; begär tillsyn om avverkning inte skett";A 57697-2023;MOTALA;Avverkning tillåten: äldre anmälan;Hög;67;2023-11-13;-986;2028-11-11;24.8;24.8100268976651;Föryngringsavverkning;Normal skog;FALSE;TRUE;"hotad art (CR/EN/VU) inom området; hög skoglig naturvärdessannolikhet (HCVF 74); hög skog >= 20 m på 97 %";0;0;0;1;1;13;0;73.8;0.001;0.968;5089;Sibborp;4501;Getmans rike;Ulmus glabra (skogsalm, EN, 2024);"";521694;6495914;15.37332;58.60305
273;3;"Bevaka; begär tillsyn om avverkning inte skett";A 18922-2025;NORRKÖPING;Avverkning tillåten: äldre anmälan;Hög;67;2025-04-17;-465;2030-04-16;2.8;3.02791964500863;Föryngringsavverkning;Normal skog;FALSE;TRUE;"rödlistad/bilaga IV-fridlyst art inom 150 m (6/8 §, buffertzon); prioriterad fågelart inom 150 m (4 §); hög skog >= 20 m på 84 %";0;0;0;0;2;25;0;55.1;0;0.839;5531;Nybygget-Duvhult;5624;Glotternskogen;"Hermanssonia centrifuga (rynkskinn, NT, 2025); Phellinidium ferrugineofuscum (ullticka, NT, 2024)";"Goodyera repens (knärot, VU, fridlyst, 2024); Haliaeetus albicilla (havsörn, LC, prio. fågel, 2025); Glaucidium passerinum (sparvuggla, NT, prio. fågel, 2021); Alleniella complanata (platt fjädermossa, LC, 2009); Phaeolus schweinitzii (grovticka, LC, 2024); Crossocalyx hellerianus (vedtrappmossa, NT, 2025); Felipes leucopellaeus (kattfotslav, NT, 2020); Hertelidea botryosa (vedskivlav, NT, 2024); Microcalicium ahlneri (kortskaftad ärgspik, NT, 2024); Porodaedalea pini (tallticka, NT, 2020); Alectoria sarmentosa (garnlav, VU, 2009); Lophozia ascendens (liten hornflikmossa, VU, 2009)";565169;6514150;16.1266;58.76246
274;3;"Bevaka; begär tillsyn om avverkning inte skett";A 27978-2022;ÅTVIDABERG;Avverkning tillåten: äldre anmälan;Hög;66.4;2022-07-03;-1484;2027-07-02;1.4;1.36291812499946;Föryngringsavverkning;Normal skog;FALSE;TRUE;"art i bilaga IV inom 150 m (4 a §); rödlistad/bilaga IV-fridlyst art inom 150 m (6/8 §, buffertzon); hög skog >= 20 m på 83 %";0;0;0;0;0;2;0;35.8;0.085;0.834;2571;Stockmossen;2571;Stockmossen;"";"Osmoderma eremita (läderbagge, VU, bil. IV, fridlyst, 2013); Hypebaeus flavipes (VU, 2013)";550953;6461153;15.86904;58.28845
275;3;"Bevaka; begär tillsyn om avverkning inte skett";A 42054-2022;LINKÖPING;Avverkning tillåten: äldre anmälan;Hög;65.7;2022-09-26;-1399;2027-09-25;1.7;1.70867453739638;Föryngringsavverkning;Normal skog;FALSE;TRUE;"nyckelbiotop överlappar; hög skog >= 20 m på 67 %";0;0;0;0;3;14;0.968119819364867;36.6;0.023;0.673;638;Fornborgen-Grävsten;1652;Ytterby;"Alces alces (älg, NT, 2026); Artomyces pyxidatus (kandelabersvamp, NT, 2015); Porodaedalea pini (tallticka, NT, 2026)";"Tomicus minor (mindre märgborre, LC, 2026); Thymelicus lineola (mindre tåtelsmygare, NT, 2009); Cyaniris semiargus (ängsblåvinge, VU, 2009)";553878;6468232;15.92056;58.35167
276;3;"Bevaka; begär tillsyn om avverkning inte skett";A 4125-2025;VALDEMARSVIK;Avverkning tillåten: äldre anmälan;Hög;65.7;2025-01-28;-544;2030-01-27;0.7;0.742948870009417;Föryngringsavverkning;Normal skog;FALSE;TRUE;"art i bilaga IV inom 150 m (4 a §); rödlistad/bilaga IV-fridlyst art inom 150 m (6/8 §, buffertzon); hög skog >= 20 m på 82 %";0;0;0;0;0;9;0;44.5;0;0.817;5810;Fallingeberg;678;Holmtebo;"";"Triturus cristatus (större vattensalamander, LC, bil. IV, fridlyst, 2012); Hypericum montanum (bergjohannesört, NT, 2025); Lacerta agilis (sandödla, VU, 2023)";591823;6451282;16.56195;58.19318
277;3;"Bevaka; begär tillsyn om avverkning inte skett";A 54785-2022;VALDEMARSVIK;Avverkning tillåten: äldre anmälan;Hög;65.5;2022-11-18;-1346;2027-11-17;8.3;8.46053395497688;Föryngringsavverkning;Normal skog;FALSE;TRUE;"prioriterad fågelart inom området (4 §); hög skog >= 20 m på 96 %";0;0;1;0;1;12;0;57.3;0;0.965;5976;Fallingeberg;2465;Holmtebo;Poecile montanus (talltita, NT, prio. fågel, 2023);"Dryocopus martius (spillkråka, LC, prio. fågel, 2024); Pluteus plautus (rynkskölding, LC, 2011); Hypericum montanum (bergjohannesört, NT, 2023)";588828;6448604;16.51001;58.16975
278;3;"Bevaka; begär tillsyn om avverkning inte skett";A 62973-2021;NORRKÖPING;Avverkning tillåten: äldre anmälan;Hög;65;2021-11-04;-1725;2026-11-03;3;2.98953641434941;Föryngringsavverkning;Normal skog;FALSE;TRUE;"rödlistad/bilaga IV-fridlyst art inom 150 m (6/8 §, buffertzon); hög skog >= 20 m på 89 %";0;0;0;0;4;44;0.0157136445933718;35.8;0;0.892;1208;Marmorbruket;1099;Marmorbruket;"Craterellus lutescens (rödgul trumpetsvamp, LC, 2006); Hydnellum concrescens (zontaggsvamp, LC, 2010); Phaeolus schweinitzii (grovticka, LC, 2006); Sarcodon imbricatus (fjällig taggsvamp s.str., NT, 2006)";"Platanthera bifolia (nattviol, LC, fridlyst, 2017); Cephalanthera rubra (röd skogslilja, NT, fridlyst, 2011); Hygrocybe conica (toppvaxing, LC, 2010); Hygrocybe reidii (honungsvaxing, LC, 2010); Paragalactinia succosa (gulmjölkig storskål, LC, 2010); Sparassis crispa (blomkålssvamp, LC, 2025); Porodaedalea pini (tallticka, NT, 2022); Selinum carvifolia (krusfrö, NT, 2022); Hydnellum peckii (skarp dropptaggsvamp, NT, 2010); Lathyrus niger (vippärt, NT, 2025); Microglossum olivaceum (olivjordtunga, NT, 2010); Polygala vulgaris (jungfrulin, NT, 2019)";581486;6504726;16.40517;58.67508
279;3;"Bevaka; begär tillsyn om avverkning inte skett";A 54673-2023;KINDA;Avverkning tillåten: äldre anmälan;Hög;64.7;2023-11-05;-994;2028-11-03;2.7;2.6773494415605;Föryngringsavverkning;Ädellövskog;FALSE;TRUE;"allmän fridlyst art (t.ex. orkidé) inom 150 m, ej utlösande; hög skoglig naturvärdessannolikhet (HCVF 77); hög skog >= 20 m på 93 %; Natura 2000 inom 39 m (Ivranäs)";0;0;0;0;1;27;0;77.3;0.125;0.93;39;Ivranäs;11;Sommenäs;Sanicula europaea (sårläka, NT, 2023);"Hepatica nobilis (blåsippa, LC, fridlyst, 2023); Scytinium lichenoides (traslav, LC, 2023); Porodaedalea pini (tallticka, NT, 2023)";522403;6426540;15.3788;57.97994
280;3;"Bevaka; begär tillsyn om avverkning inte skett";A 15844-2026;LINKÖPING;Avverkning tillåten: äldre anmälan;Hög;64.6;2026-03-26;-122;2031-03-25;6;10.5733140295298;Föryngringsavverkning;Normal skog;FALSE;TRUE;"allmän fridlyst art (t.ex. orkidé) inom 150 m, ej utlösande; hotad art (CR/EN/VU) inom området; hög skog >= 20 m på 90 %";0;0;0;1;4;42;0;57.2;0;0.898;1317;Ycke urskog;1307;Ycke;"Fraxinus excelsior (ask, EN, 2010); Antitrichia curtipendula (fällmossa, LC, 2021); Hygrocybe conica (toppvaxing, LC, 2021); Lactarius scrobiculatus (svavelriska, LC, 2008)";"Platanthera chlorantha (grönvit nattviol, LC, fridlyst, 2010); Actaea spicata (svart trolldruva, LC, 2015); Alleniella complanata (platt fjädermossa, LC, 2015); Homalia trichomanoides (trubbfjädermossa, LC, 2015); Hygrocybe reidii (honungsvaxing, LC, 2011); Lejeunea cavifolia (blåsfliksmossa, LC, 2015); Leptogium saturninum (skinnlav, LC, 2011); Porella platyphylla (trädporella, LC, 2015); Hygrocybe chlorophana (gulvaxing, LC, 2021); Hygrocybe punicea (scharlakansvaxing, NT, 2008); Hypogymnia vittata (skuggblåslav, NT, 2011); Peltigera collina (grynig filtlav, NT, 2021)";523537;6440434;15.39936;58.10468
281;3;"Bevaka; begär tillsyn om avverkning inte skett";A 35736-2025;NORRKÖPING;Avverkning tillåten: äldre anmälan;Hög;64.5;2025-07-22;-369;2030-07-21;11.6;11.4535192321538;Föryngringsavverkning;Normal skog;FALSE;TRUE;"prioriterad fågelart inom området (4 §); hög skog >= 20 m på 71 %";0;0;1;0;1;21;0;54.6;0;0.712;2048;Krankensjöarnas sumpskogar;267;Åksjöskogen;Tetrao urogallus (tjäder, LC, prio. fågel, 2021);"Leucobryum glaucum (blåmossa, LC, 2021); Bryoria furcellata (nästlav, LC, 2021); Lactifluus volemus (mandelriska, LC, 2012); Tomicus minor (mindre märgborre, LC, 2021); Hertelidea botryosa (vedskivlav, NT, 2024); Hydnellum ferrugineum (dropptaggsvamp, NT, 2021); Cladonia parasitica (dvärgbägarlav, NT, 2024); Porodaedalea pini (tallticka, NT, 2021); Sarcodon squamosus (motaggsvamp, NT, 2025); Tragosoma depsarium (raggbock, VU, 2012)";577818;6513855;16.34509;58.75771
282;3;"Bevaka; begär tillsyn om avverkning inte skett";A 47964-2025;ÅTVIDABERG;Avverkning tillåten: äldre anmälan;Hög;63.7;2025-10-02;-297;2030-10-01;0.7;0.745295178704243;Föryngringsavverkning;Normal skog;FALSE;TRUE;"art i bilaga IV inom 150 m (4 a §); rödlistad/bilaga IV-fridlyst art inom 150 m (6/8 §, buffertzon); hög skog >= 20 m på 64 %";0;0;0;0;0;1;0;37.5;0;0.637;1979;Hägerstad;1296;Mörkviksbergen;"";Triturus cristatus (större vattensalamander, LC, bil. IV, fridlyst, 2008);579005;6447091;16.34257;58.15803
283;3;"Bevaka; begär tillsyn om avverkning inte skett";A 51538-2024;NORRKÖPING;Avverkning tillåten: äldre anmälan;Hög;63.6;2024-11-08;-625;2029-11-07;1.4;1.64659877499603;Föryngringsavverkning;Normal skog;FALSE;TRUE;"rödlistad/bilaga IV-fridlyst art inom 150 m (6/8 §, buffertzon); prioriterad fågelart inom 150 m (4 §); hög skog >= 20 m på 90 %";0;0;0;0;2;27;0;63;0.042;0.897;5271;Magnehults domänreservat;3389;Hjälmstorpenäs;"Hepatica nobilis (blåsippa, LC, fridlyst, 2025); Antitrichia curtipendula (fällmossa, LC, 2024)";"Goodyera repens (knärot, VU, fridlyst, 2025); Grus grus (trana, LC, prio. fågel, 2025); Nephroma parile (bårdlav, LC, 2024); Alleniella complanata (platt fjädermossa, LC, 2024); Leptogium saturninum (skinnlav, LC, 2024); Leucobryum glaucum (blåmossa, LC, 2022); Lobaria pulmonaria (lunglav, NT, 2025); Hygrocybe punicea (scharlakansvaxing, NT, 2024); Porodaedalea pini (tallticka, NT, 2025)";562769;6515190;16.0854;58.77215
284;3;"Bevaka; begär tillsyn om avverkning inte skett";A 18485-2023;ÅTVIDABERG;Avverkning tillåten: äldre anmälan;Hög;63.5;2023-04-26;-1187;2028-04-24;2.5;2.51769033916742;Föryngringsavverkning;Normal skog;FALSE;TRUE;"rödlistad/bilaga IV-fridlyst art inom 150 m (6/8 §, buffertzon); ädellövskog 29 %; hög skog >= 20 m på 87 %; Natura 2000 inom 308 m (Herrsätter)";0;0;0;0;0;6;0;54;0.287;0.87;308;Herrsätter;92;Herrsätter;"";Lucanus cervus (ekoxe, LC, fridlyst, 2020);555856;6461035;15.95261;58.28679
285;3;"Bevaka; begär tillsyn om avverkning inte skett";A 62659-2025;BOXHOLM;Avverkning tillåten: äldre anmälan;Hög;63.5;2025-12-17;-221;2030-12-16;0.5;0.49748821000352;Avverkning för att bevara och utveckla /försöksver;Ädellövskog;FALSE;TRUE;"hög skoglig naturvärdessannolikhet (HCVF 71); ädellövskog 58 %; hög skog >= 20 m på 98 %";0;0;0;0;1;14;0;71.4;0.576;0.985;3961;Stortorp;572;Bäck;Antitrichia curtipendula (fällmossa, LC, 2022);"Actaea spicata (svart trolldruva, LC, 2022); Alleniella complanata (platt fjädermossa, LC, 2022); Arthonia vinosa (rostfläck, LC, 2022); Blitum bonus-henricus (lungrot, VU, 2014)";498991;6452076;14.98283;58.20987
286;3;"Bevaka; begär tillsyn om avverkning inte skett";A 57110-2025;ÅTVIDABERG;Avverkning tillåten: äldre anmälan;Hög;63.3;2025-11-18;-250;2030-11-17;3.3;3.30161352170087;Föryngringsavverkning;Normal skog;FALSE;TRUE;"rödlistad/bilaga IV-fridlyst art inom 150 m (6/8 §, buffertzon); hög skoglig naturvärdessannolikhet (HCVF 72); hög skog >= 20 m på 86 %";0;0;0;0;1;2;0;71.6;0;0.861;972;Herrsätter;562;Herrsätter;Hertelidea botryosa (vedskivlav, NT, 2025);Lucanus cervus (ekoxe, LC, fridlyst, 2025);557132;6462489;15.97472;58.29968
287;3;"Bevaka; begär tillsyn om avverkning inte skett";A 6353-2026;LINKÖPING;Avverkning tillåten: äldre anmälan;Hög;62.8;2026-02-02;-174;2031-02-01;5.7;6.76640485497322;Föryngringsavverkning;Normal skog;FALSE;TRUE;"prioriterad fågelart inom 150 m (4 §); hotad art (CR/EN/VU) inom området; hög skog >= 20 m på 90 %";0;0;0;2;2;18;0.0138147123302001;42.5;0.003;0.903;1760;Ycke urskog;1755;Ycke;"Fraxinus excelsior (ask, EN, 2024); Sclerophora pallida (gulvit blekspik, VU, 2022)";"Pernis apivorus (bivråk, NT, prio. fågel, 2021); Hieracium gripharium (gripfibbla, EN, 2020); Chrysosplenium alternifolium (gullpudra, NT, 2020); Leontodon hispidus (sommarfibbla, NT, 2020); Peltigera collina (grynig filtlav, NT, 2021); Zygaena minos (klubbsprötad bastardsvärmare, NT, 2021); Zygaena osterodensis (smalsprötad bastardsvärmare, VU, 2023)";521493;6442009;15.36483;58.11893
288;3;"Bevaka; begär tillsyn om avverkning inte skett";A 19654-2025;KINDA;Avverkning tillåten: äldre anmälan;Hög;62.7;2025-04-23;-459;2030-04-22;10.6;10.6633254735101;Föryngringsavverkning;Normal skog;FALSE;TRUE;"rödlistad/bilaga IV-fridlyst art inom 150 m (6/8 §, buffertzon); prioriterad fågelart inom 150 m (4 §); hög skog >= 20 m på 95 %";0;0;0;0;0;31;0;26.6;0;0.949;4602;Föllingsö;9356;Skirsjöskogen;"";"Goodyera repens (knärot, VU, fridlyst, 2024); Tetrao urogallus (tjäder, LC, prio. fågel, 2024); Sparassis crispa (blomkålssvamp, LC, 2017); Ramaria flavescens (tjockfotad fingersvamp, NT, 2017); Polygala vulgaris (jungfrulin, NT, 2024); Xylobolus frustulatus (rutskinn, NT, 2025)";535183;6421133;15.59408;57.93055
289;3;"Bevaka; begär tillsyn om avverkning inte skett";A 53545-2025;FINSPÅNG;Avverkning tillåten: äldre anmälan;Hög;62.4;2025-10-30;-269;2030-10-29;2.3;2.35530431176093;Föryngringsavverkning;Normal skog;FALSE;TRUE;"prioriterad fågelart inom 150 m (4 §); hög skoglig naturvärdessannolikhet (HCVF 75); hög skog >= 20 m på 67 %";0;0;0;0;0;8;0;75.1;0;0.668;5300;Stora Mossen (Igelfors);5286;Stora mossen;"";Asio otus (hornuggla, EN, prio. fågel, 2026);533940;6516631;15.58715;58.78833
290;3;"Bevaka; begär tillsyn om avverkning inte skett";A 12494-2026;LINKÖPING;Avverkning tillåten: äldre anmälan;Hög;62.4;2026-03-09;-139;2031-03-08;3.4;3.3871581742953;Föryngringsavverkning;Normal skog;FALSE;TRUE;"allmän fridlyst art (t.ex. orkidé) inom 150 m, ej utlösande; hotad art (CR/EN/VU) inom området; ädellövskog 36 %";0;0;0;1;3;25;0;52;0.355;0.457;1410;Sibborp;2011;Grönkulla;"Hepatica nobilis (blåsippa, LC, fridlyst, 2026); Scorzonera humilis (svinrot, NT, 2021); Arnica montana (slåttergubbe, VU, 2026)";"Dactylorhiza maculata (fläcknycklar, LC, fridlyst, 2021); Platanthera chlorantha (grönvit nattviol, LC, fridlyst, 2021); Euphrasia officinalis (läkeögontröst, EN, 2016); Acolium inquinans (sotlav, LC, 2021); Antitrichia curtipendula (fällmossa, LC, 2021); Gliophorus irrigatus (gråvaxing, LC, 2017); Gliophorus laetus (broskvaxing, LC, 2017); Hygrocybe ceracea (sprödvaxing, LC, 2017); Hygrocybe chlorophana (gulvaxing, LC, 2017); Hygrocybe coccinea (blodvaxing, LC, 2017); Adscita statices (ängsmetallvinge, NT, 2021); Helianthemum nummularium (solvända, NT, 2026)";524568;6492727;15.42242;58.57429
291;3;"Bevaka; begär tillsyn om avverkning inte skett";A 49999-2025;LINKÖPING;Avverkning tillåten: äldre anmälan;Hög;62.3;2025-10-13;-286;2030-10-12;2.2;2.27678778370707;Föryngringsavverkning;Normal skog;FALSE;TRUE;"allmän fridlyst art (t.ex. orkidé) inom 150 m, ej utlösande; prioriterad fågelart inom 150 m (4 §); hotad art (CR/EN/VU) inom området; hög skog >= 20 m på 76 %";0;0;0;1;2;10;0;36.4;0.008;0.759;3292;Tolefors-Lagerlunda;7065;Kärna mosse;"Fraxinus excelsior (ask, EN, 2022); Lathyrus vernus (vårärt, NT, 2015)";"Platanthera bifolia (nattviol, LC, fridlyst, 2020); Dryocopus martius (spillkråka, LC, prio. fågel, 2022); Alces alces (älg, NT, 2023)";525726;6469765;15.43976;58.36799
292;3;"Bevaka; begär tillsyn om avverkning inte skett";A 15057-2026;MOTALA;Avverkning tillåten: äldre anmälan;Hög;62.3;2026-03-23;-125;2031-03-22;5.3;5.26595932668969;Föryngringsavverkning;Normal skog;FALSE;TRUE;"prioriterad fågelart inom området (4 §); hotad art (CR/EN/VU) inom området; hög skog >= 20 m på 94 %";0;0;1;1;1;10;0;57.5;0.024;0.942;2246;Petersborg;2437;Karshult;Bubo bubo (berguv, VU, prio. fågel, 2009);"";504278;6495321;15.0736;58.59825
293;3;"Bevaka; begär tillsyn om avverkning inte skett";A 17413-2022;FINSPÅNG;Avverkning tillåten: äldre anmälan;Hög;62.2;2022-04-27;-1551;2027-04-26;3.2;3.16561985499803;Föryngringsavverkning;Normal skog;FALSE;TRUE;"naturvårdsavtal/biotopskydd överlappar; hög skoglig naturvärdessannolikhet (HCVF 78); hög skog >= 20 m på 100 %";0;0;0;0;4;4;0;77.6;0.143;0.998;4100;Prästängsuddens lövskog;1896;Vallerängstorp;"Alleniella complanata (platt fjädermossa, LC, 2017); Herzogiella seligeri (stubbspretmossa, LC, 2017); Homalia trichomanoides (trubbfjädermossa, LC, 2017); Oxyporus corticola (barkticka, LC, 2024)";"";548310;6537225;15.8402;58.97189
294;3;"Bevaka; begär tillsyn om avverkning inte skett";A 59356-2023;VALDEMARSVIK;Avverkning tillåten: äldre anmälan;Hög;62.1;2023-11-23;-976;2028-11-21;0.8;2.14691505499249;Föryngringsavverkning;Normal skog;FALSE;TRUE;"prioriterad fågelart inom 150 m (4 §); hotad art (CR/EN/VU) inom området; hög skog >= 20 m på 80 %";0;0;0;1;1;17;0.0437456005046631;55.9;0.02;0.803;9745;Harsbo-Sverkersholm;440;Forsums gammelskog;Fraxinus excelsior (ask, EN, 2019);"Cygnus cygnus (sångsvan, LC, prio. fågel, 2017); Emberiza schoeniclus (sävsparv, LC, prio. fågel, 2007); Anas crecca (kricka, NT, prio. fågel, 2007); Gallinago gallinago (enkelbeckasin, NT, prio. fågel, 2016); Prunella modularis (järnsparv, NT, prio. fågel, 2016); Turdus iliacus (rödvingetrast, NT, prio. fågel, 2016); Sturnus vulgaris (stare, VU, prio. fågel, 2007); Daphne mezereum (tibast, LC, 2021); Acolium inquinans (sotlav, LC, 2024); Botaurus stellaris (rördrom, NT, 2007); Vanellus vanellus (tofsvipa, VU, 2016)";587349;6467594;16.49203;58.34055
295;3;"Bevaka; begär tillsyn om avverkning inte skett";A 3130-2025;ÖDESHÖG;Avverkning tillåten: äldre anmälan;Hög;62;2025-01-21;-551;2030-01-20;18.6;18.6065786128133;Föryngringsavverkning;Normal skog;FALSE;TRUE;"allmän fridlyst art (t.ex. orkidé) inom 150 m, ej utlösande; prioriterad fågelart inom området (4 §); hög skog >= 20 m på 99 %";0;0;2;0;2;4;0;44.4;0;0.991;2495;Trehörna;2570;Ödemark;"Tetrao urogallus (tjäder, LC, prio. fågel, 2020); Poecile montanus (talltita, NT, prio. fågel, 2025)";"Hepatica nobilis (blåsippa, LC, fridlyst, 2024); Polygala vulgaris (jungfrulin, NT, 2024)";487957;6447761;14.79529;58.17095
296;3;"Bevaka; begär tillsyn om avverkning inte skett";A 59474-2025;LINKÖPING;Avverkning tillåten: äldre anmälan;Hög;62;2025-11-28;-240;2030-11-27;8;8.03900804299862;Föryngringsavverkning;Normal skog;FALSE;TRUE;"allmän fridlyst art (t.ex. orkidé) inom 150 m, ej utlösande; hög skoglig naturvärdessannolikhet (HCVF 74); hög skog >= 20 m på 99 %";0;0;0;0;1;51;0;73.6;0;0.986;752;Gamla Måla;37;Kottebo;Antitrichia curtipendula (fällmossa, LC, 2023);"Bufo bufo (vanlig padda, LC, fridlyst, 2023); Pannaria conoplea (grynlav, EN, 2015); Alleniella complanata (platt fjädermossa, LC, 2023); Daphne mezereum (tibast, LC, 2022); Frullania tamarisci (klippfrullania, LC, 2022); Homalia trichomanoides (trubbfjädermossa, LC, 2025); Homalothecium sericeum (guldlockmossa, LC, 2022); Lejeunea cavifolia (blåsfliksmossa, LC, 2025); Nephroma parile (bårdlav, LC, 2025); Rhytidiadelphus loreus (västlig hakmossa, LC, 2022); Timmia austriaca (skogstimmia, LC, 2015); Actaea spicata (svart trolldruva, LC, 2023)";527010;6437014;15.4579;58.07376
297;3;"Bevaka; begär tillsyn om avverkning inte skett";A 62647-2025;BOXHOLM;Avverkning tillåten: äldre anmälan;Hög;62;2025-12-17;-221;2030-12-16;1;1.03246101999927;Avverkning för att bevara och utveckla /försöksver;Normal skog;FALSE;TRUE;"hög skoglig naturvärdessannolikhet (HCVF 72); ädellövskog 24 %; hög skog >= 20 m på 95 %";0;0;0;0;0;13;0;71.8;0.24;0.952;4060;Stortorp;472;Bäck;"";"Actaea spicata (svart trolldruva, LC, 2022); Alleniella complanata (platt fjädermossa, LC, 2022); Antitrichia curtipendula (fällmossa, LC, 2022); Arthonia vinosa (rostfläck, LC, 2022); Blitum bonus-henricus (lungrot, VU, 2014)";499086;6452005;14.98445;58.20923
298;3;"Bevaka; begär tillsyn om avverkning inte skett";A 44652-2022;MJÖLBY;Avverkning tillåten: äldre anmälan;Hög;61.6;2022-10-06;-1389;2027-10-05;0.6;0.594114200992696;Föryngringsavverkning;Normal skog;FALSE;TRUE;"art i bilaga IV inom 150 m (4 a §); rödlistad/bilaga IV-fridlyst art inom 150 m (6/8 §, buffertzon); hög skog >= 20 m på 100 %";0;0;0;0;0;13;0;61;0.006;1;2661;Solberga;0;Skogssjöområdet;"";Triturus cristatus (större vattensalamander, LC, bil. IV, fridlyst, 2022);507421;6466693;15.12675;58.34109
299;3;"Bevaka; begär tillsyn om avverkning inte skett";A 1281-2023;NORRKÖPING;Avverkning tillåten: äldre anmälan;Hög;61.6;2023-01-10;-1293;2028-01-09;0.6;0.622357784999383;Föryngringsavverkning;Normal skog;FALSE;TRUE;"prioriterad fågelart inom området (4 §); hög skog >= 20 m på 99 %; Natura 2000 inom 58 m (Krankensjöarnas sumpskogar)";0;0;1;0;1;4;0;18.6;0;0.99;58;Krankensjöarnas sumpskogar;63;Krankenbäcken;Glaucidium passerinum (sparvuggla, NT, prio. fågel, 2010);"";575240;6512895;16.30023;58.74955
300;3;"Bevaka; begär tillsyn om avverkning inte skett";A 52743-2021;ÅTVIDABERG;Avverkning tillåten: äldre anmälan;Hög;61.5;2021-09-28;-1762;2026-09-27;0.5;0.489324226651713;Föryngringsavverkning;Normal skog;FALSE;TRUE;"art i bilaga IV inom 150 m (4 a §); rödlistad/bilaga IV-fridlyst art inom 150 m (6/8 §, buffertzon); hög skog >= 20 m på 95 %";0;0;0;0;0;5;0;40;0;0.949;4330;Stora och Lilla Löpgöl;6;Kojmon;"";Buxbaumia viridis (grön sköldmossa, LC, bil. IV, fridlyst, 2013);577033;6450040;16.31004;58.18486
301;3;"Bevaka; begär tillsyn om avverkning inte skett";A 33003-2024;KINDA;Avverkning tillåten: äldre anmälan;Hög;61.4;2024-08-13;-712;2029-08-12;2.4;2.4423499999987;Avverkning för annat ändamål;Normal skog;FALSE;TRUE;"allmän fridlyst art (t.ex. orkidé) inom 150 m, ej utlösande; prioriterad fågelart inom området (4 §); hög skog >= 20 m på 67 %";0;0;1;0;2;12;0;50;0.063;0.667;2189;Räckeskog;2220;Räckeskog;"Emberiza schoeniclus (sävsparv, LC, prio. fågel, 2025); Scorzonera humilis (svinrot, NT, 2026)";"Platanthera bifolia (nattviol, LC, fridlyst, 2026); Turdus pilaris (björktrast, NT, prio. fågel, 2024); Leontodon hispidus (sommarfibbla, NT, 2026); Polygala vulgaris (jungfrulin, NT, 2026)";545972;6445536;15.781;58.14873
302;3;"Bevaka; begär tillsyn om avverkning inte skett";A 21719-2024;FINSPÅNG;Avverkning tillåten: äldre anmälan;Hög;61.3;2024-05-30;-787;2029-05-29;1.3;1.32566114629172;Föryngringsavverkning;Normal skog;FALSE;TRUE;"nyckelbiotop överlappar; hög skoglig naturvärdessannolikhet (HCVF 81); hög skog >= 20 m på 98 %";0;0;0;0;0;0;0.90390293313203;80.6;0.082;0.976;2115;Prästängsuddens lövskog;2115;Prästängsuddens lövskog;"";"";549119;6534617;15.8537;58.94838
303;3;"Bevaka; begär tillsyn om avverkning inte skett";A 19324-2025;NORRKÖPING;Avverkning tillåten: äldre anmälan;Hög;61.1;2025-04-22;-460;2030-04-21;3.1;3.06200297002578;Föryngringsavverkning;Normal skog;FALSE;TRUE;"prioriterad fågelart inom 150 m (4 §); hög skoglig naturvärdessannolikhet (HCVF 75); hög skog >= 20 m på 90 %; Natura 2000 inom 43 m (Rödgölen-Svartgölen)";0;0;0;0;0;49;0;75.4;0;0.9;43;Rödgölen-Svartgölen;15;Rödgölen;"";Ficedula parva (mindre flugsnappare, LC, prio. fågel, 2026);565579;6504767;16.13094;58.67815
304;3;"Bevaka; begär tillsyn om avverkning inte skett";A 4982-2022;YDRE;Avverkning tillåten: äldre anmälan;Hög;60.9;2022-02-01;-1636;2027-01-31;5.8;5.85720715998895;Föryngringsavverkning;Normal skog;FALSE;TRUE;"art i bilaga IV inom 150 m (4 a §); rödlistad/bilaga IV-fridlyst art inom 150 m (6/8 §, buffertzon); hög skog >= 20 m på 87 %";0;0;0;0;0;2;0;49.2;0;0.874;2980;Rosebo;1502;Svensbo lövskog;"";Leucorrhinia caudalis (bred kärrtrollslända, LC, bil. IV, fridlyst, 2017);509817;6428085;15.16605;57.99427
305;3;"Bevaka; begär tillsyn om avverkning inte skett";A 12188-2026;NORRKÖPING;Avverkning tillåten: äldre anmälan;Hög;60.8;2026-03-05;-143;2031-03-04;7.7;7.76334237101455;Föryngringsavverkning;Normal skog;FALSE;TRUE;"rödlistad/bilaga IV-fridlyst art inom området (6/8 §); hög skog >= 20 m på 87 %";0;1;0;0;1;14;0;44.3;0;0.873;2412;Djupviksbäcken;627;Nävsjömossen;Corallorhiza trifida (korallrot, LC, fridlyst, 2017);"Sparassis crispa (blomkålssvamp, LC, 2025); Odontoschisma denudatum (kornknutmossa, LC, 2025); Porodaedalea pini (tallticka, NT, 2025)";597260;6503802;16.67666;58.66352
306;3;"Bevaka; begär tillsyn om avverkning inte skett";A 4644-2024;FINSPÅNG;Avverkning tillåten: äldre anmälan;Hög;60.3;2024-02-06;-901;2029-02-04;5.3;5.33830277998422;Föryngringsavverkning;Normal skog;FALSE;TRUE;"allmän fridlyst art (t.ex. orkidé) inom 150 m, ej utlösande; prioriterad fågelart inom området (4 §); hög skog >= 20 m på 97 %";0;0;1;0;1;10;0;58.9;0.062;0.969;7031;Mjälnäs sumpskog;2564;Ändebol;Aquila chrysaetos (kungsörn, NT, prio. fågel, 2021);"Hepatica nobilis (blåsippa, LC, fridlyst, 2024); Fraxinus excelsior (ask, EN, 2024); Daphne mezereum (tibast, LC, 2024); Hygrocybe cantharellus (kantarellvaxing, LC, 2017); Hygrocybe ceracea (sprödvaxing, LC, 2017); Hygrocybe chlorophana (gulvaxing, LC, 2017); Hygrocybe coccinea (blodvaxing, LC, 2017); Hygrocybe conica (toppvaxing, LC, 2017); Hygrocybe punicea (scharlakansvaxing, NT, 2017)";565292;6524275;16.13168;58.85335
307;3;"Bevaka; begär tillsyn om avverkning inte skett";A 32069-2022;ÅTVIDABERG;Avverkning tillåten: äldre anmälan;Hög;60.1;2022-08-05;-1451;2027-08-04;0.1;0.130552710803738;Föryngringsavverkning;Normal skog;FALSE;TRUE;"nyckelbiotop överlappar; hög skoglig naturvärdessannolikhet (HCVF 73); hög skog >= 20 m på 100 %";0;0;0;0;0;18;0.999040670196223;72.7;0;1;5864;Herrsätter;909;Långdalsgölen;"";"";561549;6464594;16.05063;58.31799
308;3;"Bevaka; begär tillsyn om avverkning inte skett";A 33604-2022;ÅTVIDABERG;Avverkning tillåten: äldre anmälan;Hög;60;2022-08-16;-1440;2027-08-15;0;0.031389478749386;Föryngringsavverkning;Normal skog;FALSE;TRUE;"nyckelbiotop överlappar; hög skoglig naturvärdessannolikhet (HCVF 73); hög skog >= 20 m på 100 %";0;0;0;0;0;16;0.861835700507768;73;0;1;5809;Herrsätter;853;Långdalsgölen;"";"";561568;6464438;16.05091;58.31659
309;3;"Bevaka; begär tillsyn om avverkning inte skett";A 31582-2023;NORRKÖPING;Avverkning tillåten: äldre anmälan;Hög;59.9;2023-07-10;-1112;2028-07-08;0.9;0.898175889999978;Föryngringsavverkning;Normal skog;FALSE;TRUE;"allmän fridlyst art (t.ex. orkidé) inom 150 m, ej utlösande; prioriterad fågelart inom området (4 §); hög skog >= 20 m på 94 %; Natura 2000 inom 78 m (Nybygget-Duvhult)";0;0;1;0;1;92;0;26.3;0;0.944;78;Nybygget-Duvhult;1286;Sätramarken;Tetrao urogallus (tjäder, LC, prio. fågel, 2023);"Anguis fragilis (kopparödla, LC, fridlyst, 2026); Lycopodium clavatum (mattlummer, LC, fridlyst, 2026); Platanthera chlorantha (grönvit nattviol, LC, fridlyst, 2026); Haliaeetus albicilla (havsörn, LC, prio. fågel, 2024); Sparassis crispa (blomkålssvamp, LC, 2018); Hypochaeris maculata (slåtterfibbla, NT, 2026); Trifolium aureum (gullklöver, NT, 2025)";562611;6508521;16.08081;58.71229
310;3;"Bevaka; begär tillsyn om avverkning inte skett";A 30324-2024;SÖDERKÖPING;Avverkning tillåten: äldre anmälan;Hög;59.9;2024-07-17;-739;2029-07-16;10.7;10.9288130400046;Föryngringsavverkning;Normal skog;FALSE;TRUE;"prioriterad fågelart inom området (4 §); hög skog >= 20 m på 79 %";0;0;1;0;1;3;0;39.6;0;0.788;2049;Passdalsån;1960;Ramshults tallskogar;Caprimulgus europaeus (nattskärra, LC, prio. fågel, 2023);"Tetrao urogallus (tjäder, LC, prio. fågel, 2015); Leucobryum glaucum (blåmossa, LC, 2015)";596570;6464024;16.64796;58.30657
311;3;"Bevaka; begär tillsyn om avverkning inte skett";A 6175-2022;FINSPÅNG;Avverkning tillåten: äldre anmälan;Hög;59.8;2022-02-07;-1630;2027-02-06;3.8;3.82298704949999;Föryngringsavverkning;Normal skog;FALSE;TRUE;"allmän fridlyst art (t.ex. orkidé) inom 150 m, ej utlösande; hög skoglig naturvärdessannolikhet (HCVF 92); hög skog >= 20 m på 100 %";0;0;0;0;6;23;0;92.4;0.132;0.999;1346;Prästängsuddens lövskog;1346;Prästängsuddens lövskog;"Hepatica nobilis (blåsippa, LC, fridlyst, 2022); Odontoschisma denudatum (kornknutmossa, LC, 2022); Pyrola chlorantha (grönpyrola, LC, 2022); Tomicus minor (mindre märgborre, LC, 2022); Fomitiporia robusta (ekticka, NT, 2022); Porodaedalea pini (tallticka, NT, 2026)";"Scolytus ratzeburgii (björksplintborre, LC, 2022); Antitrichia curtipendula (fällmossa, LC, 2026); Dicranum flagellare (flagellkvastmossa, LC, 2022); Oxyporus corticola (barkticka, LC, 2026); Phaeolus schweinitzii (grovticka, LC, 2022); Hydnellum ferrugineum (dropptaggsvamp, NT, 2022); Phellinidium ferrugineofuscum (ullticka, NT, 2019)";552427;6532628;15.9107;58.93012
312;3;"Bevaka; begär tillsyn om avverkning inte skett";A 60171-2023;NORRKÖPING;Avverkning tillåten: äldre anmälan;Hög;59.7;2023-11-28;-971;2028-11-26;0.8;1.66872753000935;Avverkning för att bevara och utveckla /försöksver;Normal skog;FALSE;TRUE;"rödlistad/bilaga IV-fridlyst art inom 150 m (6/8 §, buffertzon); hög skog >= 20 m på 97 %";0;0;0;0;2;20;0;58.4;0;0.97;939;Nybygget-Duvhult;2714;Sätramarken;"Sparassis crispa (blomkålssvamp, LC, 2024); Porodaedalea pini (tallticka, NT, 2024)";"Goodyera repens (knärot, VU, fridlyst, 2025); Cardamine flexuosa (skogsbräsma, LC, 2013); Cossus cossus (större träfjäril, LC, 2020)";563016;6509951;16.08821;58.72507
313;3;"Bevaka; begär tillsyn om avverkning inte skett";A 28395-2024;FINSPÅNG;Avverkning tillåten: äldre anmälan;Hög;59.6;2024-07-04;-752;2029-07-03;0.6;0.587043940007262;Föryngringsavverkning;Normal skog;FALSE;TRUE;"allmän fridlyst art (t.ex. orkidé) inom 150 m, ej utlösande; prioriterad fågelart inom området (4 §); hög skog >= 20 m på 73 %";0;0;1;0;2;16;0;11.2;0;0.727;2442;Magnehults domänreservat;2383;Magnehults domänreservat;"Dactylorhiza maculata (fläcknycklar, LC, fridlyst, 2021); Poecile montanus (talltita, NT, prio. fågel, 2021)";"Tetrao urogallus (tjäder, LC, prio. fågel, 2025); Emberiza citrinella (gulsparv, NT, prio. fågel, 2021); Sarcodon squamosus (motaggsvamp, NT, 2025); Cladonia parasitica (dvärgbägarlav, NT, 2025)";561517;6521052;16.06537;58.82497
314;3;"Bevaka; begär tillsyn om avverkning inte skett";A 19566-2022;BOXHOLM;Avverkning tillåten: äldre anmälan;Hög;59.2;2022-05-12;-1536;2027-05-11;2.2;2.23585406654961;Föryngringsavverkning;Normal skog;FALSE;TRUE;"prioriterad fågelart inom området (4 §); hög skog >= 20 m på 97 %";0;0;1;0;1;35;0;8.2;0.002;0.968;3153;Rinnamyren;3513;Åsabackarna;Emberiza citrinella (gulsparv, NT, prio. fågel, 2026);"Grus grus (trana, LC, prio. fågel, 2026); Turdus iliacus (rödvingetrast, NT, prio. fågel, 2026); Crepis tectorum (klofibbla, NT, 2012); Trifolium aureum (gullklöver, NT, 2012)";498321;6457607;14.97139;58.25955
315;3;"Bevaka; begär tillsyn om avverkning inte skett";A 40315-2024;LINKÖPING;Avverkning tillåten: äldre anmälan;Hög;59;2024-09-19;-675;2029-09-18;15.4;15.8404500000009;Föryngringsavverkning;Normal skog;FALSE;TRUE;"prioriterad fågelart inom 150 m (4 §); hotad art (CR/EN/VU) inom området; hög skog >= 20 m på 93 %";0;0;0;1;1;12;0;46.9;0;0.934;3411;Älgbosätter;4630;Västerby lövskogar;Ulmus glabra (skogsalm, EN, 2019);Milvus milvus (röd glada, LC, prio. fågel, 2024);533012;6457130;15.56248;58.25403
316;3;"Bevaka; begär tillsyn om avverkning inte skett";A 12279-2026;NORRKÖPING;Avverkning tillåten: äldre anmälan;Hög;58.9;2026-03-06;-142;2031-03-05;7.2;6.93626631650515;Föryngringsavverkning;Normal skog;FALSE;TRUE;"rödlistad/bilaga IV-fridlyst art inom 150 m (6/8 §, buffertzon); prioriterad fågelart inom 150 m (4 §); hög skog >= 20 m på 71 %";0;0;0;0;1;31;0;37.8;0.002;0.713;5031;Jonsberg;5177;Stora Rimmö;Porodaedalea pini (tallticka, NT, 2026);"Lucanus cervus (ekoxe, LC, fridlyst, 2026); Dryocopus martius (spillkråka, LC, prio. fågel, 2026)";608197;6483828;16.85558;58.48164
317;3;"Bevaka; begär tillsyn om avverkning inte skett";A 38913-2025;NORRKÖPING;Avverkning tillåten: äldre anmälan;Hög;58.8;2025-08-18;-342;2030-08-17;0.8;0.836019615000929;Föryngringsavverkning;Normal skog;FALSE;TRUE;"prioriterad fågelart inom 150 m (4 §); hög skoglig naturvärdessannolikhet (HCVF 74); hög skog >= 20 m på 95 %; Natura 2000 inom 57 m (Rödgölen-Svartgölen)";0;0;0;0;0;49;0;73.7;0.027;0.954;57;Rödgölen-Svartgölen;20;Rödgölen;"";"Ficedula parva (mindre flugsnappare, LC, prio. fågel, 2026); Motacilla alba (sädesärla, NT, prio. fågel, 2026)";565730;6504809;16.13357;58.6785
318;3;"Bevaka; begär tillsyn om avverkning inte skett";A 11597-2026;ÅTVIDABERG;Avverkning tillåten: äldre anmälan;Hög;58.8;2026-03-03;-145;2031-03-02;0.5;0.787062560001246;Föryngringsavverkning;Normal skog;FALSE;TRUE;"rödlistad/bilaga IV-fridlyst art inom 150 m (6/8 §, buffertzon); prioriterad fågelart inom 150 m (4 §); hög skog >= 20 m på 60 %";0;0;0;0;0;26;0;20.1;0;0.601;3989;Vegalla;260;Ekhammarviken;"";"Goodyera repens (knärot, VU, fridlyst, 2026); Dryocopus martius (spillkråka, LC, prio. fågel, 2026); Leucobryum glaucum (blåmossa, LC, 2026); Tomicus minor (mindre märgborre, LC, 2026); Cladonia parasitica (dvärgbägarlav, NT, 2026); Hertelidea botryosa (vedskivlav, NT, 2026); Porodaedalea pini (tallticka, NT, 2026)";565191;6465431;16.11302;58.32498
319;3;"Bevaka; begär tillsyn om avverkning inte skett";A 32060-2022;ÅTVIDABERG;Avverkning tillåten: äldre anmälan;Hög;58.4;2022-08-05;-1451;2027-08-04;0.1;0.382946760098543;Föryngringsavverkning;Normal skog;FALSE;TRUE;"rödlistad/bilaga IV-fridlyst art inom 150 m (6/8 §, buffertzon); prioriterad fågelart inom 150 m (4 §); hög skog >= 20 m på 100 %";0;0;0;0;0;90;0;50.2;0;1;6595;Herrsätter;388;Långdalsgölen;"";"Epipactis atrorubens (purpurknipprot, LC, fridlyst, 2026); Goodyera repens (knärot, VU, fridlyst, 2026); Dryocopus martius (spillkråka, LC, prio. fågel, 2026); Tetrao urogallus (tjäder, LC, prio. fågel, 2026); Haliaeetus albicilla (havsörn, LC, prio. fågel, 2026); Tetrastes bonasia (järpe, LC, prio. fågel, 2024); Poecile montanus (talltita, NT, prio. fågel, 2026); Dryobates minor (mindre hackspett, NT, prio. fågel, 2026); Cacotemnus thomsoni (thomsons trägnagare, LC, 2025); Homalia trichomanoides (trubbfjädermossa, LC, 2026); Dicranodontium denudatum (skuggmossa, LC, 2017); Dicranum flagellare (flagellkvastmossa, LC, 2017)";562273;6464846;16.06305;58.32015
320;3;"Bevaka; begär tillsyn om avverkning inte skett";A 32066-2022;ÅTVIDABERG;Avverkning tillåten: äldre anmälan;Hög;58.3;2022-08-05;-1451;2027-08-04;0.3;0.265703251346387;Föryngringsavverkning;Normal skog;FALSE;TRUE;"rödlistad/bilaga IV-fridlyst art inom 150 m (6/8 §, buffertzon); prioriterad fågelart inom 150 m (4 §); hög skog >= 20 m på 95 %";0;0;0;0;0;73;0;43.1;0;0.949;6517;Herrsätter;221;Långdalsgölen;"";"Epipactis atrorubens (purpurknipprot, LC, fridlyst, 2026); Goodyera repens (knärot, VU, fridlyst, 2026); Dryocopus martius (spillkråka, LC, prio. fågel, 2026); Dryobates minor (mindre hackspett, NT, prio. fågel, 2026); Bryoria furcellata (nästlav, LC, 2017); Leucobryum glaucum (blåmossa, LC, 2026); Calicium denigratum (blanksvart spiklav, NT, 2017); Crossocalyx hellerianus (vedtrappmossa, NT, 2021); Felipes leucopellaeus (kattfotslav, NT, 2026); Hertelidea botryosa (vedskivlav, NT, 2026); Hypogymnia vittata (skuggblåslav, NT, 2025); Phellinidium ferrugineofuscum (ullticka, NT, 2026)";562356;6464486;16.06437;58.31691
321;3;"Bevaka; begär tillsyn om avverkning inte skett";A 70-2024;LINKÖPING;Avverkning tillåten: äldre anmälan;Hög;58.3;2024-01-02;-936;2028-12-31;1.3;1.26013493999403;Föryngringsavverkning;Normal skog;FALSE;TRUE;"rödlistad/bilaga IV-fridlyst art inom 150 m (6/8 §, buffertzon); prioriterad fågelart inom 150 m (4 §); ädellövskog 26 %; hög skog >= 20 m på 94 %";0;0;0;0;0;41;0;48.4;0.256;0.944;1331;Västerby;1331;Västerby lövskogar;"";"Lucanus cervus (ekoxe, LC, fridlyst, 2026); Dryocopus martius (spillkråka, LC, prio. fågel, 2023); Leucobryum glaucum (blåmossa, LC, 2022)";540653;6457920;15.6928;58.26049
322;3;"Bevaka; begär tillsyn om avverkning inte skett";A 25996-2025;LINKÖPING;Avverkning tillåten: äldre anmälan;Hög;58.2;2025-05-27;-425;2030-05-26;3.2;3.18835294273754;Föryngringsavverkning;Normal skog;FALSE;TRUE;"art i bilaga IV inom 150 m (4 a §); rödlistad/bilaga IV-fridlyst art inom 150 m (6/8 §, buffertzon); hög skog >= 20 m på 93 %";0;0;0;0;0;17;0;47.6;0.003;0.926;6270;Tolefors-Lagerlunda;7398;Tinnerö eklandskap;"";"Triturus cristatus (större vattensalamander, LC, bil. IV, fridlyst, 2021); Platanthera chlorantha (grönvit nattviol, LC, fridlyst, 2026); Hygrocybe ceracea (sprödvaxing, LC, 2014); Hygrocybe chlorophana (gulvaxing, LC, 2014); Hygrocybe coccinea (blodvaxing, LC, 2014); Hygrocybe punicea (scharlakansvaxing, NT, 2014); Polygala vulgaris (jungfrulin, NT, 2021); Scorzonera humilis (svinrot, NT, 2021)";528035;6465932;15.47875;58.33342
323;3;"Bevaka; begär tillsyn om avverkning inte skett";A 9696-2025;NORRKÖPING;Avverkning tillåten: äldre anmälan;Hög;58;2025-02-28;-513;2030-02-27;3.4;3.99674366501064;Föryngringsavverkning;Normal skog;FALSE;TRUE;"prioriterad fågelart inom 150 m (4 §); hotad art (CR/EN/VU) inom området; hög skog >= 20 m på 79 %";0;0;0;1;1;10;0;51.3;0.059;0.787;1522;Glotternskogen;1522;Glotternskogen;Lynx lynx (lo, VU, 2019);"Grus grus (trana, LC, prio. fågel, 2019); Motacilla alba (sädesärla, NT, prio. fågel, 2019); Hieracium adampliatum (östgötafibbla, VU, 2022)";567826;6511065;16.17159;58.73435
324;3;"Bevaka; begär tillsyn om avverkning inte skett";A 68936-2021;NORRKÖPING;Avverkning tillåten: äldre anmälan;Hög;57.8;2021-11-30;-1699;2026-11-29;0.8;0.839960725001915;Föryngringsavverkning;Normal skog;FALSE;TRUE;"prioriterad fågelart inom området (4 §); hotad art (CR/EN/VU) inom området; hög skog >= 20 m på 87 %";0;0;1;1;1;23;0;28.9;0;0.874;5223;Glotternskogen;5223;Glotternskogen;Aegolius funereus (pärluggla, EN, prio. fågel, 2017);"";565498;6513932;16.13222;58.76046
325;3;"Bevaka; begär tillsyn om avverkning inte skett";A 17769-2026;FINSPÅNG;Avverkning tillåten: äldre anmälan;Hög;57.7;2026-04-10;-107;2031-04-09;0.7;0.734481722041592;Föryngringsavverkning;Normal skog;FALSE;TRUE;"allmän fridlyst art (t.ex. orkidé) inom 150 m, ej utlösande; hotad art (CR/EN/VU) inom området; ädellövskog 89 %; hög skog >= 20 m på 100 %";0;0;0;1;1;16;0;40.3;0.89;1;3163;Tyresfall;1718;Regnaholms lövskog;Cyaniris semiargus (ängsblåvinge, VU, 2007);"Hepatica nobilis (blåsippa, LC, fridlyst, 2023); Fraxinus excelsior (ask, EN, 2023)";539825;6527970;15.69098;58.88965
326;3;"Bevaka; begär tillsyn om avverkning inte skett";A 46763-2025;VALDEMARSVIK;Avverkning tillåten: äldre anmälan;Hög;57.5;2025-09-26;-303;2030-09-25;1.5;1.51641261019884;Föryngringsavverkning;Normal skog;FALSE;TRUE;"rödlistad/bilaga IV-fridlyst art inom 150 m (6/8 §, buffertzon); hög skog >= 20 m på 98 %; Natura 2000 inom 424 m (Harsbo-Sverkersholm)";0;0;0;0;0;4;0;51.9;0;0.983;424;Harsbo-Sverkersholm;424;Harsbo-Sverkersholm;"";"Lycopodium clavatum (mattlummer, LC, fridlyst, 2025); Goodyera repens (knärot, VU, fridlyst, 2025); Herzogiella seligeri (stubbspretmossa, LC, 2025)";576200;6470053;16.30245;58.36471
327;3;"Bevaka; begär tillsyn om avverkning inte skett";A 11752-2026;ÅTVIDABERG;Avverkning tillåten: äldre anmälan;Hög;57.3;2026-03-03;-145;2031-03-02;7.3;7.31821109065879;Föryngringsavverkning;Normal skog;FALSE;TRUE;"rödlistad/bilaga IV-fridlyst art inom 150 m (6/8 §, buffertzon); hög skoglig naturvärdessannolikhet (HCVF 88); hög skog >= 20 m på 99 %";0;0;0;0;0;16;0;87.8;0.005;0.993;818;Åtvidsnäs;818;Åtvidsnäs;"";"Anguis fragilis (kopparödla, LC, fridlyst, 2025); Lucanus cervus (ekoxe, LC, fridlyst, 2020)";562284;6450274;16.05933;58.18929
328;3;"Bevaka; begär tillsyn om avverkning inte skett";A 25168-2022;ÅTVIDABERG;Avverkning tillåten: äldre anmälan;Hög;57;2022-06-17;-1500;2027-06-16;0.6;1.04215989654742;Föryngringsavverkning;Normal skog;FALSE;TRUE;"rödlistad/bilaga IV-fridlyst art inom 150 m (6/8 §, buffertzon); hög skoglig naturvärdessannolikhet (HCVF 71); hög skog >= 20 m på 86 %";0;0;0;0;0;26;0;71;0;0.855;2619;Ekhultebergen;280;Åsen;"";"Hepatica nobilis (blåsippa, LC, fridlyst, 2011); Lucanus cervus (ekoxe, LC, fridlyst, 2020); Alleniella complanata (platt fjädermossa, LC, 2011); Antitrichia curtipendula (fällmossa, LC, 2011)";575000;6448179;16.27487;58.1685
329;3;"Bevaka; begär tillsyn om avverkning inte skett";A 9155-2025;YDRE;Avverkning tillåten: äldre anmälan;Hög;57;2025-02-26;-515;2030-02-25;1;1.01892081499776;Föryngringsavverkning;Normal skog;FALSE;TRUE;"rödlistad/bilaga IV-fridlyst art inom 150 m (6/8 §, buffertzon); hög skog >= 20 m på 89 %; Natura 2000 inom 145 m (Rocks mosse)";0;0;0;0;0;5;0;39.5;0.018;0.892;145;Rocks mosse;145;Rocks mosse;"";"Pulsatilla vulgaris (backsippa, VU, fridlyst, 2015); Fraxinus excelsior (ask, EN, 2015); Trifolium aureum (gullklöver, NT, 2015); Porodaedalea pini (tallticka, NT, 2007)";520993;6423189;15.35466;57.94992
330;3;"Bevaka; begär tillsyn om avverkning inte skett";A 25171-2022;ÅTVIDABERG;Avverkning tillåten: äldre anmälan;Hög;56.9;2022-06-17;-1500;2027-06-16;0.9;0.94985158680222;Föryngringsavverkning;Normal skog;FALSE;TRUE;"rödlistad/bilaga IV-fridlyst art inom 150 m (6/8 §, buffertzon); hög skoglig naturvärdessannolikhet (HCVF 73); hög skog >= 20 m på 100 %";0;0;0;0;0;21;0;72.7;0;0.999;2667;Ekhultebergen;308;Åsen;"";"Hepatica nobilis (blåsippa, LC, fridlyst, 2011); Lucanus cervus (ekoxe, LC, fridlyst, 2020); Alleniella complanata (platt fjädermossa, LC, 2011); Antitrichia curtipendula (fällmossa, LC, 2011)";574982;6448227;16.27459;58.16894
331;3;"Bevaka; begär tillsyn om avverkning inte skett";A 21772-2024;NORRKÖPING;Avverkning tillåten: äldre anmälan;Hög;56.9;2024-05-30;-787;2029-05-29;0.9;1.94019242500272;Föryngringsavverkning;Normal skog;FALSE;TRUE;"art i bilaga IV inom 150 m (4 a §); rödlistad/bilaga IV-fridlyst art inom 150 m (6/8 §, buffertzon); hög skog >= 20 m på 85 %";0;0;0;0;0;16;0;30.5;0;0.846;2068;Glotternskogen;2068;Glotternskogen;"";"Leucorrhinia caudalis (bred kärrtrollslända, LC, bil. IV, fridlyst, 2021); Leucobryum glaucum (blåmossa, LC, 2025); Hertelidea botryosa (vedskivlav, NT, 2025); Sarcodon squamosus (motaggsvamp, NT, 2025)";566129;6509607;16.14185;58.72152
332;3;"Bevaka; begär tillsyn om avverkning inte skett";A 21664-2025;ÅTVIDABERG;Avverkning tillåten: äldre anmälan;Hög;56.9;2025-05-06;-446;2030-05-05;1.3;1.86084154212459;Avverkning för att bevara och utveckla /försöksver;Normal skog;FALSE;TRUE;"allmän fridlyst art (t.ex. orkidé) inom 150 m, ej utlösande; prioriterad fågelart inom området (4 §); hög skog >= 20 m på 75 %";0;0;2;0;3;25;0;32.7;0;0.754;1694;Ekhultebergen;0;Åsen;"Bufo bufo (vanlig padda, LC, fridlyst, 2019); Cygnus cygnus (sångsvan, LC, prio. fågel, 2025); Anas crecca (kricka, NT, prio. fågel, 2021)";"";573939;6447794;16.25672;58.16522
333;3;"Bevaka; begär tillsyn om avverkning inte skett";A 34776-2022;FINSPÅNG;Avverkning tillåten: äldre anmälan;Hög;56.8;2022-08-22;-1434;2027-08-21;1.7;1.76522835095339;Föryngringsavverkning;Normal skog;FALSE;TRUE;"art i bilaga IV inom 150 m (4 a §); rödlistad/bilaga IV-fridlyst art inom 150 m (6/8 §, buffertzon); hög skog >= 20 m på 82 %";0;0;0;0;0;15;0;57.6;0;0.818;4178;Asketorp;2886;Regnaholms lövskog;"";"Buxbaumia viridis (grön sköldmossa, LC, bil. IV, fridlyst, 2022); Hepatica nobilis (blåsippa, LC, fridlyst, 2022); Alleniella complanata (platt fjädermossa, LC, 2022); Homalia trichomanoides (trubbfjädermossa, LC, 2022); Crossocalyx hellerianus (vedtrappmossa, NT, 2022)";544505;6529883;15.77255;58.90637
334;3;"Bevaka; begär tillsyn om avverkning inte skett";A 26146-2024;KINDA;Avverkning tillåten: äldre anmälan;Hög;56.8;2024-06-25;-761;2029-06-24;0.8;0.768889568798081;Föryngringsavverkning;Normal skog;FALSE;TRUE;"rödlistad/bilaga IV-fridlyst art inom 150 m (6/8 §, buffertzon); hög skog >= 20 m på 96 %; Natura 2000 inom 443 m (Bäckängsmon)";0;0;0;0;0;16;0;22.7;0;0.96;443;Bäckängsmon;443;Bäckängsmon;"";"Epipactis atrorubens (purpurknipprot, LC, fridlyst, 2014); Lycaena virgaureae (vitfläckig guldvinge, NT, 2020); Thymelicus lineola (mindre tåtelsmygare, NT, 2020); Zygaena minos (klubbsprötad bastardsvärmare, NT, 2024); Boloria selene (brunfläckig pärlemorfjäril, VU, 2018); Cyaniris semiargus (ängsblåvinge, VU, 2018); Zygaena filipendulae (sexfläckig bastardsvärmare, VU, 2017); Zygaena lonicerae (bredbrämad bastardsvärmare, VU, 2019); Zygaena osterodensis (smalsprötad bastardsvärmare, VU, 2024); Zygaena viciae (mindre bastardsvärmare, VU, 2017)";552469;6438597;15.8898;58.0857
335;3;"Bevaka; begär tillsyn om avverkning inte skett";A 32570-2023;FINSPÅNG;Avverkning tillåten: äldre anmälan;Hög;56.7;2023-07-14;-1108;2028-07-12;7.7;7.6833366694821;Föryngringsavverkning;Normal skog;FALSE;TRUE;"allmän fridlyst art (t.ex. orkidé) inom 150 m, ej utlösande; prioriterad fågelart inom området (4 §); hög skog >= 20 m på 88 %";0;0;1;0;1;12;0;46.5;0;0.883;3410;Tyresfall;2977;Lindenäs;Haliaeetus albicilla (havsörn, LC, prio. fågel, 2023);"Dactylorhiza maculata (fläcknycklar, LC, fridlyst, 2021); Dryocopus martius (spillkråka, LC, prio. fågel, 2023); Lyrurus tetrix (orre, LC, prio. fågel, 2023); Poecile montanus (talltita, NT, prio. fågel, 2023); Polygala vulgaris (jungfrulin, NT, 2022)";534173;6530784;15.59336;58.91541
336;3;"Bevaka; begär tillsyn om avverkning inte skett";A 9704-2024;ÅTVIDABERG;Avverkning tillåten: äldre anmälan;Hög;56.6;2024-03-11;-867;2029-03-10;4.3;4.60647225689566;Avverkning för att bevara och utveckla /försöksver;Normal skog;FALSE;TRUE;"rödlistad/bilaga IV-fridlyst art inom 150 m (6/8 §, buffertzon); prioriterad fågelart inom 150 m (4 §); hög skog >= 20 m på 97 %";0;0;0;0;0;63;0;54.9;0.007;0.966;1421;Ekhultebergen;893;Grävsätter;"";"Anguis fragilis (kopparödla, LC, fridlyst, 2015); Bufo bufo (vanlig padda, LC, fridlyst, 2018); Hepatica nobilis (blåsippa, LC, fridlyst, 2016); Lucanus cervus (ekoxe, LC, fridlyst, 2015); Platanthera chlorantha (grönvit nattviol, LC, fridlyst, 2016); Vipera berus (huggorm, LC, fridlyst, 2016); Zootoca vivipara (skogsödla, LC, fridlyst, 2018); Caprimulgus europaeus (nattskärra, LC, prio. fågel, 2016); Cygnus cygnus (sångsvan, LC, prio. fågel, 2023); Dryocopus martius (spillkråka, LC, prio. fågel, 2026); Ficedula parva (mindre flugsnappare, LC, prio. fågel, 2024); Grus grus (trana, LC, prio. fågel, 2023)";575697;6446448;16.28616;58.15284
337;3;"Bevaka; begär tillsyn om avverkning inte skett";A 55431-2025;FINSPÅNG;Avverkning tillåten: äldre anmälan;Hög;56.6;2025-11-10;-258;2030-11-09;1.6;1.56067216725983;Föryngringsavverkning;Normal skog;FALSE;TRUE;"hög skoglig naturvärdessannolikhet (HCVF 71); ädellövskog 41 %; hög skog >= 20 m på 100 %";0;0;0;0;0;3;0;71.4;0.407;0.996;7251;Trolleflod;5073;Hällestads-Torp;"";Ulmus glabra (skogsalm, EN, 2006);528430;6515093;15.49165;58.77491
338;3;"Bevaka; begär tillsyn om avverkning inte skett";A 24411-2023;FINSPÅNG;Avverkning tillåten: äldre anmälan;Hög;56.5;2023-06-05;-1147;2028-06-03;1.1;1.52842060000015;Föryngringsavverkning;Normal skog;FALSE;TRUE;"allmän fridlyst art (t.ex. orkidé) inom 150 m, ej utlösande; prioriterad fågelart inom området (4 §); hög skog >= 20 m på 98 %";0;0;1;0;3;7;0;31.6;0;0.98;7529;Stora Mossen (Igelfors);2216;Trollkäringeskogen;"Dryocopus martius (spillkråka, LC, prio. fågel, 2023); Leucobryum glaucum (blåmossa, LC, 2021); Porodaedalea pini (tallticka, NT, 2024)";"Hepatica nobilis (blåsippa, LC, fridlyst, 2024); Daphne mezereum (tibast, LC, 2024); Scorzonera humilis (svinrot, NT, 2017)";541452;6515703;15.71693;58.77934
339;3;"Bevaka; begär tillsyn om avverkning inte skett";A 7269-2024;FINSPÅNG;Avverkning tillåten: äldre anmälan;Hög;56.2;2024-02-22;-885;2029-02-20;1.2;1.21920324501699;Avverkning för annat ändamål;Normal skog;FALSE;TRUE;"hög skoglig naturvärdessannolikhet (HCVF 82); ädellövskog 24 %; hög skog >= 20 m på 75 %";0;0;0;0;0;6;0;81.6;0.237;0.75;7829;Asketorp;2261;Gäddöskogen;"";"Fraxinus excelsior (ask, EN, 2018); Lycaena virgaureae (vitfläckig guldvinge, NT, 2007); Trifolium aureum (gullklöver, NT, 2024)";551506;6525895;15.89315;58.86977
340;3;"Bevaka; begär tillsyn om avverkning inte skett";A 48811-2024;KINDA;Avverkning tillåten: äldre anmälan;Hög;56.2;2024-10-28;-636;2029-10-27;1.2;1.21077710609182;Föryngringsavverkning;Normal skog;FALSE;TRUE;"art i bilaga IV inom 150 m (4 a §); rödlistad/bilaga IV-fridlyst art inom 150 m (6/8 §, buffertzon); hög skog >= 20 m på 98 %";0;0;0;0;0;4;0;33.6;0;0.982;4417;Ekhult;4417;Ekhult;"";Triturus cristatus (större vattensalamander, LC, bil. IV, fridlyst, 2010);556627;6418985;15.95561;57.90905
341;3;"Bevaka; begär tillsyn om avverkning inte skett";A 10553-2025;NORRKÖPING;Avverkning tillåten: äldre anmälan;Hög;56.2;2025-03-05;-508;2030-03-04;2.2;2.20649992589741;Föryngringsavverkning;Normal skog;FALSE;TRUE;"allmän fridlyst art (t.ex. orkidé) inom 150 m, ej utlösande; prioriterad fågelart inom 150 m (4 §); hotad art (CR/EN/VU) inom området; Natura 2000 inom 156 m (Södra Bråviken)";0;0;0;1;1;64;0;26;0;0.137;156;Södra Bråviken;2089;Svensksundsviken;Fabriciana niobe (hedpärlemorfjäril, VU, 2023);"Zootoca vivipara (skogsödla, LC, fridlyst, 2024); Anas acuta (stjärtand, EN, prio. fågel, 2024); Haliaeetus albicilla (havsörn, LC, prio. fågel, 2023); Cygnus cygnus (sångsvan, LC, prio. fågel, 2026); Emberiza schoeniclus (sävsparv, LC, prio. fågel, 2026); Falco columbarius (stenfalk, LC, prio. fågel, 2024); Grus grus (trana, LC, prio. fågel, 2024); Lanius collurio (törnskata, LC, prio. fågel, 2026); Lullula arborea (trädlärka, LC, prio. fågel, 2025); Luscinia luscinia (näktergal, LC, prio. fågel, 2022); Mergellus albellus (salskrake, LC, prio. fågel, 2026); Milvus milvus (röd glada, LC, prio. fågel, 2024)";585985;6499277;16.48065;58.62529
342;3;"Bevaka; begär tillsyn om avverkning inte skett";A 63449-2023;MJÖLBY;Avverkning tillåten: äldre anmälan;Hög;56;2023-12-13;-956;2028-12-11;1.2;0.984300628305227;Avverkning för annat ändamål;Normal skog;FALSE;TRUE;"art i bilaga IV inom 150 m (4 a §); rödlistad/bilaga IV-fridlyst art inom 150 m (6/8 §, buffertzon); hög skog >= 20 m på 89 %";0;0;0;0;0;7;0;9.3;0.002;0.893;3459;Västra Harg;3456;Västra Hargs lövskogar;"";Triturus cristatus (större vattensalamander, LC, bil. IV, fridlyst, 2024);513983;6462493;15.23858;58.30321
343;3;"Bevaka; begär tillsyn om avverkning inte skett";A 10020-2025;KINDA;Avverkning tillåten: äldre anmälan;Hög;55.9;2025-03-03;-510;2030-03-02;1.9;1.86618290500175;Föryngringsavverkning;Normal skog;FALSE;TRUE;"rödlistad/bilaga IV-fridlyst art inom 150 m (6/8 §, buffertzon); prioriterad fågelart inom 150 m (4 §); hög skog >= 20 m på 95 %";0;0;0;0;1;25;0;69.3;0;0.954;3499;Jonsbo;6771;Klefsbergen;Hepatica nobilis (blåsippa, LC, fridlyst, 2025);"Lucanus cervus (ekoxe, LC, fridlyst, 2020); Dryocopus martius (spillkråka, LC, prio. fågel, 2024); Motacilla alba (sädesärla, NT, prio. fågel, 2024); Galium odoratum (myskmadra, LC, 2025); Hieracium dentifolium (växeltandsfibbla, VU, 2025)";546054;6420000;15.7774;57.91938
344;3;"Bevaka; begär tillsyn om avverkning inte skett";A 19182-2025;NORRKÖPING;Avverkning tillåten: äldre anmälan;Hög;55.9;2025-04-22;-460;2030-04-21;1.6;1.87181285999057;Föryngringsavverkning;Normal skog;FALSE;TRUE;"rödlistad/bilaga IV-fridlyst art inom 150 m (6/8 §, buffertzon); hög skog >= 20 m på 95 %";0;0;0;0;0;10;0;34.3;0;0.947;3950;Stora Hjälmmossen;280;Dammfallebäcken;"";"Goodyera repens (knärot, VU, fridlyst, 2025); Microbregma emarginatum (granbarkgnagare, LC, 2025); Leucobryum glaucum (blåmossa, LC, 2025); Phellinidium ferrugineofuscum (ullticka, NT, 2025); Cladonia parasitica (dvärgbägarlav, NT, 2024)";540538;6499573;15.69822;58.63457
345;3;"Bevaka; begär tillsyn om avverkning inte skett";A 3044-2026;LINKÖPING;Avverkning tillåten: äldre anmälan;Hög;55.7;2026-01-16;-191;2031-01-15;0.7;0.670474225803814;Föryngringsavverkning;Normal skog;FALSE;TRUE;"art i bilaga IV inom 150 m (4 a §); rödlistad/bilaga IV-fridlyst art inom 150 m (6/8 §, buffertzon); hög skog >= 20 m på 98 %";0;0;0;0;0;22;0;33.7;0;0.98;1200;Bjäsätter;2254;Tokorp;"";"Buxbaumia viridis (grön sköldmossa, LC, bil. IV, fridlyst, 2018); Alleniella complanata (platt fjädermossa, LC, 2018); Antitrichia curtipendula (fällmossa, LC, 2025); Craterellus lutescens (rödgul trumpetsvamp, LC, 2025); Dendrographa decolorans (grå skärelav, LC, 2018); Homalothecium sericeum (guldlockmossa, LC, 2018); Hylocomiastrum umbratum (mörk husmossa, LC, 2025); Lopadium disciforme (barkkornlav, LC, 2018); Nephroma parile (bårdlav, LC, 2025); Porella cordaeana (stenporella, LC, 2018); Porella platyphylla (trädporella, LC, 2018); Felipes leucopellaeus (kattfotslav, NT, 2025)";535850;6492480;15.61635;58.57128
346;3;"Bevaka; begär tillsyn om avverkning inte skett";A 26195-2024;FINSPÅNG;Avverkning tillåten: äldre anmälan;Hög;55.6;2024-06-25;-761;2029-06-24;0.5;0.590553885004867;Föryngringsavverkning;Normal skog;FALSE;TRUE;"art i bilaga IV inom 150 m (4 a §); rödlistad/bilaga IV-fridlyst art inom 150 m (6/8 §, buffertzon); hög skog >= 20 m på 90 %";0;0;0;0;0;19;0;22;0;0.9;4431;Magnehults domänreservat;1377;Hjälmstorpenäs;"";Buxbaumia viridis (grön sköldmossa, LC, bil. IV, fridlyst, 2025);556920;6515704;15.98442;58.77758
347;3;"Bevaka; begär tillsyn om avverkning inte skett";A 1491-2026;KINDA;Avverkning tillåten: äldre anmälan;Hög;55.6;2026-01-12;-195;2031-01-11;0.6;0.56312814110592;Föryngringsavverkning;Normal skog;FALSE;TRUE;"art i bilaga IV inom 150 m (4 a §); rödlistad/bilaga IV-fridlyst art inom 150 m (6/8 §, buffertzon); hög skog >= 20 m på 97 %";0;0;0;0;0;1;0;19.2;0;0.968;1747;Ekhult;1748;Ekhult;"";Triturus cristatus (större vattensalamander, LC, bil. IV, fridlyst, 2010);559300;6420363;16.00105;57.92108
348;3;"Bevaka; begär tillsyn om avverkning inte skett";A 29396-2023;BOXHOLM;Avverkning tillåten: äldre anmälan;Hög;55.5;2023-06-29;-1123;2028-06-27;0.5;0.481943598801538;Föryngringsavverkning;Normal skog;FALSE;TRUE;"nyckelbiotop överlappar; ädellövskog 74 %; hög skog >= 20 m på 57 %";0;0;0;0;0;2;0.116100158169371;;0.742;0.572;3941;Ekeberg Västergård;6151;Skogssjöområdet;"";"";507087;6459519;15.12083;58.27666
349;3;"Bevaka; begär tillsyn om avverkning inte skett";A 4271-2025;MOTALA;Avverkning tillåten: äldre anmälan;Hög;54.4;2025-01-28;-544;2030-01-27;2.2;2.43148578999958;Föryngringsavverkning;Normal skog;FALSE;TRUE;"allmän fridlyst art (t.ex. orkidé) inom 150 m, ej utlösande; prioriterad fågelart inom 150 m (4 §); hög skoglig naturvärdessannolikhet (HCVF 74); hög skog >= 20 m på 98 %";0;0;0;0;0;61;0;74.5;0;0.983;778;Håleberget;778;Håleberget;"";"Anguis fragilis (kopparödla, LC, fridlyst, 2024); Bufo bufo (vanlig padda, LC, fridlyst, 2025); Hepatica nobilis (blåsippa, LC, fridlyst, 2026); Platanthera chlorantha (grönvit nattviol, LC, fridlyst, 2025); Zootoca vivipara (skogsödla, LC, fridlyst, 2026); Dryocopus martius (spillkråka, LC, prio. fågel, 2026); Buteo lagopus (fjällvråk, LC, prio. fågel, 2014); Cygnus cygnus (sångsvan, LC, prio. fågel, 2025); Emberiza schoeniclus (sävsparv, LC, prio. fågel, 2017); Falco columbarius (stenfalk, LC, prio. fågel, 2014); Ficedula parva (mindre flugsnappare, LC, prio. fågel, 2020); Grus grus (trana, LC, prio. fågel, 2024)";501433;6497676;15.02468;58.61942
350;3;"Bevaka; begär tillsyn om avverkning inte skett";A 12682-2025;NORRKÖPING;Avverkning tillåten: äldre anmälan;Hög;54.3;2025-03-17;-496;2030-03-16;2.3;2.34488762998907;Föryngringsavverkning;Normal skog;FALSE;TRUE;"rödlistad/bilaga IV-fridlyst art inom 150 m (6/8 §, buffertzon); prioriterad fågelart inom 150 m (4 §); hög skog >= 20 m på 84 %";0;0;0;0;0;20;0;42.6;0;0.84;3795;Glotternskogen;3795;Glotternskogen;"";"Lycopodium clavatum (mattlummer, LC, fridlyst, 2025); Goodyera repens (knärot, VU, fridlyst, 2025); Poecile montanus (talltita, NT, prio. fågel, 2020); Glaucidium passerinum (sparvuggla, NT, prio. fågel, 2013); Pyrola chlorantha (grönpyrola, LC, 2025)";566371;6512834;16.14698;58.75045
351;3;"Bevaka; begär tillsyn om avverkning inte skett";A 3397-2023;LINKÖPING;Avverkning tillåten: äldre anmälan;Hög;54.1;2023-01-23;-1280;2028-01-22;4.1;4.12877259789377;Föryngringsavverkning;Normal skog;FALSE;TRUE;"allmän fridlyst art (t.ex. orkidé) inom 150 m, ej utlösande; hög skoglig naturvärdessannolikhet (HCVF 87); hög skog >= 20 m på 88 %";0;0;0;0;1;17;0;86.6;0.106;0.882;7345;Ramshult;7035;Västra Hargs lövskogar;Scorzonera humilis (svinrot, NT, 2021);"Platanthera bifolia (nattviol, LC, fridlyst, 2012); Hieracium gripharium (gripfibbla, EN, 2007); Arthonia vinosa (rostfläck, LC, 2012); Clavulinopsis helvola (hagfingersvamp, LC, 2012); Craterellus undulatus (kruskantarell, LC, 2012); Entoloma sinuatum (bolmörtsskivling, LC, 2012); Hygrocybe chlorophana (gulvaxing, LC, 2012); Russula aurea (guldkremla, LC, 2012); Viola mirabilis (underviol, LC, 2012); Actaea spicata (svart trolldruva, LC, 2013); Amanita ceciliae (jättekamskivling, NT, 2012); Artomyces pyxidatus (kandelabersvamp, NT, 2012)";523305;6459896;15.39738;58.27949
352;3;"Bevaka; begär tillsyn om avverkning inte skett";A 3395-2023;LINKÖPING;Avverkning tillåten: äldre anmälan;Hög;54;2023-01-23;-1280;2028-01-22;2;2.04886019689702;Föryngringsavverkning;Normal skog;FALSE;TRUE;"rödlistad/bilaga IV-fridlyst art inom 150 m (6/8 §, buffertzon); hög skog >= 20 m på 99 %";0;0;0;0;2;21;0;54.7;0.063;0.986;6266;Ramshult;6741;Västra Hargs lövskogar;"Hepatica nobilis (blåsippa, LC, fridlyst, 2024); Leontodon hispidus (sommarfibbla, NT, 2024)";"Goodyera repens (knärot, VU, fridlyst, 2014); Hieracium gripharium (gripfibbla, EN, 2017); Daphne mezereum (tibast, LC, 2018); Carex caryophyllea (vårstarr, NT, 2024); Carex ericetorum (backstarr, NT, 2024); Polygala vulgaris (jungfrulin, NT, 2024); Scorzonera humilis (svinrot, NT, 2024); Chrysosplenium alternifolium (gullpudra, NT, 2018)";523089;6458551;15.39356;58.26742
353;3;"Bevaka; begär tillsyn om avverkning inte skett";A 36128-2023;FINSPÅNG;Avverkning tillåten: äldre anmälan;Hög;54;2023-08-11;-1080;2028-08-09;9;9.01153322000476;Föryngringsavverkning;Normal skog;FALSE;TRUE;"prioriterad fågelart inom området (4 §); hög skog >= 20 m på 94 %";0;0;1;0;1;3;0;27.5;0.001;0.942;8095;Magnehults domänreservat;3541;Pipmossens domänreservat;Poecile montanus (talltita, NT, prio. fågel, 2025);"";559064;6527876;16.02471;58.88659
354;3;"Bevaka; begär tillsyn om avverkning inte skett";A 40095-2025;NORRKÖPING;Avverkning tillåten: äldre anmälan;Hög;53.9;2025-08-25;-335;2030-08-24;1.6;1.86657509000357;Föryngringsavverkning;Normal skog;FALSE;TRUE;"rödlistad/bilaga IV-fridlyst art inom 150 m (6/8 §, buffertzon); prioriterad fågelart inom 150 m (4 §); hög skog >= 20 m på 87 %";0;0;0;0;0;23;0;32.5;0;0.874;4066;Glotternskogen;4066;Glotternskogen;"";"Goodyera repens (knärot, VU, fridlyst, 2025); Tetrao urogallus (tjäder, LC, prio. fågel, 2021); Sarcodon squamosus (motaggsvamp, NT, 2025)";566173;6512962;16.1436;58.75164
355;3;"Bevaka; begär tillsyn om avverkning inte skett";A 49689-2025;ÅTVIDABERG;Avverkning tillåten: äldre anmälan;Hög;53.3;2025-10-08;-291;2030-10-07;1.1;1.34038371870443;Föryngringsavverkning;Normal skog;FALSE;TRUE;"prioriterad fågelart inom området (4 §); ädellövskog 42 %; hög skog >= 20 m på 82 %";0;0;1;0;1;8;0;16.6;0.42;0.815;3109;Bjärka-Säby;3912;Stockmossen;Dryocopus martius (spillkråka, LC, prio. fågel, 2025);"";548352;6461167;15.82467;58.28887
356;3;"Bevaka; begär tillsyn om avverkning inte skett";A 13422-2022;MOTALA;Avverkning tillåten: äldre anmälan;Hög;53.2;2022-03-25;-1584;2027-03-24;2.2;2.21031816000063;Avverkning för annat ändamål;Normal skog;FALSE;TRUE;prioriterad fågelart inom området (4 §);0;0;2;0;3;7;0;38.7;0.099;0.029;2416;Håleberget;2416;Håleberget;"Grus grus (trana, LC, prio. fågel, 2026); Upupa epops (härfågel, RE, prio. fågel, 2023); Astur gentilis (duvhök, NT, 2025)";"Dryocopus martius (spillkråka, LC, prio. fågel, 2023); Emberiza citrinella (gulsparv, NT, prio. fågel, 2023)";500293;6499244;15.00505;58.6335
357;3;"Bevaka; begär tillsyn om avverkning inte skett";A 13129-2022;SÖDERKÖPING;Avverkning tillåten: äldre anmälan;Hög;53.1;2022-03-24;-1585;2027-03-23;3.1;3.05747640001564;Avverkning för att bevara och utveckla /försöksver;Normal skog;FALSE;TRUE;"nyckelbiotop överlappar; hög skoglig naturvärdessannolikhet (HCVF 91)";0;0;0;0;0;3;0.936802719404845;90.8;0.064;0.474;1014;Missjö;1014;Missjö;"";"";615007;6465329;16.96304;58.31384
358;3;"Bevaka; begär tillsyn om avverkning inte skett";A 15538-2025;ÅTVIDABERG;Avverkning tillåten: äldre anmälan;Hög;52.8;2025-03-31;-482;2030-03-30;0.6;0.763266803394258;Avverkning för att bevara och utveckla /försöksver;Normal skog;FALSE;TRUE;"rödlistad/bilaga IV-fridlyst art inom 150 m (6/8 §, buffertzon); prioriterad fågelart inom 150 m (4 §); hög skog >= 20 m på 80 %";0;0;0;0;0;7;0;;0.093;0.802;5191;Hägerstad;1770;Kojmon;"";"Lucanus cervus (ekoxe, LC, fridlyst, 2026); Grus grus (trana, LC, prio. fågel, 2020); Coronella austriaca (hasselsnok, VU, 2018)";579297;6450341;16.34863;58.18716
359;3;"Bevaka; begär tillsyn om avverkning inte skett";A 4004-2026;BOXHOLM;Avverkning tillåten: äldre anmälan;Hög;52.7;2026-01-22;-185;2031-01-21;2.7;2.69278687000512;Föryngringsavverkning;Normal skog;FALSE;TRUE;"allmän fridlyst art (t.ex. orkidé) inom 150 m, ej utlösande; hotad art (CR/EN/VU) inom området; hög skog >= 20 m på 95 %; Natura 2000 inom 424 m (Ekebergs lövskog)";0;0;0;1;2;8;0;33.9;0;0.946;424;Ekebergs lövskog;424;Ekebergs lövskog;"Hepatica nobilis (blåsippa, LC, fridlyst, 2024); Hieracium campylodon (krokfibbla, VU, 2012)";Leontodon hispidus (sommarfibbla, NT, 2024);492866;6447829;14.87872;58.17167
360;3;"Bevaka; begär tillsyn om avverkning inte skett";A 3011-2023;LINKÖPING;Avverkning tillåten: äldre anmälan;Hög;52.6;2023-01-19;-1284;2028-01-18;0.6;0.610083085002005;Föryngringsavverkning;Normal skog;FALSE;TRUE;"rödlistad/bilaga IV-fridlyst art inom 150 m (6/8 §, buffertzon); prioriterad fågelart inom 150 m (4 §); hög skog >= 20 m på 65 %";0;0;0;0;0;30;0;57.1;0.061;0.646;819;Bjärka-Säby;3802;Säby Västerskog;"";"Lucanus cervus (ekoxe, LC, fridlyst, 2025); Platanthera chlorantha (grönvit nattviol, LC, fridlyst, 2024); Dryocopus martius (spillkråka, LC, prio. fågel, 2021); Grus grus (trana, LC, prio. fågel, 2023); Lanius collurio (törnskata, LC, prio. fågel, 2024); Lullula arborea (trädlärka, LC, prio. fågel, 2023); Dryobates minor (mindre hackspett, NT, prio. fågel, 2023); Emberiza citrinella (gulsparv, NT, prio. fågel, 2023); Motacilla alba (sädesärla, NT, prio. fågel, 2023); Jynx torquilla (göktyta, NT, prio. fågel, 2023); Turdus iliacus (rödvingetrast, NT, prio. fågel, 2025); Apus apus (tornseglare, VU, prio. fågel, 2024)";545357;6461035;15.77357;58.288
361;3;"Bevaka; begär tillsyn om avverkning inte skett";A 5336-2025;FINSPÅNG;Avverkning tillåten: äldre anmälan;Hög;52.6;2025-02-04;-537;2030-02-03;0.6;0.564407440001599;Föryngringsavverkning;Normal skog;FALSE;TRUE;"rödlistad/bilaga IV-fridlyst art inom 150 m (6/8 §, buffertzon); prioriterad fågelart inom 150 m (4 §); hög skog >= 20 m på 77 %";0;0;0;0;0;7;0;33.5;0;0.774;3813;Asketorp;2153;Gällsängenskogen;"";"Goodyera repens (knärot, VU, fridlyst, 2025); Tetrao urogallus (tjäder, LC, prio. fågel, 2025); Climacocystis borealis (trådticka, LC, 2025); Phellinidium ferrugineofuscum (ullticka, NT, 2025)";545758;6522480;15.79279;58.83975
362;3;"Bevaka; begär tillsyn om avverkning inte skett";A 16753-2022;BOXHOLM;Avverkning tillåten: äldre anmälan;Hög;52.5;2022-04-22;-1556;2027-04-21;0.5;0.453651780746877;Föryngringsavverkning;Normal skog;FALSE;TRUE;"rödlistad/bilaga IV-fridlyst art inom 150 m (6/8 §, buffertzon); prioriterad fågelart inom 150 m (4 §); hög skog >= 20 m på 85 %";0;0;0;0;0;29;0;;0.022;0.849;3670;Stortorp;3248;Stortorp;"";"Pulsatilla vulgaris (backsippa, VU, fridlyst, 2026); Emberiza citrinella (gulsparv, NT, prio. fågel, 2026); Prunella modularis (järnsparv, NT, prio. fågel, 2026); Leontodon hispidus (sommarfibbla, NT, 2026)";497530;6456743;14.95791;58.25178
363;3;"Bevaka; begär tillsyn om avverkning inte skett";A 16755-2022;BOXHOLM;Avverkning tillåten: äldre anmälan;Hög;52.5;2022-04-22;-1556;2027-04-21;0.5;0.475217310647591;Föryngringsavverkning;Normal skog;FALSE;TRUE;"rödlistad/bilaga IV-fridlyst art inom 150 m (6/8 §, buffertzon); prioriterad fågelart inom 150 m (4 §); hög skog >= 20 m på 91 %";0;0;0;0;0;30;0;60;0;0.911;3750;Stortorp;3347;Stortorp;"";"Goodyera repens (knärot, VU, fridlyst, 2012); Pulsatilla vulgaris (backsippa, VU, fridlyst, 2026); Emberiza citrinella (gulsparv, NT, prio. fågel, 2026); Leontodon hispidus (sommarfibbla, NT, 2026)";497651;6456706;14.95998;58.25145
364;3;"Bevaka; begär tillsyn om avverkning inte skett";A 48042-2022;LINKÖPING;Avverkning tillåten: äldre anmälan;Hög;52.5;2022-10-21;-1374;2027-10-20;0.5;0.507843235001061;Avverkning för annat ändamål;Normal skog;FALSE;TRUE;"rödlistad/bilaga IV-fridlyst art inom 150 m (6/8 §, buffertzon); prioriterad fågelart inom 150 m (4 §); hög skog >= 20 m på 74 %";0;0;0;0;0;45;0;24.2;0.036;0.744;783;Bjärka-Säby;2869;Sturefors;"";"Lucanus cervus (ekoxe, LC, fridlyst, 2026); Dryocopus martius (spillkråka, LC, prio. fågel, 2023); Lanius collurio (törnskata, LC, prio. fågel, 2023); Milvus milvus (röd glada, LC, prio. fågel, 2024); Grus grus (trana, LC, prio. fågel, 2025); Poecile montanus (talltita, NT, prio. fågel, 2023); Dryobates minor (mindre hackspett, NT, prio. fågel, 2026); Emberiza citrinella (gulsparv, NT, prio. fågel, 2025); Gallinago gallinago (enkelbeckasin, NT, prio. fågel, 2025); Jynx torquilla (göktyta, NT, prio. fågel, 2025); Turdus pilaris (björktrast, NT, prio. fågel, 2023); Apus apus (tornseglare, VU, prio. fågel, 2025)";544037;6462070;15.75125;58.29743
365;3;"Bevaka; begär tillsyn om avverkning inte skett";A 16609-2026;ÅTVIDABERG;Avverkning tillåten: äldre anmälan;Hög;52.5;2026-03-31;-117;2031-03-30;0.5;0.506601348848091;Avverkning för annat ändamål;Normal skog;FALSE;TRUE;"rödlistad/bilaga IV-fridlyst art inom 150 m (6/8 §, buffertzon); prioriterad fågelart inom 150 m (4 §); hög skog >= 20 m på 91 %";0;0;0;0;0;19;0;52.5;0;0.911;2503;Hägerstad;1195;Mörkviksbergen;"";"Goodyera repens (knärot, VU, fridlyst, 2026); Dryocopus martius (spillkråka, LC, prio. fågel, 2026); Tetrao urogallus (tjäder, LC, prio. fågel, 2026); Antitrichia curtipendula (fällmossa, LC, 2026); Leucobryum glaucum (blåmossa, LC, 2026); Meruliopsis taxicola (blodticka, LC, 2026); Tomicus minor (mindre märgborre, LC, 2026); Porodaedalea pini (tallticka, NT, 2026)";577225;6447502;16.31246;58.16203
366;3;"Bevaka; begär tillsyn om avverkning inte skett";A 32057-2022;ÅTVIDABERG;Avverkning tillåten: äldre anmälan;Hög;52.1;2022-08-05;-1451;2027-08-04;0.1;0.134966645800418;Föryngringsavverkning;Normal skog;FALSE;TRUE;"rödlistad/bilaga IV-fridlyst art inom 150 m (6/8 §, buffertzon); prioriterad fågelart inom 150 m (4 §); hög skog >= 20 m på 100 %";0;0;0;0;0;86;0;52.6;0;1;6723;Vegalla;525;Långdalsgölen;"";"Epipactis atrorubens (purpurknipprot, LC, fridlyst, 2026); Vipera berus (huggorm, LC, fridlyst, 2024); Goodyera repens (knärot, VU, fridlyst, 2026); Dryocopus martius (spillkråka, LC, prio. fågel, 2026); Tetrao urogallus (tjäder, LC, prio. fågel, 2026); Haliaeetus albicilla (havsörn, LC, prio. fågel, 2026); Tetrastes bonasia (järpe, LC, prio. fågel, 2024); Dryobates minor (mindre hackspett, NT, prio. fågel, 2026); Poecile montanus (talltita, NT, prio. fågel, 2026); Nucifraga caryocatactes (nötkråka, NT, prio. fågel, 2022); Sparassis crispa (blomkålssvamp, LC, 2024); Cacotemnus thomsoni (thomsons trägnagare, LC, 2025)";562300;6465035;16.06357;58.32185
367;3;"Bevaka; begär tillsyn om avverkning inte skett";A 33714-2022;ÅTVIDABERG;Avverkning tillåten: äldre anmälan;Hög;52.1;2022-08-16;-1440;2027-08-15;0.1;0.105335013548576;Föryngringsavverkning;Normal skog;FALSE;TRUE;"allmän fridlyst art (t.ex. orkidé) inom 150 m, ej utlösande; prioriterad fågelart inom 150 m (4 §); nyckelbiotop överlappar; hög skog >= 20 m på 100 %";0;0;0;0;0;53;0.957163190754536;50.5;0;1;6277;Herrsätter;1153;Långdalsgölen;"";"Hepatica nobilis (blåsippa, LC, fridlyst, 2025); Emberiza citrinella (gulsparv, NT, prio. fågel, 2019); Alleniella complanata (platt fjädermossa, LC, 2018); Antitrichia curtipendula (fällmossa, LC, 2025); Frullania tamarisci (klippfrullania, LC, 2018); Microbregma emarginatum (granbarkgnagare, LC, 2018); Alces alces (älg, NT, 2014); Peltigera collina (grynig filtlav, NT, 2018)";561641;6465195;16.05236;58.32337
368;3;"Bevaka; begär tillsyn om avverkning inte skett";A 1939-2023;NORRKÖPING;Avverkning tillåten: äldre anmälan;Hög;51.8;2023-01-10;-1293;2028-01-09;5.7;5.75341248908686;Föryngringsavverkning;Normal skog;FALSE;TRUE;"rödlistad/bilaga IV-fridlyst art inom 150 m (6/8 §, buffertzon); hög skog >= 20 m på 68 %";0;0;0;0;0;10;0;35.2;0.053;0.685;937;Eknön-Slätbaken;447;Rävsholmen;"";Goodyera repens (knärot, VU, fridlyst, 2007);598715;6478820;16.6909;58.43893
369;3;"Bevaka; begär tillsyn om avverkning inte skett";A 57662-2022;FINSPÅNG;Avverkning tillåten: äldre anmälan;Hög;51.7;2022-12-02;-1332;2027-12-01;0.6;0.662006254997908;Föryngringsavverkning;Normal skog;FALSE;TRUE;"prioriterad fågelart inom området (4 §); hög skog >= 20 m på 51 %";0;0;1;0;1;12;0;20.9;0;0.506;6014;Asketorp;0;Gäddöskogen;Prunella modularis (järnsparv, NT, prio. fågel, 2023);"";548937;6523579;15.84809;58.84927
370;3;"Bevaka; begär tillsyn om avverkning inte skett";A 38015-2023;KINDA;Avverkning tillåten: äldre anmälan;Hög;51.5;2023-08-22;-1069;2028-08-20;11.5;11.4730999999978;Föryngringsavverkning;Normal skog;FALSE;TRUE;"rödlistad/bilaga IV-fridlyst art inom 150 m (6/8 §, buffertzon); hög skog >= 20 m på 94 %";0;0;0;0;0;20;0;60;0;0.935;2625;Klevberget Sonebo;1282;Trollegater;"";"Epipactis atrorubens (purpurknipprot, LC, fridlyst, 2026); Canthophorus impressus (spindelörtskinnbagge, NT, 2025); Thesium alpinum (spindelört, NT, 2026); Thymelicus lineola (mindre tåtelsmygare, NT, 2025); Zygaena minos (klubbsprötad bastardsvärmare, NT, 2020); Scorzonera humilis (svinrot, NT, 2026); Trichocolea tomentella (dunmossa, NT, 2025); Zygaena osterodensis (smalsprötad bastardsvärmare, VU, 2025); Zygaena viciae (mindre bastardsvärmare, VU, 2025)";534791;6443970;15.59083;58.1357
371;3;"Bevaka; begär tillsyn om avverkning inte skett";A 52405-2025;YDRE;Avverkning tillåten: äldre anmälan;Hög;51.4;2025-10-24;-275;2030-10-23;10.2;11.3644682533098;Föryngringsavverkning;Normal skog;FALSE;TRUE;"rödlistad/bilaga IV-fridlyst art inom 150 m (6/8 §, buffertzon); hög skog >= 20 m på 98 %";0;0;0;0;0;20;0;33.1;0;0.975;2217;Trangölamyren (Östgötadelen);563;Brokabobäcken;"";"Goodyera repens (knärot, VU, fridlyst, 2020); Nephroma arcticum (norrlandslav, LC, 2020); Lobaria pulmonaria (lunglav, NT, 2021)";508542;6398823;15.14343;57.73147
372;3;"Bevaka; begär tillsyn om avverkning inte skett";A 31320-2025;NORRKÖPING;Avverkning tillåten: äldre anmälan;Hög;51.2;2025-06-25;-396;2030-06-24;0.7;1.24523224500297;Föryngringsavverkning;Normal skog;FALSE;TRUE;"prioriterad fågelart inom 150 m (4 §); hög skoglig naturvärdessannolikhet (HCVF 79); hög skog >= 20 m på 56 %";0;0;0;0;0;27;0;78.9;0;0.555;2887;Nybygget-Duvhult;3111;Stockgölen;"";"Tetrao urogallus (tjäder, LC, prio. fågel, 2025); Leucobryum glaucum (blåmossa, LC, 2025); Pyrola chlorantha (grönpyrola, LC, 2025); Sparassis crispa (blomkålssvamp, LC, 2019); Hertelidea botryosa (vedskivlav, NT, 2025); Geranium bohemicum (svedjenäva, NT, 2014)";559789;6510428;16.03262;58.72981
373;3;"Bevaka; begär tillsyn om avverkning inte skett";A 7265-2026;FINSPÅNG;Avverkning tillåten: äldre anmälan;Hög;51.2;2026-02-05;-171;2031-02-04;2.2;2.17852690499931;Föryngringsavverkning;Normal skog;FALSE;TRUE;"prioriterad fågelart inom området (4 §); hög skog >= 20 m på 98 %";0;0;1;0;1;16;0;26.6;0;0.985;684;Tyresfall;3087;Regnaholms lövskog;Haliaeetus albicilla (havsörn, LC, prio. fågel, 2023);"Cygnus cygnus (sångsvan, LC, prio. fågel, 2025); Aquila chrysaetos (kungsörn, NT, prio. fågel, 2024)";537397;6530426;15.64927;58.91192
374;3;"Bevaka; begär tillsyn om avverkning inte skett";A 5773-2024;MOTALA;Avverkning tillåten: äldre anmälan;Hög;51.1;2024-02-13;-894;2029-02-11;5.9;7.09672544340452;Föryngringsavverkning;Normal skog;FALSE;TRUE;"allmän fridlyst art (t.ex. orkidé) inom 150 m, ej utlösande; prioriterad fågelart inom 150 m (4 §); hotad art (CR/EN/VU) inom området; hög skog >= 20 m på 78 %";0;0;0;1;1;9;0;9.5;0;0.779;3684;Fågelmossen;2597;Lustigkulle domänreservat;Lynx lynx (lo, VU, 2023);"Hepatica nobilis (blåsippa, LC, fridlyst, 2022); Platanthera chlorantha (grönvit nattviol, LC, fridlyst, 2022); Dryocopus martius (spillkråka, LC, prio. fågel, 2025); Grus grus (trana, LC, prio. fågel, 2025); Poecile palustris (entita, NT, prio. fågel, 2025); Nucifraga caryocatactes (nötkråka, NT, prio. fågel, 2024); Actaea spicata (svart trolldruva, LC, 2022); Polygala vulgaris (jungfrulin, NT, 2022)";511050;6498303;15.19027;58.62491
375;3;"Bevaka; begär tillsyn om avverkning inte skett";A 8628-2022;SÖDERKÖPING;Avverkning tillåten: äldre anmälan;Hög;51;2022-02-21;-1616;2027-02-20;2;2.04324929500222;Föryngringsavverkning;Normal skog;FALSE;TRUE;rödlistad/bilaga IV-fridlyst art inom området (6/8 §);0;1;0;0;1;7;0;31.5;0.114;0.393;7453;Harsbo-Sverkersholm;238;Hälla;Lucanus cervus (ekoxe, LC, fridlyst, 2020);"";585323;6472103;16.4591;58.38144
376;3;"Bevaka; begär tillsyn om avverkning inte skett";A 35970-2025;FINSPÅNG;Avverkning tillåten: äldre anmälan;Hög;51;2025-07-25;-366;2030-07-24;22.6;22.6277910689335;Föryngringsavverkning;Normal skog;FALSE;TRUE;"hög skoglig naturvärdessannolikhet (HCVF 70); hög skog >= 20 m på 94 %";0;0;0;0;0;1;0;70.2;0;0.943;1288;Stora Mossen (Igelfors);397;Fisklösemossen;"";"";533429;6526162;15.57975;58.87395
377;3;"Bevaka; begär tillsyn om avverkning inte skett";A 16111-2022;LINKÖPING;Avverkning tillåten: äldre anmälan;Hög;50.9;2022-04-14;-1564;2027-04-13;2.7;2.8599898099973;Föryngringsavverkning;Normal skog;FALSE;TRUE;"hotad art (CR/EN/VU) inom området; hög skog >= 20 m på 96 %";0;0;0;3;5;13;0;18.6;0;0.963;2137;Ycke urskog;2116;Ycke;"Lycaena virgaureae (vitfläckig guldvinge, NT, 2006); Thymelicus lineola (mindre tåtelsmygare, NT, 2006); Zygaena filipendulae (sexfläckig bastardsvärmare, VU, 2009); Zygaena lonicerae (bredbrämad bastardsvärmare, VU, 2026); Zygaena osterodensis (smalsprötad bastardsvärmare, VU, 2026)";"";522380;6440230;15.37971;58.10291
378;3;"Bevaka; begär tillsyn om avverkning inte skett";A 61436-2022;VALDEMARSVIK;Avverkning tillåten: äldre anmälan;Hög;50.9;2022-12-21;-1313;2027-12-20;1.9;1.87345235765558;Föryngringsavverkning;Normal skog;FALSE;TRUE;"prioriterad fågelart inom området (4 §); hög skog >= 20 m på 88 %";0;0;1;0;1;16;0;35.9;0;0.883;4565;Fallingeberg;3570;Askedal;Caprimulgus europaeus (nattskärra, LC, prio. fågel, 2022);"Haliaeetus albicilla (havsörn, LC, prio. fågel, 2026); Cardamine impatiens (lundbräsma, LC, 2026); Daphne mezereum (tibast, LC, 2023); Campanula cervicaria (skogsklocka, NT, 2011)";591834;6456124;16.56405;58.23666
379;3;"Bevaka; begär tillsyn om avverkning inte skett";A 20583-2024;NORRKÖPING;Avverkning tillåten: äldre anmälan;Hög;50.8;2024-05-24;-793;2029-05-23;0.7;0.774356799996441;Föryngringsavverkning;Normal skog;FALSE;TRUE;"prioriterad fågelart inom 150 m (4 §); hög skoglig naturvärdessannolikhet (HCVF 84); hög skog >= 20 m på 99 %";0;0;0;0;0;16;0;83.6;0;0.989;5217;Mjälnäs sumpskog;5721;Rövareberget;"";Haliaeetus albicilla (havsörn, LC, prio. fågel, 2021);565341;6517505;16.13054;58.79255
380;3;"Bevaka; begär tillsyn om avverkning inte skett";A 56876-2024;NORRKÖPING;Avverkning tillåten: äldre anmälan;Hög;50.8;2024-12-02;-601;2029-12-01;0.7;0.774356799996441;Föryngringsavverkning;Normal skog;FALSE;TRUE;"prioriterad fågelart inom 150 m (4 §); hög skoglig naturvärdessannolikhet (HCVF 84); hög skog >= 20 m på 99 %";0;0;0;0;0;16;0;83.6;0;0.989;5217;Mjälnäs sumpskog;5721;Rövareberget;"";Haliaeetus albicilla (havsörn, LC, prio. fågel, 2021);565341;6517505;16.13054;58.79255
381;3;"Bevaka; begär tillsyn om avverkning inte skett";A 34761-2024;MOTALA;Avverkning tillåten: äldre anmälan;Hög;50.5;2024-08-22;-703;2029-08-21;0.5;0.46688585560373;Föryngringsavverkning;Normal skog;FALSE;TRUE;"hög skoglig naturvärdessannolikhet (HCVF 80); hög skog >= 20 m på 100 %";0;0;0;0;2;28;0;80.4;0;1;5028;Lillsjökärret;1372;Båsebergskogen;"Daphne mezereum (tibast, LC, 2010); Matteuccia struthiopteris (strutbräken, LC, 2010)";"Alleniella complanata (platt fjädermossa, LC, 2018); Anomodon viticulosus (grov baronmossa, LC, 2018); Homalia trichomanoides (trubbfjädermossa, LC, 2011); Hylocomiastrum umbratum (mörk husmossa, LC, 2018); Loeskeobryum brevirostre (västlig husmossa, LC, 2018); Porella cordaeana (stenporella, LC, 2010); Porella platyphylla (trädporella, LC, 2018); Brachythecium tommasinii (späd hårgräsmossa, NT, 2018); Chrysosplenium alternifolium (gullpudra, NT, 2010); Crossocalyx hellerianus (vedtrappmossa, NT, 2011); Calypogeia suecica (vedsäckmossa, VU, 2011)";506293;6513036;15.10878;58.75733
382;3;"Bevaka; begär tillsyn om avverkning inte skett";A 39090-2025;KINDA;Avverkning tillåten: äldre anmälan;Hög;50.4;2025-08-19;-341;2030-08-18;5.4;5.42694470171961;Föryngringsavverkning;Normal skog;FALSE;TRUE;"rödlistad/bilaga IV-fridlyst art inom 150 m (6/8 §, buffertzon); ädellövskog 25 %; hög skog >= 20 m på 87 %";0;0;0;0;0;10;0;53.6;0.254;0.872;1447;Idhult;1458;Idhult;"";"Lucanus cervus (ekoxe, LC, fridlyst, 2020); Hieracium sparsidens (spretfibbla, NT, 2011)";557612;6429847;15.97487;58.00648
383;3;"Bevaka; begär tillsyn om avverkning inte skett";A 40002-2025;FINSPÅNG;Avverkning tillåten: äldre anmälan;Hög;49.4;2025-08-25;-335;2030-08-24;2;2.35864346000208;Föryngringsavverkning;Normal skog;FALSE;TRUE;"prioriterad fågelart inom området (4 §); hög skog >= 20 m på 94 %";0;0;1;0;2;6;0;27.1;0.004;0.945;7037;Magnehults domänreservat;4455;Tjuttorp;"Lyrurus tetrix (orre, LC, prio. fågel, 2021); Phellodon melaleucus (svartvit taggsvamp, NT, 2023)";"";553076;6516046;15.91802;58.78114
384;3;"Bevaka; begär tillsyn om avverkning inte skett";A 50048-2025;LINKÖPING;Avverkning tillåten: äldre anmälan;Hög;49.4;2025-10-11;-288;2030-10-10;2.4;2.3986247465661;Avverkning för annat ändamål;Normal skog;FALSE;TRUE;"allmän fridlyst art (t.ex. orkidé) inom 150 m, ej utlösande; prioriterad fågelart inom området (4 §); hög skog >= 20 m på 70 %";0;0;2;0;2;16;0;32.7;0.067;0.704;709;Göta Kanal (Vättern-Roxen);1211;Motala ströms ravin;"Lullula arborea (trädlärka, LC, prio. fågel, 2023); Emberiza citrinella (gulsparv, NT, prio. fågel, 2023)";"Hepatica nobilis (blåsippa, LC, fridlyst, 2023); Hermanssonia centrifuga (rynkskinn, NT, 2023)";527628;6485089;15.47411;58.5055
385;3;"Bevaka; begär tillsyn om avverkning inte skett";A 58814-2025;NORRKÖPING;Avverkning tillåten: äldre anmälan;Hög;49.4;2025-11-25;-243;2030-11-24;3.4;3.35315727850981;Föryngringsavverkning;Normal skog;FALSE;TRUE;"rödlistad/bilaga IV-fridlyst art inom 150 m (6/8 §, buffertzon); hög skog >= 20 m på 89 %";0;0;0;0;0;29;0;53.5;0;0.894;1123;Algutsbo;188;Getåravinen;"";"Goodyera repens (knärot, VU, fridlyst, 2011); Coronella austriaca (hasselsnok, VU, 2024)";575384;6504247;16.29981;58.67188
386;3;"Bevaka; begär tillsyn om avverkning inte skett";A 48735-2025;NORRKÖPING;Avverkning tillåten: äldre anmälan;Hög;48.6;2025-10-06;-293;2030-10-05;3.6;3.58922504815087;Föryngringsavverkning;Normal skog;FALSE;TRUE;"rödlistad/bilaga IV-fridlyst art inom 150 m (6/8 §, buffertzon); ädellövskog 52 %; hög skog >= 20 m på 77 %";0;0;0;0;0;1;0;43.1;0.522;0.767;5577;Östermem;6104;Korpberget;"";Lucanus cervus (ekoxe, LC, fridlyst, 2020);589929;6487055;16.54371;58.51475
387;3;"Bevaka; begär tillsyn om avverkning inte skett";A 62236-2022;ÅTVIDABERG;Avverkning tillåten: äldre anmälan;Hög;48.4;2022-12-27;-1307;2027-12-26;2.4;2.39123068238692;Föryngringsavverkning;Normal skog;FALSE;TRUE;"hög skoglig naturvärdessannolikhet (HCVF 74); hög skog >= 20 m på 92 %; Natura 2000 inom 444 m (Kulla ängar)";0;0;0;0;0;4;0.00610901785350857;73.7;0;0.921;444;Kulla ängar;444;Kulla ängar;"";Crossocalyx hellerianus (vedtrappmossa, NT, 2019);561629;6439538;16.04537;58.09297
388;3;"Bevaka; begär tillsyn om avverkning inte skett";A 23941-2025;NORRKÖPING;Avverkning tillåten: äldre anmälan;Hög;48;2025-05-19;-433;2030-05-18;1.6;1.97469634999862;Föryngringsavverkning;Normal skog;FALSE;TRUE;"hotad art (CR/EN/VU) inom området; hög skog >= 20 m på 94 %";0;0;0;3;4;4;0.00916799826420078;48;0.039;0.938;2454;Ramunderberget;2449;Ramunderberget;"Thymelicus lineola (mindre tåtelsmygare, NT, 2006); Boloria selene (brunfläckig pärlemorfjäril, VU, 2006); Lycaena hippothoe (violettkantad guldvinge, VU, 2006); Zygaena lonicerae (bredbrämad bastardsvärmare, VU, 2006)";"";577372;6487091;16.32824;58.51749
389;3;"Bevaka; begär tillsyn om avverkning inte skett";A 40628-2025;ÅTVIDABERG;Avverkning tillåten: äldre anmälan;Hög;47.8;2025-08-27;-333;2030-08-26;1.5;1.77160779408729;Föryngringsavverkning;Normal skog;FALSE;TRUE;"hög skoglig naturvärdessannolikhet (HCVF 78); hög skog >= 20 m på 94 %";0;0;0;0;4;24;0;78.2;0;0.942;2539;Ekhultebergen;889;Grävsätter;"Carbonicola anthracophila (kolflarnlav, NT, 2020); Cladonia parasitica (dvärgbägarlav, NT, 2020); Hertelidea botryosa (vedskivlav, NT, 2020); Porodaedalea pini (tallticka, NT, 2020)";"Sparassis crispa (blomkålssvamp, LC, 2020); Alleniella complanata (platt fjädermossa, LC, 2020); Antitrichia curtipendula (fällmossa, LC, 2020); Homalothecium sericeum (guldlockmossa, LC, 2020); Inocutis rheades (rävticka, LC, 2020); Crustoderma corneum (hornvaxskinn, NT, 2020); Microcalicium ahlneri (kortskaftad ärgspik, NT, 2020)";576022;6447331;16.29197;58.16071
390;3;"Bevaka; begär tillsyn om avverkning inte skett";A 41009-2025;MOTALA;Avverkning tillåten: äldre anmälan;Hög;47.6;2025-08-29;-331;2030-08-28;1.6;1.61364042715771;Föryngringsavverkning;Normal skog;FALSE;TRUE;"hög skoglig naturvärdessannolikhet (HCVF 80); hög skog >= 20 m på 99 %; Natura 2000 inom 139 m (Bredsjömossen)";0;0;0;0;0;3;0;80.4;0;0.986;139;Bredsjömossen;130;Bredsjömossen;"";"";512186;6514936;15.21073;58.77426
391;3;"Bevaka; begär tillsyn om avverkning inte skett";A 64825-2023;SÖDERKÖPING;Avverkning tillåten: äldre anmälan;Hög;47.5;2023-12-22;-947;2028-12-20;2.5;2.48555586589174;Föryngringsavverkning;Normal skog;FALSE;TRUE;"rödlistad/bilaga IV-fridlyst art inom 150 m (6/8 §, buffertzon); ädellövskog 83 %; hög skog >= 20 m på 76 %";0;0;0;0;0;4;0;66.3;0.834;0.765;614;Ängelholm;2156;Svensmarö;"";Lucanus cervus (ekoxe, LC, fridlyst, 2012);604573;6463408;16.78419;58.29921
392;3;"Bevaka; begär tillsyn om avverkning inte skett";A 20720-2025;ÖDESHÖG;Avverkning tillåten: äldre anmälan;Hög;47.3;2025-04-29;-453;2030-04-28;1.3;1.30046048735604;Föryngringsavverkning;Normal skog;FALSE;TRUE;"hög skoglig naturvärdessannolikhet (HCVF 79); hög skog >= 20 m på 94 %; Natura 2000 inom 0 m (Ekebergs lövskog)";0;0;0;0;0;11;0;79.3;0.1;0.945;0;Ekebergs lövskog;0;Ekebergs lövskog;"";"";492154;6447422;14.86663;58.168
393;3;"Bevaka; begär tillsyn om avverkning inte skett";A 61813-2025;SÖDERKÖPING;Avverkning tillåten: äldre anmälan;Hög;47.3;2025-12-12;-226;2030-12-11;1.4;1.34563312569642;Föryngringsavverkning;Normal skog;FALSE;TRUE;"nyckelbiotop överlappar; hög skog >= 20 m på 92 %";0;0;0;0;0;68;0.0505600279390419;31.5;0.003;0.922;2943;Svensmarö;365;Nedre Lagnö naturreservat;"";"";606280;6469846;16.81626;58.35659
394;3;"Bevaka; begär tillsyn om avverkning inte skett";A 14244-2024;KINDA;Avverkning tillåten: äldre anmälan;Hög;47.1;2024-04-11;-836;2029-04-10;2.1;2.07729722819462;Avverkning för annat ändamål;Normal skog;FALSE;TRUE;"rödlistad/bilaga IV-fridlyst art inom 150 m (6/8 §, buffertzon); ädellövskog 62 %; hög skog >= 20 m på 85 %";0;0;0;0;0;18;0;44.4;0.619;0.85;1538;Kättilstad;1538;Kättilstad;"";Lucanus cervus (ekoxe, LC, fridlyst, 2026);544026;6442308;15.74733;58.11994
395;3;"Bevaka; begär tillsyn om avverkning inte skett";A 17412-2022;FINSPÅNG;Avverkning tillåten: äldre anmälan;Hög;46.8;2022-04-27;-1551;2027-04-26;1.8;1.7740741700016;Föryngringsavverkning;Normal skog;FALSE;TRUE;"naturvårdsavtal/biotopskydd överlappar; hög skoglig naturvärdessannolikhet (HCVF 73); hög skog >= 20 m på 89 %";0;0;0;0;0;4;0;73.1;0.062;0.89;3997;Prästängsuddens lövskog;1843;Vallerängstorp;"";"Alleniella complanata (platt fjädermossa, LC, 2017); Herzogiella seligeri (stubbspretmossa, LC, 2017); Homalia trichomanoides (trubbfjädermossa, LC, 2017)";548341;6537043;15.8407;58.97025
396;3;"Bevaka; begär tillsyn om avverkning inte skett";A 28464-2025;FINSPÅNG;Avverkning tillåten: äldre anmälan;Hög;46.8;2025-06-11;-410;2030-06-10;1.6;1.81916000500032;Föryngringsavverkning;Normal skog;FALSE;TRUE;"allmän fridlyst art (t.ex. orkidé) inom 150 m, ej utlösande; prioriterad fågelart inom området (4 §)";0;0;1;0;2;14;0;43.1;0;0.32;6922;Stora Hjälmmossen;1119;Tryfallet;"Dryocopus martius (spillkråka, LC, prio. fågel, 2025); Porodaedalea pini (tallticka, NT, 2025)";"Platanthera chlorantha (grönvit nattviol, LC, fridlyst, 2020); Dicranum flagellare (flagellkvastmossa, LC, 2025); Hydnellum ferrugineum (dropptaggsvamp, NT, 2025); Carbonicola anthracophila (kolflarnlav, NT, 2025); Hertelidea botryosa (vedskivlav, NT, 2025)";529310;6501434;15.50508;58.65219
397;3;"Bevaka; begär tillsyn om avverkning inte skett";A 59472-2025;LINKÖPING;Avverkning tillåten: äldre anmälan;Hög;46.8;2025-11-28;-240;2030-11-27;0.8;0.778541374451411;Avverkning för annat ändamål;Normal skog;FALSE;TRUE;"allmän fridlyst art (t.ex. orkidé) inom 150 m, ej utlösande; hög skoglig naturvärdessannolikhet (HCVF 73); hög skog >= 20 m på 95 %";0;0;0;0;0;58;0;73.1;0.002;0.947;969;Gamla Måla;19;Kottebo;"";"Bufo bufo (vanlig padda, LC, fridlyst, 2023); Pannaria conoplea (grynlav, EN, 2015); Antitrichia curtipendula (fällmossa, LC, 2023); Actaea spicata (svart trolldruva, LC, 2023); Alleniella complanata (platt fjädermossa, LC, 2023); Daphne mezereum (tibast, LC, 2022); Dicranodontium denudatum (skuggmossa, LC, 2025); Frullania tamarisci (klippfrullania, LC, 2022); Herzogiella seligeri (stubbspretmossa, LC, 2023); Homalia trichomanoides (trubbfjädermossa, LC, 2025); Homalothecium sericeum (guldlockmossa, LC, 2022); Hygrocybe coccinea (blodvaxing, LC, 2023)";527210;6436984;15.46127;58.07348
398;3;"Bevaka; begär tillsyn om avverkning inte skett";A 39417-2022;KINDA;Avverkning tillåten: äldre anmälan;Hög;46.6;2022-09-13;-1412;2027-09-12;0.6;0.55310051500022;Föryngringsavverkning;Normal skog;FALSE;TRUE;"hög skoglig naturvärdessannolikhet (HCVF 78); hög skog >= 20 m på 98 %; Natura 2000 inom 307 m (Räckeskog)";0;0;0;0;0;0;0;78;0;0.981;307;Räckeskog;320;Räckeskog;"";"";547160;6443646;15.8008;58.13164
399;3;"Bevaka; begär tillsyn om avverkning inte skett";A 31839-2023;KINDA;Avverkning tillåten: äldre anmälan;Hög;46.6;2023-07-11;-1111;2028-07-09;1.6;1.56108744999244;Föryngringsavverkning;Normal skog;FALSE;TRUE;"hög skoglig naturvärdessannolikhet (HCVF 88); ädellövskog 38 %; hög skog >= 20 m på 92 %";0;0;0;0;0;7;0;87.8;0.385;0.916;2725;Knastraberget;1815;Tegelsätter;"";"";548331;6436118;15.81913;58.0639
400;3;"Bevaka; begär tillsyn om avverkning inte skett";A 1862-2025;YDRE;Avverkning tillåten: äldre anmälan;Hög;46.6;2025-01-14;-558;2030-01-13;0.6;0.625991634994559;Föryngringsavverkning;Normal skog;FALSE;TRUE;"hög skoglig naturvärdessannolikhet (HCVF 73); hög skog >= 20 m på 97 %; Natura 2000 inom 0 m (Sund)";0;0;0;0;0;9;0;73.2;0;0.968;0;Sund;276;Sund;"";"";514627;6413729;15.24653;57.8652
401;3;"Bevaka; begär tillsyn om avverkning inte skett";A 57497-2021;KINDA;Avverkning tillåten: äldre anmälan;Hög;46.5;2021-10-14;-1746;2026-10-13;0.5;0.487436400000006;Föryngringsavverkning;Normal skog;FALSE;TRUE;"hög skoglig naturvärdessannolikhet (HCVF 74); hög skog >= 20 m på 96 %; Natura 2000 inom 347 m (Ivranäs)";0;0;0;0;0;14;0;74;0;0.957;347;Ivranäs;7;Sommenäs;"";"";522850;6426509;15.38635;57.97964
402;3;"Bevaka; begär tillsyn om avverkning inte skett";A 59418-2022;BOXHOLM;Avverkning tillåten: äldre anmälan;Hög;46.5;2022-12-12;-1322;2027-12-11;5;6.51621854001309;Avverkning för att bevara och utveckla /försöksver;Normal skog;FALSE;TRUE;"allmän fridlyst art (t.ex. orkidé) inom 150 m, ej utlösande; hög skoglig naturvärdessannolikhet (HCVF 76); hög skog >= 20 m på 89 %";0;0;0;0;0;5;0;76.4;0;0.888;2745;Gökshult;6158;Ullebergsskogen;"";"Hepatica nobilis (blåsippa, LC, fridlyst, 2019); Ulmus glabra (skogsalm, EN, 2019); Scorzonera humilis (svinrot, NT, 2019)";512682;6443702;15.21537;58.13448
403;3;"Bevaka; begär tillsyn om avverkning inte skett";A 2741-2024;FINSPÅNG;Avverkning tillåten: äldre anmälan;Hög;46.5;2024-01-23;-915;2029-01-21;1.5;1.5085262549944;Föryngringsavverkning;Normal skog;FALSE;TRUE;"allmän fridlyst art (t.ex. orkidé) inom 150 m, ej utlösande; hög skoglig naturvärdessannolikhet (HCVF 72); ädellövskog 28 %; hög skog >= 20 m på 98 %";0;0;0;0;0;7;0;71.9;0.275;0.98;1973;Torsmossen;4279;Vallerängstorp;"";"Hepatica nobilis (blåsippa, LC, fridlyst, 2019); Hypochaeris maculata (slåtterfibbla, NT, 2019); Scorzonera humilis (svinrot, NT, 2019)";548047;6540593;15.83636;59.00216
404;3;"Bevaka; begär tillsyn om avverkning inte skett";A 42758-2025;NORRKÖPING;Avverkning tillåten: äldre anmälan;Hög;46.5;2025-09-08;-321;2030-09-07;0.5;0.520038544998132;Föryngringsavverkning;Normal skog;FALSE;TRUE;"allmän fridlyst art (t.ex. orkidé) inom 150 m, ej utlösande; hög skoglig naturvärdessannolikhet (HCVF 87); hög skog >= 20 m på 97 %; Natura 2000 inom 0 m (Rödgölen-Svartgölen)";0;0;0;0;0;30;0;87.4;0;0.969;0;Rödgölen-Svartgölen;0;Rödgölen;"";Dactylorhiza maculata (fläcknycklar, LC, fridlyst, 2021);565612;6506731;16.13209;58.69577
405;3;"Bevaka; begär tillsyn om avverkning inte skett";A 37477-2025;BOXHOLM;Avverkning tillåten: äldre anmälan;Hög;46.2;2025-08-08;-352;2030-08-07;1.2;1.2008968249958;Avverkning för att bevara och utveckla /försöksver;Normal skog;FALSE;TRUE;"hög skoglig naturvärdessannolikhet (HCVF 76); ädellövskog 35 %; hög skog >= 20 m på 93 %";0;0;0;0;0;3;0;76.3;0.35;0.933;4751;Bösebo;2255;Romanäs;"";Porodaedalea pini (tallticka, NT, 2020);503108;6437773;15.05269;58.08139
406;3;"Bevaka; begär tillsyn om avverkning inte skett";A 42817-2025;FINSPÅNG;Avverkning tillåten: äldre anmälan;Hög;46.2;2025-09-08;-321;2030-09-07;1.2;1.23170125535768;Föryngringsavverkning;Normal skog;FALSE;TRUE;"hög skoglig naturvärdessannolikhet (HCVF 81); ädellövskog 21 %; hög skog >= 20 m på 100 %";0;0;0;0;0;2;0;81.4;0.211;0.999;10281;Stora Mossen (Igelfors);7225;Trollkäringeskogen;"";"";535334;6511447;15.61045;58.74166
407;3;"Bevaka; begär tillsyn om avverkning inte skett";A 49747-2024;LINKÖPING;Avverkning tillåten: äldre anmälan;Hög;46.1;2024-10-31;-633;2029-10-30;1.1;1.13619188310392;Föryngringsavverkning;Normal skog;FALSE;TRUE;"hög skoglig naturvärdessannolikhet (HCVF 85); ädellövskog 27 %; hög skog >= 20 m på 98 %";0;0;0;0;0;1;0;85;0.27;0.979;7048;Södra Häggebo;3736;Limmernskogarna;"";"";526912;6455275;15.45834;58.23778
408;3;"Bevaka; begär tillsyn om avverkning inte skett";A 43074-2024;KINDA;Avverkning tillåten: äldre anmälan;Hög;46;2024-10-02;-662;2029-10-01;0.9;0.978763901453838;Föryngringsavverkning;Normal skog;FALSE;TRUE;"naturvårdsavtal/biotopskydd överlappar; hög skoglig naturvärdessannolikhet (HCVF 84); hög skog >= 20 m på 97 %";0;0;0;0;0;1;0;83.8;0;0.972;3414;Västra Eneby;6127;Krogsfall;"";"";542897;6433020;15.72647;58.03664
409;3;"Bevaka; begär tillsyn om avverkning inte skett";A 22043-2023;LINKÖPING;Avverkning tillåten: äldre anmälan;Hög;45.9;2023-05-23;-1160;2028-05-21;5.9;5.88557271335647;Föryngringsavverkning;Normal skog;FALSE;TRUE;"hög skoglig naturvärdessannolikhet (HCVF 80); hög skog >= 20 m på 92 %";0;0;0;0;0;6;0;80.4;0;0.916;3393;Gamla Måla;1474;Kottebo;"";"Odontoschisma denudatum (kornknutmossa, LC, 2022); Scolytus ratzeburgii (björksplintborre, LC, 2015); Crossocalyx hellerianus (vedtrappmossa, NT, 2022); Hertelidea botryosa (vedskivlav, NT, 2022); Menegazzia terebrata (hållav, VU, 2022)";528498;6439359;15.48341;58.09473
410;3;"Bevaka; begär tillsyn om avverkning inte skett";A 3247-2024;NORRKÖPING;Avverkning tillåten: äldre anmälan;Hög;45.9;2024-01-26;-912;2029-01-24;0.8;0.871394995006704;Föryngringsavverkning;Normal skog;FALSE;TRUE;"prioriterad fågelart inom området (4 §); hög skog >= 20 m på 97 %";0;0;1;0;1;12;0;20.1;0;0.966;6007;Mjälnäs sumpskog;5381;Rövareberget;Glaucidium passerinum (sparvuggla, NT, prio. fågel, 2021);"";565421;6515539;16.13136;58.7749
411;3;"Bevaka; begär tillsyn om avverkning inte skett";A 56756-2023;LINKÖPING;Avverkning tillåten: äldre anmälan;Hög;45.8;2023-11-14;-985;2028-11-12;0.8;0.827302825004608;Föryngringsavverkning;Normal skog;FALSE;TRUE;"rödlistad/bilaga IV-fridlyst art inom 150 m (6/8 §, buffertzon); ädellövskog 21 %; hög skog >= 20 m på 83 %";0;0;0;0;0;8;0;14.5;0.211;0.833;2368;Sätravallen;2368;Sätravallen;"";Lucanus cervus (ekoxe, LC, fridlyst, 2020);546768;6453717;15.79617;58.22213
412;3;"Bevaka; begär tillsyn om avverkning inte skett";A 4678-2024;ÖDESHÖG;Avverkning tillåten: äldre anmälan;Hög;45.7;2024-02-06;-901;2029-02-04;0.6;0.683663315295358;Föryngringsavverkning;Normal skog;FALSE;TRUE;"allmän fridlyst art (t.ex. orkidé) inom 150 m, ej utlösande; prioriterad fågelart inom området (4 §); hög skog >= 20 m på 96 %";0;0;1;0;1;15;0;8.2;0;0.959;2342;Bomhult;2935;Stortorp;Prunella modularis (järnsparv, NT, prio. fågel, 2024);"Hepatica nobilis (blåsippa, LC, fridlyst, 2024); Chrysosplenium alternifolium (gullpudra, NT, 2024)";491239;6454806;14.85081;58.2343
413;3;"Bevaka; begär tillsyn om avverkning inte skett";A 27969-2025;KINDA;Avverkning tillåten: äldre anmälan;Hög;45.6;2025-06-09;-412;2030-06-08;0.6;0.573304934150772;Föryngringsavverkning;Normal skog;FALSE;TRUE;"hög skoglig naturvärdessannolikhet (HCVF 80); ädellövskog 28 %; hög skog >= 20 m på 98 %";0;0;0;0;0;25;0.00513418654061596;79.9;0.282;0.976;2610;Hamra;2610;Hamra ekhagar;"";"Actaea spicata (svart trolldruva, LC, 2026); Inocutis rheades (rävticka, LC, 2013); Crepis praemorsa (klasefibbla, NT, 2026); Scorzonera humilis (svinrot, NT, 2026)";544927;6445621;15.76326;58.14961
414;3;"Bevaka; begär tillsyn om avverkning inte skett";A 70314-2021;VALDEMARSVIK;Avverkning tillåten: äldre anmälan;Hög;45.5;2021-12-06;-1693;2026-12-05;3.5;3.51198144000843;Föryngringsavverkning;Normal skog;FALSE;TRUE;"rödlistad/bilaga IV-fridlyst art inom 150 m (6/8 §, buffertzon); prioriterad fågelart inom 150 m (4 §); hög skog >= 20 m på 78 %";0;0;0;0;0;13;0;37.1;0;0.78;4970;Fallingeberg;4753;Falkbergen;"";"Lucanus cervus (ekoxe, LC, fridlyst, 2026); Dryocopus martius (spillkråka, LC, prio. fågel, 2026); Tetrao urogallus (tjäder, LC, prio. fågel, 2020); Zygaena minos (klubbsprötad bastardsvärmare, NT, 2019)";583296;6459932;16.42006;58.27255
415;3;"Bevaka; begär tillsyn om avverkning inte skett";A 58068-2021;LINKÖPING;Avverkning tillåten: äldre anmälan;Hög;45.2;2021-10-18;-1742;2026-10-17;1.2;1.16449752500262;Föryngringsavverkning;Normal skog;FALSE;TRUE;"prioriterad fågelart inom 150 m (4 §); hotad art (CR/EN/VU) inom området; hög skog >= 20 m på 55 %";0;0;0;1;1;26;0;38.3;0;0.554;1762;Ullstämma;1762;Ullstämmaskogen;Sclerophora pallida (gulvit blekspik, VU, 2022);"Dryocopus martius (spillkråka, LC, prio. fågel, 2025); Poecile montanus (talltita, NT, prio. fågel, 2025)";540833;6466466;15.69738;58.33722
416;3;"Bevaka; begär tillsyn om avverkning inte skett";A 58068-2021;LINKÖPING;Avverkning tillåten: äldre anmälan;Hög;45.2;2021-10-18;-1742;2026-10-17;1.2;1.16449752500262;Föryngringsavverkning;Normal skog;FALSE;TRUE;"prioriterad fågelart inom 150 m (4 §); hotad art (CR/EN/VU) inom området; hög skog >= 20 m på 55 %";0;0;0;1;1;26;0;38.3;0;0.554;1762;Ullstämma;1762;Ullstämmaskogen;Sclerophora pallida (gulvit blekspik, VU, 2022);"Dryocopus martius (spillkråka, LC, prio. fågel, 2025); Poecile montanus (talltita, NT, prio. fågel, 2025)";540833;6466466;15.69738;58.33722
417;3;"Bevaka; begär tillsyn om avverkning inte skett";A 49931-2024;VALDEMARSVIK;Avverkning tillåten: äldre anmälan;Hög;45.2;2024-11-01;-632;2029-10-31;1.1;1.17415208999454;Föryngringsavverkning;Normal skog;FALSE;TRUE;"hög skoglig naturvärdessannolikhet (HCVF 90); hög skog >= 20 m på 100 %";0;0;0;0;0;1;0;89.5;0;1;9648;Stora Ulvebo;449;Forsums gammelskog;"";"";587882;6469411;16.50182;58.35676
418;3;"Bevaka; begär tillsyn om avverkning inte skett";A 62202-2025;ÖDESHÖG;Avverkning tillåten: äldre anmälan;Hög;45.1;2025-12-15;-223;2030-12-14;5.1;5.07204492335254;Föryngringsavverkning;Normal skog;FALSE;TRUE;"allmän fridlyst art (t.ex. orkidé) inom 150 m, ej utlösande; hög skoglig naturvärdessannolikhet (HCVF 75); hög skog >= 20 m på 100 %";0;0;0;0;0;10;0;74.6;0.001;0.996;1910;Klämmesmålen;1910;Klämmesmålens odlingslandskap;"";"Hepatica nobilis (blåsippa, LC, fridlyst, 2016); Fraxinus excelsior (ask, EN, 2023)";494736;6446392;14.91055;58.15879
419;3;"Bevaka; begär tillsyn om avverkning inte skett";A 767-2025;KINDA;Avverkning tillåten: äldre anmälan;Hög;45;2025-01-08;-564;2030-01-07;5;5.01899187118486;Föryngringsavverkning;Normal skog;FALSE;TRUE;"rödlistad/bilaga IV-fridlyst art inom 150 m (6/8 §, buffertzon); hög skog >= 20 m på 97 %";0;0;0;0;0;27;0;45.6;0;0.97;5269;Gamla Måla;2643;Mörkviken;"";"Hepatica nobilis (blåsippa, LC, fridlyst, 2020); Goodyera repens (knärot, VU, fridlyst, 2020); Dicranum flagellare (flagellkvastmossa, LC, 2020); Herzogiella seligeri (stubbspretmossa, LC, 2020); Odontoschisma denudatum (kornknutmossa, LC, 2020); Phaeolus schweinitzii (grovticka, LC, 2020); Thymelicus lineola (mindre tåtelsmygare, NT, 2013); Crossocalyx hellerianus (vedtrappmossa, NT, 2020); Sarcodon imbricatus (fjällig taggsvamp s.str., NT, 2020); Boloria selene (brunfläckig pärlemorfjäril, VU, 2009); Zygaena osterodensis (smalsprötad bastardsvärmare, VU, 2012)";530775;6439534;15.52206;58.09615
420;3;"Bevaka; begär tillsyn om avverkning inte skett";A 39854-2025;SÖDERKÖPING;Avverkning tillåten: äldre anmälan;Hög;45;2025-08-22;-338;2030-08-21;29.1;26.6186402718678;Föryngringsavverkning;Normal skog;FALSE;TRUE;"hög skoglig naturvärdessannolikhet (HCVF 75); hög skog >= 20 m på 92 %";0;0;0;0;0;1;0;75;0.001;0.922;2089;Harsbo-Sverkersholm;2089;Harsbo-Sverkersholm;"";"";574234;6470408;16.26898;58.36824
421;3;"Bevaka; begär tillsyn om avverkning inte skett";A 62694-2025;KINDA;Avverkning tillåten: äldre anmälan;Hög;45;2025-12-17;-221;2030-12-16;9.3;4.96721055846089;Föryngringsavverkning;Normal skog;FALSE;TRUE;"rödlistad/bilaga IV-fridlyst art inom 150 m (6/8 §, buffertzon); hög skog >= 20 m på 92 %";0;0;0;0;0;29;0;50.2;0.012;0.916;2065;Ryda;2065;Ryda;"";"Lucanus cervus (ekoxe, LC, fridlyst, 2012); Platanthera chlorantha (grönvit nattviol, LC, fridlyst, 2021); Chrysosplenium alternifolium (gullpudra, NT, 2021); Polygala vulgaris (jungfrulin, NT, 2021); Zygaena minos (klubbsprötad bastardsvärmare, NT, 2023); Zygaena filipendulae (sexfläckig bastardsvärmare, VU, 2010); Zygaena lonicerae (bredbrämad bastardsvärmare, VU, 2010); Zygaena osterodensis (smalsprötad bastardsvärmare, VU, 2012); Zygaena viciae (mindre bastardsvärmare, VU, 2010)";550077;6428492;15.8471;57.99522
422;3;"Bevaka; begär tillsyn om avverkning inte skett";A 6242-2026;ÅTVIDABERG;Avverkning tillåten: äldre anmälan;Hög;45;2026-02-02;-174;2031-02-01;16;16.472447214696;Föryngringsavverkning;Normal skog;FALSE;TRUE;"hög skoglig naturvärdessannolikhet (HCVF 71); hög skog >= 20 m på 100 %";0;0;0;0;0;0;0;71;0;0.995;2270;Stockmossen;2270;Stockmossen;"";"";553532;6454785;15.91155;58.23095
423;3;"Bevaka; begär tillsyn om avverkning inte skett";A 1606-2022;VALDEMARSVIK;Avverkning tillåten: äldre anmälan;Medel;44.6;2022-01-12;-1656;2027-01-11;4.6;4.56815154404962;Föryngringsavverkning;Normal skog;FALSE;TRUE;rödlistad/bilaga IV-fridlyst art inom 150 m (6/8 §, buffertzon);0;0;0;0;1;13;0;24.4;0;0.494;2610;Högved;3275;Kattedals gammelskog;Scorzonera humilis (svinrot, NT, 2026);"Lucanus cervus (ekoxe, LC, fridlyst, 2026); Goodyera repens (knärot, VU, fridlyst, 2026); Homalothecium sericeum (guldlockmossa, LC, 2026); Microbregma emarginatum (granbarkgnagare, LC, 2026); Tomicus minor (mindre märgborre, LC, 2026); Polygala vulgaris (jungfrulin, NT, 2026); Porodaedalea pini (tallticka, NT, 2026); Crepis praemorsa (klasefibbla, NT, 2018); Zygaena viciae (mindre bastardsvärmare, VU, 2026)";598554;6449368;16.67558;58.17455
424;3;"Bevaka; begär tillsyn om avverkning inte skett";A 10198-2023;LINKÖPING;Avverkning tillåten: äldre anmälan;Medel;44.6;2023-03-01;-1243;2028-02-28;4.6;4.59348406499652;Föryngringsavverkning;Normal skog;FALSE;TRUE;"allmän fridlyst art (t.ex. orkidé) inom 150 m, ej utlösande; hög skoglig naturvärdessannolikhet (HCVF 71); hög skog >= 20 m på 100 %";0;0;0;0;0;36;0;71.1;0;0.998;4433;Södra Häggebo;1102;Packarps lövskog;"";"Hepatica nobilis (blåsippa, LC, fridlyst, 2014); Actaea spicata (svart trolldruva, LC, 2023); Alleniella complanata (platt fjädermossa, LC, 2023); Antitrichia curtipendula (fällmossa, LC, 2015); Daphne mezereum (tibast, LC, 2015); Homalothecium sericeum (guldlockmossa, LC, 2015); Lathraea squamaria (vätteros, LC, 2023); Nephroma parile (bårdlav, LC, 2015); Pseudanomodon attenuatus (piskbaronmossa, LC, 2015); Lathyrus vernus (vårärt, NT, 2023); Peltigera collina (grynig filtlav, NT, 2023); Collema subnigrescens (aspgelélav, VU, 2015)";528039;6448888;15.47676;58.18035
425;3;"Bevaka; begär tillsyn om avverkning inte skett";A 53004-2023;ÅTVIDABERG;Avverkning tillåten: äldre anmälan;Medel;44.2;2023-10-23;-1007;2028-10-21;2.3;2.1663800647404;Föryngringsavverkning;Normal skog;FALSE;TRUE;"rödlistad/bilaga IV-fridlyst art inom 150 m (6/8 §, buffertzon); prioriterad fågelart inom 150 m (4 §); hög skog >= 20 m på 100 %";0;0;0;0;0;7;0;45.8;0;0.995;1654;Åtvidsnäs;1654;Åtvidsnäs;"";"Lucanus cervus (ekoxe, LC, fridlyst, 2026); Haliaeetus albicilla (havsörn, LC, prio. fågel, 2025); Phaeolus schweinitzii (grovticka, LC, 2007); Sarcodon imbricatus (fjällig taggsvamp s.str., NT, 2023)";561761;6452449;16.05102;58.2089
426;3;"Bevaka; begär tillsyn om avverkning inte skett";A 19170-2024;FINSPÅNG;Avverkning tillåten: äldre anmälan;Medel;44.1;2024-05-16;-801;2029-05-15;2.1;2.06185227000584;Föryngringsavverkning;Normal skog;FALSE;TRUE;"prioriterad fågelart inom 150 m (4 §); hög skoglig naturvärdessannolikhet (HCVF 82); hög skog >= 20 m på 76 %";0;0;0;0;0;9;0;82.3;0;0.759;4874;Ölstadsjön;1652;Loreberg;"";"Dryocopus martius (spillkråka, LC, prio. fågel, 2013); Poecile montanus (talltita, NT, prio. fågel, 2013)";544341;6510538;15.76586;58.73266
427;3;"Bevaka; begär tillsyn om avverkning inte skett";A 62441-2025;YDRE;Avverkning tillåten: äldre anmälan;Medel;43.9;2025-12-16;-222;2030-12-15;3.8;3.89061217674306;Föryngringsavverkning;Normal skog;FALSE;TRUE;"rödlistad/bilaga IV-fridlyst art inom 150 m (6/8 §, buffertzon); hög skog >= 20 m på 99 %";0;0;0;0;0;9;0;49;0;0.99;3181;Granstugan;4601;Rubban;"";"Corallorhiza trifida (korallrot, LC, fridlyst, 2014); Goodyera repens (knärot, VU, fridlyst, 2021)";501673;6423084;15.02827;57.94946
428;3;"Bevaka; begär tillsyn om avverkning inte skett";A 64408-2023;FINSPÅNG;Avverkning tillåten: äldre anmälan;Medel;43.6;2023-12-20;-949;2028-12-18;13.6;13.5914930550035;Föryngringsavverkning;Normal skog;FALSE;TRUE;"hög skoglig naturvärdessannolikhet (HCVF 86); hög skog >= 20 m på 98 %";0;0;0;0;0;1;0;85.5;0;0.981;5200;Motala äng;3293;Brevens tallskogar;"";Sarcodon squamosus (motaggsvamp, NT, 2011);541693;6537530;15.72519;58.97532
429;3;"Bevaka; begär tillsyn om avverkning inte skett";A 17632-2026;SÖDERKÖPING;Avverkning tillåten: äldre anmälan;Medel;43.3;2026-04-09;-108;2031-04-08;3.3;3.29901052905014;Föryngringsavverkning;Normal skog;FALSE;TRUE;"rödlistad/bilaga IV-fridlyst art inom 150 m (6/8 §, buffertzon); hög skog >= 20 m på 74 %";0;0;0;0;0;7;0;19.2;0.003;0.741;6619;Harsbo-Sverkersholm;1815;Hälla;"";"Lucanus cervus (ekoxe, LC, fridlyst, 2021); Phrurolithus minimus (prickig flinkspindel, VU, 2021); Zygaena lonicerae (bredbrämad bastardsvärmare, VU, 2021); Zygaena viciae (mindre bastardsvärmare, VU, 2021)";583526;6475087;16.42946;58.40857
430;3;"Bevaka; begär tillsyn om avverkning inte skett";A 42678-2024;FINSPÅNG;Avverkning tillåten: äldre anmälan;Medel;43.2;2024-10-01;-663;2029-09-30;3.2;3.16301012498665;Föryngringsavverkning;Normal skog;FALSE;TRUE;"rödlistad/bilaga IV-fridlyst art inom 150 m (6/8 §, buffertzon); hög skog >= 20 m på 96 %";0;0;0;0;0;2;0;36.8;0;0.965;8772;Magnehults domänreservat;4888;Pipmossens domänreservat;"";Goodyera repens (knärot, VU, fridlyst, 2024);560930;6528386;16.05721;58.89091
431;3;"Bevaka; begär tillsyn om avverkning inte skett";A 18915-2026;FINSPÅNG;Avverkning tillåten: äldre anmälan;Medel;43.1;2026-04-17;-100;2031-04-16;5.2;6.09959720000459;Föryngringsavverkning;Normal skog;FALSE;TRUE;"prioriterad fågelart inom området (4 §); hög skog >= 20 m på 92 %";0;0;1;0;1;3;0;58.7;0.002;0.918;4999;Ölstadsjön;2192;Loreberg;Haliaeetus albicilla (havsörn, LC, prio. fågel, 2026);"";543693;6510149;15.7546;58.72924
432;3;"Bevaka; begär tillsyn om avverkning inte skett";A 46144-2025;MJÖLBY;Avverkning tillåten: äldre anmälan;Medel;43;2025-09-24;-305;2030-09-23;3;2.97954767240224;Föryngringsavverkning;Normal skog;FALSE;TRUE;"rödlistad/bilaga IV-fridlyst art inom 150 m (6/8 §, buffertzon); hög skog >= 20 m på 99 %";0;0;0;0;0;9;0;33.5;0;0.987;4703;Solberga;4703;Solberga;"";Goodyera repens (knärot, VU, fridlyst, 2013);517670;6464475;15.30164;58.32087
433;3;"Bevaka; begär tillsyn om avverkning inte skett";A 11619-2026;SÖDERKÖPING;Avverkning tillåten: äldre anmälan;Medel;42.9;2026-03-03;-145;2031-03-02;0.9;0.900649561502412;Föryngringsavverkning;Normal skog;FALSE;TRUE;"rödlistad/bilaga IV-fridlyst art inom 150 m (6/8 §, buffertzon); prioriterad fågelart inom 150 m (4 §); hög skog >= 20 m på 69 %";0;0;0;0;0;11;0;15.1;0;0.69;3953;Norrkrog;2167;Listorp;"";"Epipactis atrorubens (purpurknipprot, LC, fridlyst, 2022); Dryocopus martius (spillkråka, LC, prio. fågel, 2023); Cygnus cygnus (sångsvan, LC, prio. fågel, 2023); Tetrao urogallus (tjäder, LC, prio. fågel, 2022); Anas crecca (kricka, NT, prio. fågel, 2022); Hydnellum aurantiacum (orange taggsvamp, NT, 2015)";591094;6476135;16.55934;58.41648
434;3;"Bevaka; begär tillsyn om avverkning inte skett";A 19160-2024;FINSPÅNG;Avverkning tillåten: äldre anmälan;Medel;42.8;2024-05-16;-801;2029-05-15;0.7;0.849794410001498;Föryngringsavverkning;Normal skog;FALSE;TRUE;"prioriterad fågelart inom 150 m (4 §); hög skoglig naturvärdessannolikhet (HCVF 84); hög skog >= 20 m på 94 %";0;0;0;0;0;4;0;83.8;0;0.943;4818;Ölstadsjön;1324;Loreberg;"";"Dryocopus martius (spillkråka, LC, prio. fågel, 2013); Poecile montanus (talltita, NT, prio. fågel, 2013); Craterellus undulatus (kruskantarell, LC, 2023); Leiestes seminiger (svartvingad svampbagge, NT, 2020)";544721;6510708;15.77247;58.73415
435;3;"Bevaka; begär tillsyn om avverkning inte skett";A 12569-2023;YDRE;Avverkning tillåten: äldre anmälan;Medel;42.6;2023-03-15;-1229;2028-03-13;2.6;2.61297118856497;Föryngringsavverkning;Normal skog;FALSE;TRUE;"rödlistad/bilaga IV-fridlyst art inom 150 m (6/8 §, buffertzon); hög skog >= 20 m på 96 %";0;0;0;0;0;7;0;44.4;0;0.96;757;Kullarp;1761;Skrivaremomossen;"";Goodyera repens (knärot, VU, fridlyst, 2020);513747;6400498;15.23093;57.74638
436;3;"Bevaka; begär tillsyn om avverkning inte skett";A 53881-2025;NORRKÖPING;Avverkning tillåten: äldre anmälan;Medel;42.6;2025-10-31;-268;2030-10-30;2.6;2.55843967760801;Föryngringsavverkning;Normal skog;FALSE;TRUE;"rödlistad/bilaga IV-fridlyst art inom 150 m (6/8 §, buffertzon); hög skog >= 20 m på 87 %";0;0;0;0;0;6;0;55.4;0;0.872;5715;Stora Rimmö;5715;Stora Rimmö;"";"Goodyera repens (knärot, VU, fridlyst, 2024); Porodaedalea pini (tallticka, NT, 2024)";610317;6483657;16.89183;58.47957
437;3;"Bevaka; begär tillsyn om avverkning inte skett";A 50558-2021;NORRKÖPING;Avverkning tillåten: äldre anmälan;Medel;42.5;2021-09-20;-1770;2026-09-19;0.5;0.486659219993511;Föryngringsavverkning;Normal skog;FALSE;TRUE;"prioriterad fågelart inom 150 m (4 §); hög skoglig naturvärdessannolikhet (HCVF 71); hög skog >= 20 m på 100 %";0;0;0;0;0;16;0;71.1;0;1;3922;Magnehults domänreservat;3500;Hjälmstorpenäs;"";Grus grus (trana, LC, prio. fågel, 2026);562441;6516716;16.08016;58.78591
438;3;"Bevaka; begär tillsyn om avverkning inte skett";A 20587-2024;NORRKÖPING;Avverkning tillåten: äldre anmälan;Medel;42.5;2024-05-24;-793;2029-05-23;0.5;0.539815220001549;Föryngringsavverkning;Normal skog;FALSE;TRUE;"prioriterad fågelart inom 150 m (4 §); hög skoglig naturvärdessannolikhet (HCVF 82); hög skog >= 20 m på 99 %";0;0;0;0;0;9;0;82.4;0;0.989;5297;Mjälnäs sumpskog;5748;Klinta hällar;"";Haliaeetus albicilla (havsörn, LC, prio. fågel, 2021);565236;6517670;16.12878;58.79406
439;3;"Bevaka; begär tillsyn om avverkning inte skett";A 59768-2021;NORRKÖPING;Avverkning tillåten: äldre anmälan;Medel;42.4;2021-10-25;-1735;2026-10-24;2.4;2.40304542959393;Föryngringsavverkning;Normal skog;FALSE;TRUE;"rödlistad/bilaga IV-fridlyst art inom 150 m (6/8 §, buffertzon); hög skog >= 20 m på 86 %";0;0;0;0;0;8;0;41.7;0;0.864;2156;Runstorp;2156;Runstorp;"";Goodyera repens (knärot, VU, fridlyst, 2014);552364;6488528;15.89934;58.53412
440;3;"Bevaka; begär tillsyn om avverkning inte skett";A 61800-2025;ÖDESHÖG;Avverkning tillåten: äldre anmälan;Medel;42.4;2025-12-11;-227;2030-12-10;2.4;2.42943586502266;Föryngringsavverkning;Normal skog;FALSE;TRUE;"hög skoglig naturvärdessannolikhet (HCVF 78); hög skog >= 20 m på 100 %";0;0;0;0;0;8;0;78.3;0;1;1991;Ekebergs lövskog;1991;Ekebergs lövskog;"";"Fraxinus excelsior (ask, EN, 2016); Ulmus glabra (skogsalm, EN, 2016); Blitum bonus-henricus (lungrot, VU, 2016)";494328;6446540;14.9036;58.16011
441;3;"Bevaka; begär tillsyn om avverkning inte skett";A 51335-2025;MJÖLBY;Avverkning tillåten: äldre anmälan;Medel;42.3;2025-10-20;-279;2030-10-19;2.3;2.3037415713144;Föryngringsavverkning;Normal skog;FALSE;TRUE;"rödlistad/bilaga IV-fridlyst art inom 150 m (6/8 §, buffertzon); hög skog >= 20 m på 99 %";0;0;0;0;0;9;0;17.1;0.006;0.986;2245;Stentorpsmyren-Svarthagen;3650;Skogssjöområdet;"";"Pulsatilla vulgaris (backsippa, VU, fridlyst, 2023); Carex caryophyllea (vårstarr, NT, 2014)";504614;6462435;15.07872;58.30289
442;3;"Bevaka; begär tillsyn om avverkning inte skett";A 53500-2022;NORRKÖPING;Avverkning tillåten: äldre anmälan;Medel;42.2;2022-11-09;-1355;2027-11-08;2.2;2.21054795101108;Föryngringsavverkning;Normal skog;FALSE;TRUE;"nyckelbiotop överlappar; hög skog >= 20 m på 98 %";0;0;0;0;0;39;0.288631041015237;65.1;0.028;0.975;2594;Kimstad ekbacke;2924;Långnäs;"";"";558922;6491271;16.01266;58.55791
443;3;"Bevaka; begär tillsyn om avverkning inte skett";A 12605-2026;KINDA;Avverkning tillåten: äldre anmälan;Medel;42.2;2026-03-09;-139;2031-03-08;2.3;2.24242596681523;Föryngringsavverkning;Normal skog;FALSE;TRUE;"hög skoglig naturvärdessannolikhet (HCVF 79); hög skog >= 20 m på 98 %";0;0;0;0;0;7;1.39080815795343e-05;78.7;0.07;0.98;1610;Törnevik;1613;Törnevik;"";"Hylocomiastrum umbratum (mörk husmossa, LC, 2017); Lactifluus volemus (mandelriska, LC, 2011); Chrysosplenium alternifolium (gullpudra, NT, 2017); Lecanographa amylacea (gammelekslav, NT, 2017); Trichocolea tomentella (dunmossa, NT, 2017); Xylobolus frustulatus (rutskinn, NT, 2011); Hygrophorus nemoreus (lundvaxskivling, VU, 2011)";534921;6449300;15.59384;58.18355
444;3;"Bevaka; begär tillsyn om avverkning inte skett";A 47446-2025;BOXHOLM;Avverkning tillåten: äldre anmälan;Medel;42.1;2025-09-30;-299;2030-09-29;3.1;4.06843279499643;Föryngringsavverkning;Normal skog;FALSE;TRUE;"hög skoglig naturvärdessannolikhet (HCVF 83); hög skog >= 20 m på 94 %";0;0;0;0;0;0;0;82.9;0;0.935;2286;Bösebo;5566;Romanäs;"";"";503867;6441789;15.06564;58.11746
445;3;"Bevaka; begär tillsyn om avverkning inte skett";A 4248-2026;YDRE;Avverkning tillåten: äldre anmälan;Medel;42.1;2026-01-23;-184;2031-01-22;4.9;5.10441442684271;Föryngringsavverkning;Normal skog;FALSE;TRUE;"prioriterad fågelart inom området (4 §); hög skog >= 20 m på 100 %";0;0;1;0;1;2;0;39.6;0;0.995;3135;Trangölamyren (Östgötadelen);1737;Brokabobäcken;Tetrao urogallus (tjäder, LC, prio. fågel, 2024);"";507598;6399258;15.1276;57.73539
446;3;"Bevaka; begär tillsyn om avverkning inte skett";A 42682-2024;FINSPÅNG;Avverkning tillåten: äldre anmälan;Medel;41.9;2024-10-01;-663;2029-09-30;3.8;3.88243728001314;Föryngringsavverkning;Normal skog;FALSE;TRUE;rödlistad/bilaga IV-fridlyst art inom 150 m (6/8 §, buffertzon);0;0;0;0;0;2;0;55.9;0;0.263;8929;Magnehults domänreservat;5066;Pipmossens domänreservat;"";Goodyera repens (knärot, VU, fridlyst, 2024);561010;6528520;16.05864;58.8921
447;3;"Bevaka; begär tillsyn om avverkning inte skett";A 43753-2025;LINKÖPING;Avverkning tillåten: äldre anmälan;Medel;41.9;2025-09-12;-317;2030-09-11;1.7;1.94167427064576;Föryngringsavverkning;Normal skog;FALSE;TRUE;"rödlistad/bilaga IV-fridlyst art inom 150 m (6/8 §, buffertzon); hög skog >= 20 m på 98 %";0;0;0;0;0;30;0;40.9;0;0.979;1397;Ycke urskog;1388;Ycke;"";"Goodyera repens (knärot, VU, fridlyst, 2021); Fraxinus excelsior (ask, EN, 2010); Cossus cossus (större träfjäril, LC, 2007); Inocutis rheades (rävticka, LC, 2021); Lactarius scrobiculatus (svavelriska, LC, 2008); Leptogium saturninum (skinnlav, LC, 2011); Collema subnigrescens (aspgelélav, VU, 2011); Zygaena osterodensis (smalsprötad bastardsvärmare, VU, 2013)";524015;6440464;15.40747;58.10492
448;3;"Bevaka; begär tillsyn om avverkning inte skett";A 12156-2024;MOTALA;Avverkning tillåten: äldre anmälan;Medel;41.7;2024-03-26;-852;2029-03-25;1.7;1.68441083655455;Föryngringsavverkning;Normal skog;FALSE;TRUE;"hög skoglig naturvärdessannolikhet (HCVF 82); hög skog >= 20 m på 98 %; Natura 2000 inom 479 m (Vättern (östra))";0;0;0;0;0;0;0;82.1;0;0.982;479;Vättern (östra);2396;Motalabuktens öreservat;"";"";495256;6493163;14.91843;58.57887
449;3;"Bevaka; begär tillsyn om avverkning inte skett";A 51020-2025;FINSPÅNG;Avverkning tillåten: äldre anmälan;Medel;41.7;2025-10-17;-282;2030-10-16;1.4;1.72634787000613;Föryngringsavverkning;Normal skog;FALSE;TRUE;"allmän fridlyst art (t.ex. orkidé) inom 150 m, ej utlösande; hög skoglig naturvärdessannolikhet (HCVF 72); hög skog >= 20 m på 97 %";0;0;0;0;1;17;0;72;0.11;0.972;5910;Ölstadsjön;1069;Torstorpeskogen;Eptesicus nilssonii (nordfladdermus, NT, 2021);"Hepatica nobilis (blåsippa, LC, fridlyst, 2025); Acolium inquinans (sotlav, LC, 2025); Alleniella complanata (platt fjädermossa, LC, 2025); Lathraea squamaria (vätteros, LC, 2021); Myotis nattereri (fransfladdermus, NT, 2021); Fomitiporia robusta (ekticka, NT, 2025); Lathyrus vernus (vårärt, NT, 2021); Plecotus auritus (brunlångöra, NT, 2021)";541871;6507924;15.72273;58.70944
450;3;"Bevaka; begär tillsyn om avverkning inte skett";A 1589-2026;ÖDESHÖG;Avverkning tillåten: äldre anmälan;Medel;41.7;2026-01-12;-195;2031-01-11;3.4;3.69279073350402;Föryngringsavverkning;Normal skog;FALSE;TRUE;"hög skoglig naturvärdessannolikhet (HCVF 76); hög skog >= 20 m på 98 %";0;0;0;0;0;0;0;75.9;0;0.985;1555;Ekebergs lövskog;1555;Ekebergs lövskog;"";"";492239;6449578;14.86801;58.18737
451;3;"Bevaka; begär tillsyn om avverkning inte skett";A 9532-2025;NORRKÖPING;Avverkning tillåten: äldre anmälan;Medel;41.6;2025-02-27;-514;2030-02-26;1.2;1.61660427499506;Föryngringsavverkning;Normal skog;FALSE;TRUE;"rödlistad/bilaga IV-fridlyst art inom 150 m (6/8 §, buffertzon); hög skog >= 20 m på 90 %";0;0;0;0;0;6;0;35.6;0;0.896;2648;Glotternskogen;2537;Övre Glottern;"";"Hepatica nobilis (blåsippa, LC, fridlyst, 2023); Goodyera repens (knärot, VU, fridlyst, 2023)";567823;6512224;16.17188;58.74476
452;3;"Bevaka; begär tillsyn om avverkning inte skett";A 16128-2025;ÖDESHÖG;Avverkning tillåten: äldre anmälan;Medel;41.6;2025-04-03;-479;2030-04-02;1.6;1.61366884200275;Föryngringsavverkning;Normal skog;FALSE;TRUE;"hög skoglig naturvärdessannolikhet (HCVF 87); hög skog >= 20 m på 100 %";0;0;0;0;0;9;0;87.1;0;1;2192;Skruvhult;4631;Lysings urskog;"";Fraxinus excelsior (ask, EN, 2022);486475;6439516;14.77057;58.09685
453;3;"Bevaka; begär tillsyn om avverkning inte skett";A 44757-2025;MJÖLBY;Avverkning tillåten: äldre anmälan;Medel;41.6;2025-09-17;-312;2030-09-16;4.3;1.57482628174532;Föryngringsavverkning;Normal skog;FALSE;TRUE;"rödlistad/bilaga IV-fridlyst art inom 150 m (6/8 §, buffertzon); hög skog >= 20 m på 95 %";0;0;0;0;0;7;0;21.6;0;0.948;3973;Solberga;3973;Solberga;"";"Goodyera repens (knärot, VU, fridlyst, 2016); Chrysosplenium alternifolium (gullpudra, NT, 2016)";516909;6464644;15.28866;58.32243
454;3;"Bevaka; begär tillsyn om avverkning inte skett";A 46951-2025;VALDEMARSVIK;Avverkning tillåten: äldre anmälan;Medel;41.6;2025-09-29;-300;2030-09-28;1.6;1.61796830489486;Föryngringsavverkning;Normal skog;FALSE;TRUE;"rödlistad/bilaga IV-fridlyst art inom 150 m (6/8 §, buffertzon); hög skog >= 20 m på 91 %";0;0;0;0;0;4;0;13.9;0;0.911;5290;Harsbo-Sverkersholm;5285;Käringbergen;"";"Lucanus cervus (ekoxe, LC, fridlyst, 2026); Fraxinus excelsior (ask, EN, 2020)";582065;6466922;16.40155;58.33553
455;3;"Bevaka; begär tillsyn om avverkning inte skett";A 33532-2024;MJÖLBY;Avverkning tillåten: äldre anmälan;Medel;41.5;2024-08-15;-710;2029-08-14;1.5;1.5496343381539;Föryngringsavverkning;Normal skog;FALSE;TRUE;"rödlistad/bilaga IV-fridlyst art inom 150 m (6/8 §, buffertzon); hög skog >= 20 m på 74 %";0;0;0;0;0;6;0;41.4;0.051;0.741;2825;Stentorpsmyren-Svarthagen;3828;Skogssjöområdet;"";"Hepatica nobilis (blåsippa, LC, fridlyst, 2014); Pulsatilla vulgaris (backsippa, VU, fridlyst, 2023)";504984;6462069;15.08503;58.2996
456;3;"Bevaka; begär tillsyn om avverkning inte skett";A 30531-2025;YDRE;Avverkning tillåten: äldre anmälan;Medel;41.4;2025-06-23;-398;2030-06-22;1.4;1.43301646850994;Föryngringsavverkning;Normal skog;FALSE;TRUE;"hög skoglig naturvärdessannolikhet (HCVF 74); hög skog >= 20 m på 98 %";0;0;0;0;0;4;0;74.2;0.012;0.981;1443;Ivranäs;3966;Idebo;"";Ulmus glabra (skogsalm, EN, 2019);515537;6423949;15.26254;57.95696
457;3;"Bevaka; begär tillsyn om avverkning inte skett";A 53239-2024;KINDA;Avverkning tillåten: äldre anmälan;Medel;41.3;2024-11-17;-616;2029-11-16;1.3;1.3060467848531;Föryngringsavverkning;Normal skog;FALSE;TRUE;"rödlistad/bilaga IV-fridlyst art inom 150 m (6/8 §, buffertzon); hög skog >= 20 m på 100 %";0;0;0;0;0;13;0;47.9;0;1;1770;Klevberget Sonebo;1359;Borgarmon;"";"Goodyera repens (knärot, VU, fridlyst, 2021); Zygaena osterodensis (smalsprötad bastardsvärmare, VU, 2020)";538411;6443513;15.65223;58.13129
458;3;"Bevaka; begär tillsyn om avverkning inte skett";A 6004-2025;ÅTVIDABERG;Avverkning tillåten: äldre anmälan;Medel;41.3;2025-02-07;-534;2030-02-06;1.3;1.25808314484227;Föryngringsavverkning;Normal skog;FALSE;TRUE;"hög skoglig naturvärdessannolikhet (HCVF 80); hög skog >= 20 m på 98 %; Natura 2000 inom 496 m (Trulstorpet)";0;0;0;0;0;2;0;79.6;0;0.982;496;Trulstorpet;2147;Kulla ängar;"";"";560386;6441802;16.02487;58.11348
459;3;"Bevaka; begär tillsyn om avverkning inte skett";A 39237-2025;YDRE;Avverkning tillåten: äldre anmälan;Medel;41.3;2025-08-20;-340;2030-08-19;1.3;1.32513592109911;Föryngringsavverkning;Normal skog;FALSE;TRUE;"allmän fridlyst art (t.ex. orkidé) inom 150 m, ej utlösande; hög skoglig naturvärdessannolikhet (HCVF 77); hög skog >= 20 m på 98 %";0;0;0;0;0;6;0;77.1;0;0.978;3351;Granstugan;4415;Rubban;"";"Hepatica nobilis (blåsippa, LC, fridlyst, 2020); Ulmus glabra (skogsalm, EN, 2020)";503080;6422768;15.05203;57.94662
460;3;"Bevaka; begär tillsyn om avverkning inte skett";A 63760-2025;VALDEMARSVIK;Avverkning tillåten: äldre anmälan;Medel;41.3;2025-12-27;-211;2030-12-26;3.3;3.25369239703545;Föryngringsavverkning;Normal skog;FALSE;TRUE;"hög skoglig naturvärdessannolikhet (HCVF 82); hög skog >= 20 m på 97 %";0;0;0;0;1;11;0;81.5;0;0.969;2078;Arnö (delar av);2078;Arnö;Phaeolus schweinitzii (grovticka, LC, 2025);Leucobryum glaucum (blåmossa, LC, 2025);600263;6440195;16.7007;58.09181
461;3;"Bevaka; begär tillsyn om avverkning inte skett";A 52847-2024;BOXHOLM;Avverkning tillåten: äldre anmälan;Medel;41.2;2024-11-14;-619;2029-11-13;1.2;1.1896589743512;Föryngringsavverkning;Normal skog;FALSE;TRUE;"hög skoglig naturvärdessannolikhet (HCVF 75); hög skog >= 20 m på 98 %";0;0;0;0;1;5;0;75.3;0;0.978;4619;Gökshult;5897;Pålsbo;Carex caryophyllea (vårstarr, NT, 2020);"";511960;6445290;15.20318;58.14876
462;3;"Bevaka; begär tillsyn om avverkning inte skett";A 28558-2023;FINSPÅNG;Avverkning tillåten: äldre anmälan;Medel;41.1;2023-06-26;-1126;2028-06-24;11.1;11.1301679820098;Föryngringsavverkning;Normal skog;FALSE;TRUE;"hög skoglig naturvärdessannolikhet (HCVF 78); hög skog >= 20 m på 99 %";0;0;0;0;0;1;0;77.8;0;0.986;6861;Stora Mossen (Igelfors);6850;Stora mossen;"";"";532211;6515514;15.55709;58.77843
463;3;"Bevaka; begär tillsyn om avverkning inte skett";A 22833-2023;LINKÖPING;Avverkning tillåten: äldre anmälan;Medel;41;2023-05-25;-1158;2028-05-23;1;1.02615699030375;Föryngringsavverkning;Normal skog;FALSE;TRUE;"rödlistad/bilaga IV-fridlyst art inom 150 m (6/8 §, buffertzon); hög skog >= 20 m på 96 %";0;0;0;0;0;38;0;30.3;0;0.961;5996;Lunderna;8794;Sturefors;"";"Sarcosoma globosum (bombmurkla, EN, fridlyst, 2019); Ulmus glabra (skogsalm, EN, 2016); Climacocystis borealis (trådticka, LC, 2014); Galium odoratum (myskmadra, LC, 2022); Hermanssonia centrifuga (rynkskinn, NT, 2017); Rhizocybe vermicularis (stor vårtrattskivling, NT, 2016); Sarcodon imbricatus (fjällig taggsvamp s.str., NT, 2017); Erinaceus europaeus (igelkott, VU, 2026); Hieracium lugubre (sorgfibbla, VU, 2016); Hieracium valentius (starkfibbla, VU, 2008)";545800;6475907;15.78409;58.42151
464;3;"Bevaka; begär tillsyn om avverkning inte skett";A 56879-2023;SÖDERKÖPING;Avverkning tillåten: äldre anmälan;Medel;41;2023-11-14;-985;2028-11-12;1;0.953858499847399;Föryngringsavverkning;Normal skog;FALSE;TRUE;"nyckelbiotop överlappar; hög skog >= 20 m på 87 %";0;0;0;0;0;1;0.246877283549859;41.2;0.091;0.866;980;Uggelö;980;Uggelö;"";"";603856;6471376;16.77554;58.37091
465;3;"Bevaka; begär tillsyn om avverkning inte skett";A 55939-2025;MJÖLBY;Avverkning tillåten: äldre anmälan;Medel;41;2025-11-12;-256;2030-11-11;1;1.01053116970351;Föryngringsavverkning;Normal skog;FALSE;TRUE;"rödlistad/bilaga IV-fridlyst art inom 150 m (6/8 §, buffertzon); hög skog >= 20 m på 100 %";0;0;0;0;0;6;0;28.4;0;0.999;2555;Stentorpsmyren-Svarthagen;3821;Skogssjöområdet;"";"Pulsatilla vulgaris (backsippa, VU, fridlyst, 2023); Carex caryophyllea (vårstarr, NT, 2014)";504803;6462244;15.08194;58.30117
466;3;"Bevaka; begär tillsyn om avverkning inte skett";A 51808-2021;FINSPÅNG;Avverkning tillåten: äldre anmälan;Medel;40.9;2021-09-23;-1767;2026-09-22;0.8;0.905678210405202;Avverkning för att bevara och utveckla /försöksver;Normal skog;FALSE;TRUE;"hög skoglig naturvärdessannolikhet (HCVF 76); hög skog >= 20 m på 100 %; Natura 2000 inom 294 m (Stockhult)";0;0;0;0;0;4;0;75.6;0;0.995;294;Stockhult;2776;Stora mossen;"";"";531426;6522904;15.54455;58.84485
467;3;"Bevaka; begär tillsyn om avverkning inte skett";A 8014-2022;ÅTVIDABERG;Avverkning tillåten: äldre anmälan;Medel;40.9;2022-02-17;-1620;2027-02-16;0.9;0.949262525991991;Avverkning för annat ändamål;Normal skog;FALSE;TRUE;"rödlistad/bilaga IV-fridlyst art inom 150 m (6/8 §, buffertzon); hög skog >= 20 m på 66 %";0;0;0;0;1;9;0;25;0.06;0.66;3193;Stockmossen;3193;Stockmossen;Porodaedalea pini (tallticka, NT, 2022);"Lucanus cervus (ekoxe, LC, fridlyst, 2026); Scorzonera humilis (svinrot, NT, 2022)";551409;6461827;15.87696;58.29444
468;3;"Bevaka; begär tillsyn om avverkning inte skett";A 13673-2024;KINDA;Avverkning tillåten: äldre anmälan;Medel;40.9;2024-04-08;-839;2029-04-07;0.9;0.876090216249041;Föryngringsavverkning;Normal skog;FALSE;TRUE;"rödlistad/bilaga IV-fridlyst art inom 150 m (6/8 §, buffertzon); hög skog >= 20 m på 99 %";0;0;0;0;0;4;0;56.8;0;0.989;4085;Ekhult;4085;Ekhult;"";"Dactylorhiza majalis (dubbelnycklar, LC, fridlyst, 2011); Goodyera repens (knärot, VU, fridlyst, 2011)";562598;6425981;16.0582;57.97109
469;3;"Bevaka; begär tillsyn om avverkning inte skett";A 41274-2025;MJÖLBY;Avverkning tillåten: äldre anmälan;Medel;40.9;2025-08-29;-331;2030-08-28;2.9;2.93123360611126;Föryngringsavverkning;Normal skog;FALSE;TRUE;"hotad art (CR/EN/VU) inom området; hög skog >= 20 m på 100 %";0;0;0;1;1;8;0;23.8;0;0.999;1837;Örbackens kalkkärr;430;Skogssjöområdet;Erinaceus europaeus (igelkott, VU, 2025);Porodaedalea pini (tallticka, NT, 2011);507665;6468198;15.13097;58.35461
470;3;"Bevaka; begär tillsyn om avverkning inte skett";A 62446-2025;YDRE;Avverkning tillåten: äldre anmälan;Medel;40.9;2025-12-16;-222;2030-12-15;0.9;0.946929250655306;Föryngringsavverkning;Normal skog;FALSE;TRUE;"rödlistad/bilaga IV-fridlyst art inom 150 m (6/8 §, buffertzon); hög skog >= 20 m på 99 %";0;0;0;0;0;5;0;68.9;0;0.989;3348;Granstugan;4689;Rubban;"";"Corallorhiza trifida (korallrot, LC, fridlyst, 2014); Goodyera repens (knärot, VU, fridlyst, 2021); Carex hostiana (ängsstarr, NT, 2017)";501425;6423200;15.02407;57.9505
471;3;"Bevaka; begär tillsyn om avverkning inte skett";A 64015-2025;ÖDESHÖG;Avverkning tillåten: äldre anmälan;Medel;40.9;2025-12-30;-208;2030-12-29;1;0.9299155842999;Föryngringsavverkning;Normal skog;FALSE;TRUE;"hög skoglig naturvärdessannolikhet (HCVF 86); hög skog >= 20 m på 98 %";0;0;0;0;0;8;0;86.3;0.019;0.981;2143;Skruvhult;4849;Lysings urskog;"";Fraxinus excelsior (ask, EN, 2022);486485;6439381;14.77075;58.09564
472;3;"Bevaka; begär tillsyn om avverkning inte skett";A 54671-2023;KINDA;Avverkning tillåten: äldre anmälan;Medel;40.8;2023-11-05;-994;2028-11-03;10.8;10.8392549712106;Föryngringsavverkning;Normal skog;FALSE;TRUE;"hög skoglig naturvärdessannolikhet (HCVF 71); hög skog >= 20 m på 98 %";0;0;0;0;0;0;0;71;0;0.977;789;Ivranäs;760;Sommenäs;"";"";523882;6427615;15.40392;57.98952
473;3;"Bevaka; begär tillsyn om avverkning inte skett";A 4368-2025;KINDA;Avverkning tillåten: äldre anmälan;Medel;40.8;2025-01-29;-543;2030-01-28;0.8;0.804557401148137;Föryngringsavverkning;Normal skog;FALSE;TRUE;"rödlistad/bilaga IV-fridlyst art inom 150 m (6/8 §, buffertzon); hög skog >= 20 m på 100 %";0;0;0;0;0;3;0;61.6;0;1;5959;Föllingsö;7694;Klefsbergen;"";Pulsatilla vernalis (mosippa, EN, fridlyst, 2023);536805;6420005;15.62129;57.92029
474;3;"Bevaka; begär tillsyn om avverkning inte skett";A 45648-2025;SÖDERKÖPING;Avverkning tillåten: äldre anmälan;Medel;40.8;2025-09-23;-306;2030-09-22;0.8;0.794383193463832;Föryngringsavverkning;Normal skog;FALSE;TRUE;"rödlistad/bilaga IV-fridlyst art inom 150 m (6/8 §, buffertzon); hög skog >= 20 m på 99 %";0;0;0;0;0;17;0;49.3;0;0.992;1281;Uvmarö;1161;Nedre Lagnö naturreservat;"";"Sarcosoma globosum (bombmurkla, EN, fridlyst, 2017); Lucanus cervus (ekoxe, LC, fridlyst, 2026); Porodaedalea pini (tallticka, NT, 2020)";606598;6467860;16.82076;58.33868
475;3;"Bevaka; begär tillsyn om avverkning inte skett";A 21700-2023;KINDA;Avverkning tillåten: äldre anmälan;Medel;40.6;2023-05-16;-1167;2028-05-14;0.7;0.602506424648315;Föryngringsavverkning;Normal skog;FALSE;TRUE;"hög skoglig naturvärdessannolikhet (HCVF 76); hög skog >= 20 m på 95 %; Natura 2000 inom 411 m (Gamla Måla)";0;0;0;0;0;12;0;76.5;0;0.95;411;Gamla Måla;1260;Svalgölenbranten;"";"";525722;6437178;15.43609;58.07531
476;3;"Bevaka; begär tillsyn om avverkning inte skett";A 30551-2023;LINKÖPING;Avverkning tillåten: äldre anmälan;Medel;40.6;2023-07-04;-1118;2028-07-02;0.6;0.601690527851507;Föryngringsavverkning;Normal skog;FALSE;TRUE;"allmän fridlyst art (t.ex. orkidé) inom 150 m, ej utlösande; hög skoglig naturvärdessannolikhet (HCVF 71); hög skog >= 20 m på 99 %";0;0;0;0;0;15;0;71;0;0.994;4954;Klevberget Sonebo;1320;Trollegater;"";"Hepatica nobilis (blåsippa, LC, fridlyst, 2021); Antitrichia curtipendula (fällmossa, LC, 2022); Phellopilus nigrolimitatus (gränsticka, VU, 2011)";532325;6444954;15.54909;58.14472
477;3;"Bevaka; begär tillsyn om avverkning inte skett";A 12253-2024;MJÖLBY;Avverkning tillåten: äldre anmälan;Medel;40.6;2024-03-27;-851;2029-03-26;0.6;0.576397299709171;Föryngringsavverkning;Normal skog;FALSE;TRUE;"rödlistad/bilaga IV-fridlyst art inom 150 m (6/8 §, buffertzon); hög skog >= 20 m på 97 %";0;0;0;0;0;6;0;19.1;0;0.968;3907;Solberga;3907;Solberga;"";"Platanthera chlorantha (grönvit nattviol, LC, fridlyst, 2017); Goodyera repens (knärot, VU, fridlyst, 2016); Chrysosplenium alternifolium (gullpudra, NT, 2016)";516836;6464742;15.28742;58.3233
478;3;"Bevaka; begär tillsyn om avverkning inte skett";A 46806-2024;NORRKÖPING;Avverkning tillåten: äldre anmälan;Medel;40.6;2024-10-18;-646;2029-10-17;0.6;0.556063754998241;Föryngringsavverkning;Normal skog;FALSE;TRUE;"rödlistad/bilaga IV-fridlyst art inom 150 m (6/8 §, buffertzon); hög skog >= 20 m på 99 %";0;0;0;0;0;25;0;59.4;0;0.987;5256;Magnehults domänreservat;3682;Hjälmstorpenäs;"";"Bufo bufo (vanlig padda, LC, fridlyst, 2025); Goodyera repens (knärot, VU, fridlyst, 2025); Leucobryum glaucum (blåmossa, LC, 2025); Tomicus minor (mindre märgborre, LC, 2025); Hertelidea botryosa (vedskivlav, NT, 2025); Cladonia parasitica (dvärgbägarlav, NT, 2025); Hydnellum ferrugineum (dropptaggsvamp, NT, 2025); Porodaedalea pini (tallticka, NT, 2025)";563001;6515458;16.08949;58.77453
479;3;"Bevaka; begär tillsyn om avverkning inte skett";A 43758-2025;LINKÖPING;Avverkning tillåten: äldre anmälan;Medel;40.6;2025-09-12;-317;2030-09-11;0.6;0.578670683700831;Föryngringsavverkning;Normal skog;FALSE;TRUE;"rödlistad/bilaga IV-fridlyst art inom 150 m (6/8 §, buffertzon); hög skog >= 20 m på 100 %";0;0;0;0;0;20;0;50.1;0;0.997;1581;Ycke urskog;1573;Ycke;"";"Goodyera repens (knärot, VU, fridlyst, 2021); Inocutis rheades (rävticka, LC, 2021)";524065;6440354;15.40831;58.10393
480;3;"Bevaka; begär tillsyn om avverkning inte skett";A 458-2024;SÖDERKÖPING;Avverkning tillåten: äldre anmälan;Medel;40.5;2024-01-06;-932;2029-01-04;0.5;0.530736086551007;Avverkning för att bevara och utveckla /försöksver;Normal skog;FALSE;TRUE;"nyckelbiotop överlappar; hög skog >= 20 m på 62 %";0;0;0;0;0;1;0.884298227846063;49;0;0.622;663;Uvmarö;663;Uvmarö skärgårdsskog;"";"";609682;6466629;16.87283;58.32688
481;3;"Bevaka; begär tillsyn om avverkning inte skett";A 24012-2024;FINSPÅNG;Avverkning tillåten: äldre anmälan;Medel;40.5;2024-06-13;-773;2029-06-12;0.5;0.519048185003561;Föryngringsavverkning;Normal skog;FALSE;TRUE;"rödlistad/bilaga IV-fridlyst art inom 150 m (6/8 §, buffertzon); hög skog >= 20 m på 98 %";0;0;0;0;0;10;0;44.2;0;0.981;4075;Magnehults domänreservat;3404;Pipmossens domänreservat;"";"Goodyera repens (knärot, VU, fridlyst, 2025); Scolytus ratzeburgii (björksplintborre, LC, 2025)";561959;6522899;16.07355;58.84149
482;3;"Bevaka; begär tillsyn om avverkning inte skett";A 42947-2024;FINSPÅNG;Avverkning tillåten: äldre anmälan;Medel;40.5;2024-10-02;-662;2029-10-01;0.4;0.481799520002818;Föryngringsavverkning;Normal skog;FALSE;TRUE;"rödlistad/bilaga IV-fridlyst art inom 150 m (6/8 §, buffertzon); hög skog >= 20 m på 93 %";0;0;0;0;0;23;0;17.2;0;0.926;8619;Magnehults domänreservat;5318;Pipmossens domänreservat;"";"Goodyera repens (knärot, VU, fridlyst, 2024); Odontoschisma denudatum (kornknutmossa, LC, 2021); Pyrola chlorantha (grönpyrola, LC, 2024); Acolium inquinans (sotlav, LC, 2021); Dicranum flagellare (flagellkvastmossa, LC, 2021); Hydnellum ferrugineum (dropptaggsvamp, NT, 2021); Cladonia parasitica (dvärgbägarlav, NT, 2022); Hertelidea botryosa (vedskivlav, NT, 2021); Hydnellum peckii (skarp dropptaggsvamp, NT, 2021); Microcalicium ahlneri (kortskaftad ärgspik, NT, 2021); Phellinidium ferrugineofuscum (ullticka, NT, 2022); Sarcodon squamosus (motaggsvamp, NT, 2024)";562134;6527840;16.07796;58.88584
483;3;"Bevaka; begär tillsyn om avverkning inte skett";A 32466-2025;ÖDESHÖG;Avverkning tillåten: äldre anmälan;Medel;40.5;2025-06-30;-391;2030-06-29;0.5;0.493940615301684;Föryngringsavverkning;Normal skog;FALSE;TRUE;"hög skoglig naturvärdessannolikhet (HCVF 79); hög skog >= 20 m på 98 %; Natura 2000 inom 420 m (Bonderyd)";0;0;0;0;0;0;0;78.6;0;0.98;420;Bonderyd;4588;Lysings urskog;"";"";485093;6449027;14.74651;58.18223
484;3;"Bevaka; begär tillsyn om avverkning inte skett";A 28876-2023;ÅTVIDABERG;Avverkning tillåten: äldre anmälan;Medel;40.4;2023-06-27;-1125;2028-06-25;0.4;0.383150431951911;Föryngringsavverkning;Normal skog;FALSE;TRUE;"nyckelbiotop överlappar; hög skog >= 20 m på 100 %";0;0;0;0;0;1;0.99999999999834;20.6;0;1;4647;Fröjerum;2271;Härvelsbo;"";"";565454;6455924;16.11483;58.23957
485;3;"Bevaka; begär tillsyn om avverkning inte skett";A 42673-2023;SÖDERKÖPING;Avverkning tillåten: äldre anmälan;Medel;40.3;2023-09-12;-1048;2028-09-10;0.3;0.26664799000026;Föryngringsavverkning;Normal skog;FALSE;TRUE;"nyckelbiotop överlappar; hög skog >= 20 m på 100 %";0;0;0;0;0;13;0.201986619045082;62;0;1;4640;Vegalla;4623;Vegalla;"";Porodaedalea pini (tallticka, NT, 2020);571237;6469049;16.21734;58.35653
486;3;"Bevaka; begär tillsyn om avverkning inte skett";A 30114-2024;SÖDERKÖPING;Avverkning tillåten: äldre anmälan;Medel;40.3;2024-07-16;-740;2029-07-15;0.3;0.294628225003462;Föryngringsavverkning;Normal skog;FALSE;TRUE;"nyckelbiotop överlappar; hög skog >= 20 m på 99 %";0;0;0;0;0;1;0.0918422672256176;39.3;0.037;0.989;2229;Norrkrog;1324;Korpberget;"";"";591197;6478839;16.56219;58.44073
487;3;"Bevaka; begär tillsyn om avverkning inte skett";A 21716-2024;KINDA;Avverkning tillåten: äldre anmälan;Medel;40.2;2024-05-30;-787;2029-05-29;0.2;0.238969982501492;Föryngringsavverkning;Normal skog;FALSE;TRUE;"rödlistad/bilaga IV-fridlyst art inom 150 m (6/8 §, buffertzon); hög skog >= 20 m på 99 %; Natura 2000 inom 181 m (Jonsbo)";0;0;0;0;0;8;0;30.8;0.002;0.986;181;Jonsbo;7721;Boda;"";Epipactis atrorubens (purpurknipprot, LC, fridlyst, 2008);545561;6424321;15.76992;57.95824
488;3;"Bevaka; begär tillsyn om avverkning inte skett";A 10758-2022;KINDA;Avverkning tillåten: äldre anmälan;Medel;40.1;2022-03-07;-1602;2027-03-06;0.1;0.109539991646074;Föryngringsavverkning;Normal skog;FALSE;TRUE;"nyckelbiotop överlappar; hög skog >= 20 m på 100 %";0;0;0;0;0;0;0.128042278911542;64.6;0;1;6931;Jonsbo;5984;Klefsbergen;"";"";539516;6419853;15.66703;57.91869
489;3;"Bevaka; begär tillsyn om avverkning inte skett";A 30606-2023;MOTALA;Avverkning tillåten: äldre anmälan;Medel;39.9;2023-07-05;-1117;2028-07-03;1.9;1.92162110500634;Föryngringsavverkning;Normal skog;FALSE;TRUE;"hög skoglig naturvärdessannolikhet (HCVF 77); hög skog >= 20 m på 98 %";0;0;0;0;0;11;0;77.2;0;0.975;5712;Vättern (norra);817;Flädemo;"";"";502461;6506221;15.04246;58.69617
490;3;"Bevaka; begär tillsyn om avverkning inte skett";A 49934-2024;VALDEMARSVIK;Avverkning tillåten: äldre anmälan;Medel;39.5;2024-11-01;-632;2029-10-31;1.5;1.53623268499007;Föryngringsavverkning;Normal skog;FALSE;TRUE;"hög skoglig naturvärdessannolikhet (HCVF 86); hög skog >= 20 m på 97 %";0;0;0;0;0;1;0;86;0;0.968;9459;Stora Ulvebo;660;Käringbergen;"";"";587828;6470128;16.50117;58.36321
491;3;"Bevaka; begär tillsyn om avverkning inte skett";A 58796-2025;FINSPÅNG;Avverkning tillåten: äldre anmälan;Medel;39.3;2025-11-25;-243;2030-11-24;9.3;9.26573030013181;Föryngringsavverkning;Normal skog;FALSE;TRUE;"hög skoglig naturvärdessannolikhet (HCVF 74); hög skog >= 20 m på 85 %";0;0;0;0;0;0;0;74.3;0.001;0.85;6447;Prästängsuddens lövskog;3930;Gäddöskogen;"";"";552314;6527264;15.90747;58.88197
492;3;"Bevaka; begär tillsyn om avverkning inte skett";A 126-2024;LINKÖPING;Avverkning tillåten: äldre anmälan;Medel;39;2024-01-03;-935;2029-01-01;1;1.01930362000987;Föryngringsavverkning;Normal skog;FALSE;TRUE;"rödlistad/bilaga IV-fridlyst art inom 150 m (6/8 §, buffertzon); hög skog >= 20 m på 91 %";0;0;0;0;1;34;0;46.2;0.066;0.912;1162;Västerby;1162;Västerby lövskogar;Leucobryum glaucum (blåmossa, LC, 2022);"Lucanus cervus (ekoxe, LC, fridlyst, 2026); Microbregma emarginatum (granbarkgnagare, LC, 2022)";540511;6457834;15.69037;58.25973
493;3;"Bevaka; begär tillsyn om avverkning inte skett";A 50034-2025;LINKÖPING;Avverkning tillåten: äldre anmälan;Medel;38.2;2025-10-11;-288;2030-10-10;6.8;6.24019989281672;Avverkning för annat ändamål;Normal skog;FALSE;TRUE;"hotad art (CR/EN/VU) inom området; hög skog >= 20 m på 62 %";0;0;0;1;1;5;0;49.2;0.068;0.617;789;Göta Kanal (Vättern-Roxen);1462;Motala ströms ravin;Ulmus glabra (skogsalm, EN, 2024);"";527089;6484892;15.46484;58.50377
494;3;"Bevaka; begär tillsyn om avverkning inte skett";A 14044-2023;NORRKÖPING;Avverkning tillåten: äldre anmälan;Medel;38.1;2023-03-23;-1221;2028-03-21;1;1.06240781999746;Föryngringsavverkning;Normal skog;FALSE;TRUE;"prioriterad fågelart inom området (4 §); hög skog >= 20 m på 97 %";0;0;1;0;1;18;0;21;0;0.969;4027;Mjälnäs sumpskog;1067;Klinta hällar;Tetrao urogallus (tjäder, LC, prio. fågel, 2025);"";567459;6522055;16.16856;58.83309
495;3;"Bevaka; begär tillsyn om avverkning inte skett";A 45774-2025;SÖDERKÖPING;Avverkning tillåten: äldre anmälan;Medel;38.1;2025-09-23;-306;2030-09-22;7.4;8.06025143923825;Föryngringsavverkning;Normal skog;FALSE;TRUE;"rödlistad/bilaga IV-fridlyst art inom 150 m (6/8 §, buffertzon); hög skog >= 20 m på 86 %";0;0;0;0;0;1;0;28;0;0.86;6245;Ramunderberget;3836;Hälla;"";Lucanus cervus (ekoxe, LC, fridlyst, 2020);582418;6477413;16.41134;58.42967
496;3;"Bevaka; begär tillsyn om avverkning inte skett";A 15123-2025;FINSPÅNG;Avverkning tillåten: äldre anmälan;Medel;37.8;2025-03-28;-485;2030-03-27;0.8;0.75860390499467;Föryngringsavverkning;Normal skog;FALSE;TRUE;"allmän fridlyst art (t.ex. orkidé) inom 150 m, ej utlösande; prioriterad fågelart inom området (4 §); hög skog >= 20 m på 69 %";0;0;1;0;1;11;0;7;0;0.688;2224;Magnehults domänreservat;2181;Magnehults domänreservat;Lyrurus tetrix (orre, LC, prio. fågel, 2021);Dactylorhiza maculata (fläcknycklar, LC, fridlyst, 2019);560719;6521516;16.05168;58.82925
497;3;"Bevaka; begär tillsyn om avverkning inte skett";A 11031-2026;NORRKÖPING;Avverkning tillåten: äldre anmälan;Medel;37.4;2026-02-26;-150;2031-02-25;7.4;7.43403206996955;Föryngringsavverkning;Normal skog;FALSE;TRUE;"hög skoglig naturvärdessannolikhet (HCVF 77); hög skog >= 20 m på 57 %";0;0;0;0;0;30;0;76.6;0;0.572;524;Bråxvik;524;Bråxvik;"";"Bazzania trilobata (stor revmossa, LC, 2012); Dicranum flagellare (flagellkvastmossa, LC, 2012); Leucobryum glaucum (blåmossa, LC, 2012); Mnium stellare (blek stjärnmossa, LC, 2012); Hypogymnia vittata (skuggblåslav, NT, 2012); Lactarius musteus (tallriska, NT, 2012); Porodaedalea pini (tallticka, NT, 2012); Sarcodon squamosus (motaggsvamp, NT, 2012)";604643;6492148;16.79849;58.55719
498;3;"Bevaka; begär tillsyn om avverkning inte skett";A 7743-2023;FINSPÅNG;Avverkning tillåten: äldre anmälan;Medel;37.2;2023-02-16;-1256;2028-02-15;1.1;1.1639369500021;Avverkning för att bevara och utveckla /försöksver;Ädellövskog;FALSE;TRUE;"hög skoglig naturvärdessannolikhet (HCVF 88); hög skog >= 20 m på 95 %";0;0;0;0;0;2;0;87.5;0.01;0.952;3500;Asketorp;0;Gällsängenskogen;"";"";546781;6524630;15.81096;58.85896
499;3;"Bevaka; begär tillsyn om avverkning inte skett";A 16050-2025;YDRE;Avverkning tillåten: äldre anmälan;Medel;37.2;2025-04-01;-481;2030-03-31;1.2;1.19809607080473;Föryngringsavverkning;Normal skog;FALSE;TRUE;"hög skoglig naturvärdessannolikhet (HCVF 76); hög skog >= 20 m på 100 %";0;0;0;0;0;4;0;76.2;0;1;3689;Fagerhult;3;Dämpekulla;"";"";513682;6418782;15.23089;57.91061
500;3;"Bevaka; begär tillsyn om avverkning inte skett";A 14441-2025;NORRKÖPING;Avverkning tillåten: äldre anmälan;Medel;36.9;2025-03-25;-488;2030-03-24;6.8;6.86361865307903;Föryngringsavverkning;Normal skog;FALSE;TRUE;"hög skoglig naturvärdessannolikhet (HCVF 86); hög skog >= 20 m på 89 %";0;0;0;0;0;1;0;85.6;0;0.894;1962;Fjällmossen östgötadelen;1170;Bråvikenbranten;"";"";588029;6503752;16.51759;58.66505
501;3;"Bevaka; begär tillsyn om avverkning inte skett";A 33445-2025;KINDA;Avverkning tillåten: äldre anmälan;Medel;36.8;2025-07-03;-388;2030-07-02;0.8;0.759203077855607;Föryngringsavverkning;Normal skog;FALSE;TRUE;"hög skoglig naturvärdessannolikhet (HCVF 79); hög skog >= 20 m på 100 %";0;0;0;0;0;31;0;78.8;0;1;2335;Sjökroken;277;Lillören;"";"";524105;6430488;15.40798;58.01532
502;3;"Bevaka; begär tillsyn om avverkning inte skett";A 12094-2022;VALDEMARSVIK;Avverkning tillåten: äldre anmälan;Medel;36.7;2022-03-16;-1593;2027-03-15;6.7;6.71359565257437;Föryngringsavverkning;Normal skog;FALSE;TRUE;"hög skoglig naturvärdessannolikhet (HCVF 92); hög skog >= 20 m på 97 %";0;0;0;0;0;1;0;91.9;0;0.973;8945;Passdalsån;522;Forsums gammelskog;"";"";588573;6469112;16.5135;58.35394
503;3;"Bevaka; begär tillsyn om avverkning inte skett";A 26087-2022;FINSPÅNG;Avverkning tillåten: äldre anmälan;Medel;36.5;2022-06-22;-1495;2027-06-21;0.5;0.497748964495678;Föryngringsavverkning;Normal skog;FALSE;TRUE;"hög skoglig naturvärdessannolikhet (HCVF 78); hög skog >= 20 m på 65 %";0;0;0;0;0;9;0;77.8;0;0.651;6764;Ölstadsjön;210;Torstorpeskogen;"";"";540964;6506033;15.70673;58.69255
504;3;"Bevaka; begär tillsyn om avverkning inte skett";A 47252-2021;NORRKÖPING;Avverkning tillåten: äldre anmälan;Medel;36.4;2021-09-08;-1782;2026-09-07;6.4;6.37981279941518;Föryngringsavverkning;Normal skog;FALSE;TRUE;"rödlistad/bilaga IV-fridlyst art inom 150 m (6/8 §, buffertzon); hög skog >= 20 m på 88 %";0;0;0;0;0;3;0;35;0;0.876;3418;Ramunderberget;2084;Majeldsberget;"";"Lucanus cervus (ekoxe, LC, fridlyst, 2025); Thymelicus lineola (mindre tåtelsmygare, NT, 2021)";582413;6484369;16.41377;58.49212
505;3;"Bevaka; begär tillsyn om avverkning inte skett";A 21473-2022;KINDA;Avverkning tillåten: äldre anmälan;Medel;36.4;2022-05-25;-1523;2027-05-24;6.4;6.39490859859132;Avverkning för att bevara och utveckla /försöksver;Normal skog;FALSE;TRUE;"rödlistad/bilaga IV-fridlyst art inom 150 m (6/8 §, buffertzon); hög skog >= 20 m på 95 %";0;0;0;0;0;22;0;53.1;0;0.952;1723;Hökhult;1723;Hökhult;"";"Epipactis atrorubens (purpurknipprot, LC, fridlyst, 2026); Pyrola chlorantha (grönpyrola, LC, 2023)";552487;6413672;15.88458;57.86184
506;3;"Bevaka; begär tillsyn om avverkning inte skett";A 11401-2024;BOXHOLM;Avverkning tillåten: äldre anmälan;Medel;36.4;2024-03-21;-857;2029-03-20;0.4;0.419347384993825;Avverkning för att bevara och utveckla /försöksver;Normal skog;FALSE;TRUE;"hög skoglig naturvärdessannolikhet (HCVF 84); hög skog >= 20 m på 57 %";0;0;0;0;0;46;0;84;0;0.574;1356;Ivranäs;2;Idebo;"";"Alleniella complanata (platt fjädermossa, LC, 2024); Antitrichia curtipendula (fällmossa, LC, 2024); Daphne mezereum (tibast, LC, 2020); Porella platyphylla (trädporella, LC, 2021); Anomodon viticulosus (grov baronmossa, LC, 2024); Arthonia vinosa (rostfläck, LC, 2021); Lopadium disciforme (barkkornlav, LC, 2021); Scytinium lichenoides (traslav, LC, 2024); Agonimia allobata (slät fjällav, NT, 2020); Artomyces pyxidatus (kandelabersvamp, NT, 2020); Chaenotheca hispidula (parknål, NT, 2020); Lobaria pulmonaria (lunglav, NT, 2020)";518871;6427528;15.31916;57.98898
507;3;"Bevaka; begär tillsyn om avverkning inte skett";A 5707-2024;KINDA;Avverkning tillåten: äldre anmälan;Medel;36.2;2024-02-12;-895;2029-02-10;6.2;6.22931456665034;Föryngringsavverkning;Normal skog;FALSE;TRUE;"hög skoglig naturvärdessannolikhet (HCVF 70); hög skog >= 20 m på 97 %";0;0;0;0;0;6;0;70.2;0;0.969;8691;Fundshult;2770;Skirsjöskogen;"";"";533925;6409481;15.57117;57.82599
508;3;"Bevaka; begär tillsyn om avverkning inte skett";A 59101-2025;KINDA;Avverkning tillåten: äldre anmälan;Medel;35.6;2025-11-27;-241;2030-11-26;2.7;5.59087916110903;Föryngringsavverkning;Normal skog;FALSE;TRUE;"hög skoglig naturvärdessannolikhet (HCVF 74); hög skog >= 20 m på 93 %";0;0;0;0;0;0;0;73.5;0.002;0.928;4026;Gamla Måla;989;Mörkviken;"";"";530307;6437981;15.51392;58.08224
509;3;"Bevaka; begär tillsyn om avverkning inte skett";A 499-2024;FINSPÅNG;Avverkning tillåten: äldre anmälan;Medel;35.3;2024-01-08;-930;2029-01-06;5.3;5.3317359125128;Föryngringsavverkning;Normal skog;FALSE;TRUE;"hög skoglig naturvärdessannolikhet (HCVF 81); hög skog >= 20 m på 88 %";0;0;0;0;0;5;0;80.9;0;0.884;5629;Motala äng;1577;Abborrsjön;"";"";544162;6533689;15.76736;58.94058
510;3;"Bevaka; begär tillsyn om avverkning inte skett";A 5706-2024;KINDA;Avverkning tillåten: äldre anmälan;Medel;35.3;2024-02-12;-895;2029-02-10;5.6;5.27282207935058;Föryngringsavverkning;Normal skog;FALSE;TRUE;"hög skoglig naturvärdessannolikhet (HCVF 79); hög skog >= 20 m på 96 %";0;0;0;0;0;3;0;78.8;0;0.957;9103;Fundshult;3050;Skirsjöskogen;"";"";534261;6409489;15.57684;57.82604
511;3;"Bevaka; begär tillsyn om avverkning inte skett";A 60173-2023;FINSPÅNG;Avverkning tillåten: äldre anmälan;Medel;35;2023-11-28;-971;2028-11-26;5;5.0085425074134;Föryngringsavverkning;Normal skog;FALSE;TRUE;"hög skoglig naturvärdessannolikhet (HCVF 71); hög skog >= 20 m på 97 %";0;0;0;0;0;7;0;70.9;0.006;0.966;7100;Stora Hjälmmossen;1930;Torstorpeskogen;"";"";538952;6505777;15.67198;58.69043
512;3;"Bevaka; begär tillsyn om avverkning inte skett";A 5099-2026;LINKÖPING;Avverkning tillåten: äldre anmälan;Medel;35;2026-01-27;-180;2031-01-26;5;5.00570305667189;Föryngringsavverkning;Normal skog;FALSE;TRUE;"hög skoglig naturvärdessannolikhet (HCVF 74); hög skog >= 20 m på 96 %";0;0;0;0;0;0;0;73.5;0.004;0.958;6822;Södra Häggebo;3899;Limmernskogarna;"";"";526717;6455344;15.45502;58.23841
513;3;"Bevaka; begär tillsyn om avverkning inte skett";A 39659-2025;SÖDERKÖPING;Avverkning tillåten: äldre anmälan;Medel;34.9;2025-08-21;-339;2030-08-20;4.9;4.87780092059621;Föryngringsavverkning;Normal skog;FALSE;TRUE;"rödlistad/bilaga IV-fridlyst art inom 150 m (6/8 §, buffertzon); hög skog >= 20 m på 69 %";0;0;0;0;0;3;0;41.9;0;0.686;2350;Uvmarö;526;Södra Finnöskogen;"";Lucanus cervus (ekoxe, LC, fridlyst, 2026);609019;6463889;16.86022;58.30244
514;3;"Bevaka; begär tillsyn om avverkning inte skett";A 56710-2025;KINDA;Avverkning tillåten: äldre anmälan;Medel;34.8;2025-11-16;-252;2030-11-15;4.8;4.77819888003373;Föryngringsavverkning;Normal skog;FALSE;TRUE;"rödlistad/bilaga IV-fridlyst art inom 150 m (6/8 §, buffertzon); hög skog >= 20 m på 81 %";0;0;0;0;0;4;0.00211245393282205;37.2;0.155;0.812;2413;Idhult;2409;Boda;"";Lucanus cervus (ekoxe, LC, fridlyst, 2021);555847;6425458;15.94396;57.96729
515;3;"Bevaka; begär tillsyn om avverkning inte skett";A 15140-2025;FINSPÅNG;Avverkning tillåten: äldre anmälan;Medel;34.7;2025-03-28;-485;2030-03-27;4;4.71246316999848;Föryngringsavverkning;Normal skog;FALSE;TRUE;"hög skoglig naturvärdessannolikhet (HCVF 72); hög skog >= 20 m på 93 %";0;0;0;0;0;0;0;72.5;0.007;0.931;2131;Magnehults domänreservat;1749;Pipmossens domänreservat;"";"";559833;6521959;16.03647;58.83336
516;3;"Bevaka; begär tillsyn om avverkning inte skett";A 1651-2022;MOTALA;Avverkning tillåten: äldre anmälan;Medel;34.5;2022-01-12;-1656;2027-01-11;4.5;4.5027079989987;Föryngringsavverkning;Normal skog;FALSE;TRUE;"hög skoglig naturvärdessannolikhet (HCVF 71); hög skog >= 20 m på 97 %";0;0;0;0;0;0;0;70.7;0.012;0.966;8414;Ringarhultsån;8527;Hällestads-Torp;"";"";522451;6510984;15.38784;58.73836
517;3;"Bevaka; begär tillsyn om avverkning inte skett";A 35762-2025;BOXHOLM;Avverkning tillåten: äldre anmälan;Medel;34.5;2025-07-22;-369;2030-07-21;3.9;4.53715058998936;Föryngringsavverkning;Normal skog;FALSE;TRUE;"hög skoglig naturvärdessannolikhet (HCVF 81); hög skog >= 20 m på 80 %";0;0;0;0;0;0;0;80.8;0;0.795;1749;Ivranäs;850;Idebo;"";"";517995;6425815;15.30422;57.97363
518;3;"Bevaka; begär tillsyn om avverkning inte skett";A 45483-2023;SÖDERKÖPING;Avverkning tillåten: äldre anmälan;Medel;34.1;2023-09-25;-1035;2028-09-23;3.9;4.06351007500456;Föryngringsavverkning;Normal skog;FALSE;TRUE;"rödlistad/bilaga IV-fridlyst art inom 150 m (6/8 §, buffertzon); hög skog >= 20 m på 95 %";0;0;0;0;0;5;0;46.5;0.005;0.954;1146;Svensmarö;1146;Svensmarö;"";Lucanus cervus (ekoxe, LC, fridlyst, 2026);603788;6464122;16.77112;58.3058
519;3;"Bevaka; begär tillsyn om avverkning inte skett";A 410-2025;SÖDERKÖPING;Avverkning tillåten: äldre anmälan;Medel;33.9;2025-01-06;-566;2030-01-05;3.9;3.93692358839409;Föryngringsavverkning;Normal skog;FALSE;TRUE;"hög skoglig naturvärdessannolikhet (HCVF 73); hög skog >= 20 m på 100 %";0;0;0;0;0;1;0;72.6;0;1;6873;Ramunderberget;3105;Svartdalen;"";"";584608;6478609;16.44928;58.43999
520;3;"Bevaka; begär tillsyn om avverkning inte skett";A 47332-2025;MOTALA;Avverkning tillåten: äldre anmälan;Medel;33.9;2025-09-30;-299;2030-09-29;1.9;1.85777825834556;Föryngringsavverkning;Normal skog;FALSE;TRUE;"hotad art (CR/EN/VU) inom området; hög skog >= 20 m på 97 %";0;0;0;1;1;1;0;60.3;0;0.966;5042;Vättern (norra);2034;Båsebergskogen;Ulmus glabra (skogsalm, EN, 2006);"";503472;6511168;15.05999;58.74059
521;3;"Bevaka; begär tillsyn om avverkning inte skett";A 9809-2024;FINSPÅNG;Avverkning tillåten: äldre anmälan;Medel;33.6;2024-03-11;-867;2029-03-10;3.6;3.64754854529407;Föryngringsavverkning;Normal skog;FALSE;TRUE;"allmän fridlyst art (t.ex. orkidé) inom 150 m, ej utlösande; hög skoglig naturvärdessannolikhet (HCVF 79); hög skog >= 20 m på 98 %";0;0;0;0;0;8;0;79.1;0.006;0.977;8605;Magnehults domänreservat;2755;Gäddöskogen;"";"Hepatica nobilis (blåsippa, LC, fridlyst, 2019); Pyrola chlorantha (grönpyrola, LC, 2019); Campanula cervicaria (skogsklocka, NT, 2018)";552380;6524852;15.90805;58.86031
522;3;"Bevaka; begär tillsyn om avverkning inte skett";A 40623-2025;ÅTVIDABERG;Avverkning tillåten: äldre anmälan;Medel;33.6;2025-08-27;-333;2030-08-26;2.4;3.57508557850638;Föryngringsavverkning;Normal skog;FALSE;TRUE;"hög skoglig naturvärdessannolikhet (HCVF 74); hög skog >= 20 m på 91 %";0;0;0;0;0;65;0;74.2;0.032;0.906;2268;Ekhultebergen;857;Grävsätter;"";"Alleniella complanata (platt fjädermossa, LC, 2020); Antitrichia curtipendula (fällmossa, LC, 2020); Homalothecium sericeum (guldlockmossa, LC, 2020); Inocutis rheades (rävticka, LC, 2020); Sparassis crispa (blomkålssvamp, LC, 2020); Cladonia parasitica (dvärgbägarlav, NT, 2020); Hertelidea botryosa (vedskivlav, NT, 2020); Microcalicium ahlneri (kortskaftad ärgspik, NT, 2020)";575954;6446950;16.2907;58.15731
523;3;"Bevaka; begär tillsyn om avverkning inte skett";A 52048-2022;KINDA;Avverkning tillåten: äldre anmälan;Medel;33.5;2022-11-08;-1356;2027-11-07;3.5;3.4851250739105;Föryngringsavverkning;Normal skog;FALSE;TRUE;"hög skoglig naturvärdessannolikhet (HCVF 83); hög skog >= 20 m på 96 %";0;0;0;0;0;3;0;82.7;0;0.964;5941;Pinnarpsbäcken/Stenån;6022;Skirsjöskogen;"";"";532904;6418373;15.55522;57.90594
524;3;"Bevaka; begär tillsyn om avverkning inte skett";A 54513-2025;YDRE;Avverkning tillåten: äldre anmälan;Medel;33.5;2025-11-04;-264;2030-11-03;3.2;3.46502937079668;Föryngringsavverkning;Normal skog;FALSE;TRUE;"rödlistad/bilaga IV-fridlyst art inom 150 m (6/8 §, buffertzon); hög skog >= 20 m på 94 %";0;0;0;0;0;2;0;26.8;0;0.942;2254;Fundshult;4074;Födekulla;"";"Corallorhiza trifida (korallrot, LC, fridlyst, 2023); Dactylorhiza maculata (fläcknycklar, LC, fridlyst, 2021)";529314;6404140;15.49289;57.77835
525;3;"Bevaka; begär tillsyn om avverkning inte skett";A 43020-2022;FINSPÅNG;Avverkning tillåten: äldre anmälan;Medel;33.3;2022-09-29;-1396;2027-09-28;3.3;3.28920854534527;Föryngringsavverkning;Normal skog;FALSE;TRUE;"hög skoglig naturvärdessannolikhet (HCVF 71); hög skog >= 20 m på 98 %";0;0;0;0;0;4;0;71.2;0.007;0.976;4872;Asketorp;2870;Regnaholms lövskog;"";"";544465;6530661;15.77202;58.91336
526;3;"Bevaka; begär tillsyn om avverkning inte skett";A 10517-2026;KINDA;Avverkning tillåten: äldre anmälan;Medel;33.3;2026-02-24;-152;2031-02-23;3.3;3.32039999999814;Föryngringsavverkning;Normal skog;FALSE;TRUE;"hög skoglig naturvärdessannolikhet (HCVF 79); hög skog >= 20 m på 99 %";0;0;0;0;0;3;0;79.4;0;0.991;2863;Lönningehult;2531;Klefsbergen;"";"";544503;6415698;15.75042;57.88091
527;3;"Bevaka; begär tillsyn om avverkning inte skett";A 668-2023;ÅTVIDABERG;Avverkning tillåten: äldre anmälan;Medel;33.2;2023-01-04;-1299;2028-01-03;3.2;3.20128863091581;Föryngringsavverkning;Normal skog;FALSE;TRUE;"hög skoglig naturvärdessannolikhet (HCVF 82); hög skog >= 20 m på 100 %";0;0;0;0;0;0;0;81.9;0;0.995;2063;Fornborgen-Grävsten;764;Ytterby;"";"";552579;6465580;15.89777;58.32801
528;3;"Bevaka; begär tillsyn om avverkning inte skett";A 35763-2025;BOXHOLM;Avverkning tillåten: äldre anmälan;Medel;33.2;2025-07-22;-369;2030-07-21;3.1;3.15799892500057;Föryngringsavverkning;Normal skog;FALSE;TRUE;"hög skoglig naturvärdessannolikhet (HCVF 82); hög skog >= 20 m på 97 %";0;0;0;0;0;0;0;81.7;0.003;0.969;1810;Ivranäs;720;Idebo;"";"";518059;6425944;15.30531;57.97479
529;3;"Bevaka; begär tillsyn om avverkning inte skett";A 46496-2022;LINKÖPING;Avverkning tillåten: äldre anmälan;Medel;33.1;2022-10-14;-1381;2027-10-13;1.1;1.12932465645238;Föryngringsavverkning;Normal skog;FALSE;TRUE;"hotad art (CR/EN/VU) inom området; hög skog >= 20 m på 82 %";0;0;0;1;1;5;0;32.7;0.151;0.816;2276;Sätravallen;2276;Sätravallen;Zygaena lonicerae (bredbrämad bastardsvärmare, VU, 2015);Daphne mezereum (tibast, LC, 2025);542247;6451464;15.71879;58.20235
530;3;"Bevaka; begär tillsyn om avverkning inte skett";A 37474-2025;BOXHOLM;Avverkning tillåten: äldre anmälan;Medel;33.1;2025-08-08;-352;2030-08-07;2.5;3.05232756999956;Föryngringsavverkning;Normal skog;FALSE;TRUE;"hög skoglig naturvärdessannolikhet (HCVF 78); hög skog >= 20 m på 87 %";0;0;0;0;0;4;0;77.8;0.112;0.87;4771;Bösebo;2017;Romanäs;"";Porodaedalea pini (tallticka, NT, 2020);503127;6437607;15.05301;58.0799
531;3;"Bevaka; begär tillsyn om avverkning inte skett";A 31849-2023;KINDA;Avverkning tillåten: äldre anmälan;Medel;33;2023-07-11;-1111;2028-07-09;2.8;2.96638868000965;Föryngringsavverkning;Normal skog;FALSE;TRUE;"hög skoglig naturvärdessannolikhet (HCVF 80); hög skog >= 20 m på 93 %";0;0;0;0;0;7;0;80.1;0.065;0.931;2584;Knastraberget;1946;Tegelsätter;"";"";548230;6435877;15.81737;58.06175
532;3;"Bevaka; begär tillsyn om avverkning inte skett";A 47359-2025;MOTALA;Avverkning tillåten: äldre anmälan;Medel;33;2025-09-30;-299;2030-09-29;3;3.01997065016879;Föryngringsavverkning;Normal skog;FALSE;TRUE;"hög skoglig naturvärdessannolikhet (HCVF 76); hög skog >= 20 m på 98 %";0;0;0;0;0;1;0;76.4;0;0.977;8171;Ringarhultsån;3087;Kammarbergen;"";"";524117;6502767;15.41573;58.66447
533;3;"Bevaka; begär tillsyn om avverkning inte skett";A 44502-2023;ÅTVIDABERG;Avverkning tillåten: äldre anmälan;Medel;32.9;2023-09-15;-1045;2028-09-13;3;2.93110074184759;Föryngringsavverkning;Normal skog;FALSE;TRUE;"hög skoglig naturvärdessannolikhet (HCVF 73); hög skog >= 20 m på 97 %";0;0;0;0;0;8;0;73;0;0.968;5958;Hägerstad;2881;Kojmon;"";"";580267;6450942;16.36533;58.19239
534;3;"Bevaka; begär tillsyn om avverkning inte skett";A 62078-2023;MOTALA;Avverkning tillåten: äldre anmälan;Medel;32.9;2023-12-06;-963;2028-12-04;2.8;2.9137818600032;Föryngringsavverkning;Normal skog;FALSE;TRUE;"hög skoglig naturvärdessannolikhet (HCVF 72); hög skog >= 20 m på 98 %";0;0;0;0;0;0;0;72.3;0;0.981;1679;Håleberget;1679;Håleberget;"";"";501323;6498627;15.02278;58.62797
535;3;"Bevaka; begär tillsyn om avverkning inte skett";A 40626-2025;ÅTVIDABERG;Avverkning tillåten: äldre anmälan;Medel;32.8;2025-08-27;-333;2030-08-26;1.9;2.80793878730014;Föryngringsavverkning;Normal skog;FALSE;TRUE;"hög skoglig naturvärdessannolikhet (HCVF 80); hög skog >= 20 m på 90 %";0;0;0;0;0;26;0;79.5;0;0.898;2535;Ekhultebergen;959;Grävsätter;"";"Alleniella complanata (platt fjädermossa, LC, 2020); Antitrichia curtipendula (fällmossa, LC, 2020); Homalothecium sericeum (guldlockmossa, LC, 2020); Inocutis rheades (rävticka, LC, 2020); Sparassis crispa (blomkålssvamp, LC, 2020); Cladonia parasitica (dvärgbägarlav, NT, 2020); Carbonicola anthracophila (kolflarnlav, NT, 2020); Crustoderma corneum (hornvaxskinn, NT, 2020); Hertelidea botryosa (vedskivlav, NT, 2020); Microcalicium ahlneri (kortskaftad ärgspik, NT, 2020); Porodaedalea pini (tallticka, NT, 2020)";576087;6447259;16.29305;58.16005
536;3;"Bevaka; begär tillsyn om avverkning inte skett";A 56689-2025;NORRKÖPING;Avverkning tillåten: äldre anmälan;Medel;32.8;2025-11-15;-253;2030-11-14;2.8;2.81525585673787;Föryngringsavverkning;Normal skog;FALSE;TRUE;"rödlistad/bilaga IV-fridlyst art inom 150 m (6/8 §, buffertzon); hög skog >= 20 m på 97 %";0;0;0;0;0;1;0;21.1;0.003;0.969;4170;Hattorp;7422;Norsholm;"";Lucanus cervus (ekoxe, LC, fridlyst, 2026);563167;6482233;16.08309;58.47616
537;3;"Bevaka; begär tillsyn om avverkning inte skett";A 36202-2025;BOXHOLM;Avverkning tillåten: äldre anmälan;Medel;32.7;2025-07-29;-362;2030-07-28;2.7;2.69351267499598;Avverkning för att bevara och utveckla /försöksver;Normal skog;FALSE;TRUE;"hög skoglig naturvärdessannolikhet (HCVF 76); hög skog >= 20 m på 98 %";0;0;0;0;0;6;0;75.8;0.011;0.981;1199;Bösebo;5658;Romanäs;"";Daphne mezereum (tibast, LC, 2023);505761;6440118;15.09774;58.10243
538;3;"Bevaka; begär tillsyn om avverkning inte skett";A 50741-2025;KINDA;Avverkning tillåten: äldre anmälan;Medel;32.7;2025-10-16;-283;2030-10-15;2.3;2.66893504999927;Föryngringsavverkning;Normal skog;FALSE;TRUE;"hög skoglig naturvärdessannolikhet (HCVF 79); hög skog >= 20 m på 97 %";0;0;0;0;0;2;0;78.8;0.015;0.966;2341;Sjökroken;836;Lillören;"";"";524979;6428842;15.4226;58.00049
539;3;"Bevaka; begär tillsyn om avverkning inte skett";A 38404-2025;NORRKÖPING;Avverkning tillåten: äldre anmälan;Medel;32.6;2025-08-14;-346;2030-08-13;3;2.58710269496287;Föryngringsavverkning;Normal skog;FALSE;TRUE;"rödlistad/bilaga IV-fridlyst art inom 150 m (6/8 §, buffertzon); hög skog >= 20 m på 92 %";0;0;0;0;0;17;0;52.5;0;0.919;2921;Djupviksbäcken;1372;Nävsjömossen;"";"Corallorhiza trifida (korallrot, LC, fridlyst, 2017); Dactylorhiza maculata (fläcknycklar, LC, fridlyst, 2020); Lycopodium clavatum (mattlummer, LC, fridlyst, 2008); Cacotemnus thomsoni (thomsons trägnagare, LC, 2008); Pyrola chlorantha (grönpyrola, LC, 2012); Sparassis crispa (blomkålssvamp, LC, 2025); Tomicus minor (mindre märgborre, LC, 2008); Hydnellum ferrugineum (dropptaggsvamp, NT, 2025); Porodaedalea pini (tallticka, NT, 2008)";596781;6504196;16.66858;58.66717
540;3;"Bevaka; begär tillsyn om avverkning inte skett";A 36433-2025;BOXHOLM;Avverkning tillåten: äldre anmälan;Medel;32.5;2025-07-31;-360;2030-07-30;2.5;2.52609156499408;Avverkning för att bevara och utveckla /försöksver;Normal skog;FALSE;TRUE;"hög skoglig naturvärdessannolikhet (HCVF 96); hög skog >= 20 m på 97 %";0;0;0;0;0;4;0;95.7;0.133;0.968;2899;Bjärhult;1225;Svensbo lövskog;"";"";508078;6431508;15.13675;58.02505
541;3;"Bevaka; begär tillsyn om avverkning inte skett";A 35213-2023;KINDA;Avverkning tillåten: äldre anmälan;Medel;32.4;2023-08-07;-1084;2028-08-05;2.4;2.4130118997454;Föryngringsavverkning;Normal skog;FALSE;TRUE;"hög skoglig naturvärdessannolikhet (HCVF 70); hög skog >= 20 m på 98 %";0;0;0;0;0;0;0;70.1;0;0.978;4263;Pinnarpsbäcken/Stenån;8472;Gallebo;"";"";533370;6420894;15.56343;57.92854
542;3;"Bevaka; begär tillsyn om avverkning inte skett";A 40995-2025;MOTALA;Avverkning tillåten: äldre anmälan;Medel;32.3;2025-08-29;-331;2030-08-28;2.3;2.34949742227816;Föryngringsavverkning;Normal skog;FALSE;TRUE;"hög skoglig naturvärdessannolikhet (HCVF 77); hög skog >= 20 m på 94 %";0;0;0;0;0;1;0;76.6;0;0.938;588;Bredsjömossen;566;Bredsjömossen;"";"";512132;6514503;15.20977;58.77038
543;3;"Bevaka; begär tillsyn om avverkning inte skett";A 72847-2021;MOTALA;Avverkning tillåten: äldre anmälan;Medel;32.2;2021-12-17;-1682;2026-12-16;1.7;2.17825962430013;Avverkning för att bevara och utveckla /försöksver;Normal skog;FALSE;TRUE;"allmän fridlyst art (t.ex. orkidé) inom 150 m, ej utlösande; hög skoglig naturvärdessannolikhet (HCVF 75); hög skog >= 20 m på 93 %";0;0;0;0;0;15;0;75.1;0.026;0.934;1497;Kärnskogsmossen;1379;Kärnskogsmossen;"";Hepatica nobilis (blåsippa, LC, fridlyst, 2024);514240;6522681;15.24675;58.84376
544;3;"Bevaka; begär tillsyn om avverkning inte skett";A 3770-2026;ÅTVIDABERG;Avverkning tillåten: äldre anmälan;Medel;32.2;2026-01-21;-186;2031-01-20;1.9;2.17717321849915;Föryngringsavverkning;Normal skog;FALSE;TRUE;"rödlistad/bilaga IV-fridlyst art inom 150 m (6/8 §, buffertzon); hög skog >= 20 m på 96 %";0;0;0;0;0;2;0;47.5;0;0.961;1859;Adelsnäs;3624;Hanekulla;"";Lucanus cervus (ekoxe, LC, fridlyst, 2026);555997;6448055;15.95189;58.1702
545;3;"Bevaka; begär tillsyn om avverkning inte skett";A 6205-2026;SÖDERKÖPING;Avverkning tillåten: äldre anmälan;Medel;32.2;2026-02-02;-174;2031-02-01;2.2;2.24419822499771;Föryngringsavverkning;Normal skog;FALSE;TRUE;"rödlistad/bilaga IV-fridlyst art inom 150 m (6/8 §, buffertzon); hög skog >= 20 m på 84 %";0;0;0;0;0;6;0;16.4;0.038;0.843;574;Passdalsån;563;Korsnäs;"";"Lucanus cervus (ekoxe, LC, fridlyst, 2026); Microbregma emarginatum (granbarkgnagare, LC, 2023); Cladonia parasitica (dvärgbägarlav, NT, 2023); Felipes leucopellaeus (kattfotslav, NT, 2023)";597964;6465727;16.67247;58.32155
546;3;"Bevaka; begär tillsyn om avverkning inte skett";A 13565-2026;LINKÖPING;Avverkning tillåten: äldre anmälan;Medel;32.2;2026-03-13;-135;2031-03-12;2.2;2.20889165500593;Föryngringsavverkning;Normal skog;FALSE;TRUE;"hög skoglig naturvärdessannolikhet (HCVF 70); hög skog >= 20 m på 90 %";0;0;0;0;0;1;0;70.2;0;0.901;635;Svenneby;5585;Ytterby;"";"";553528;6472184;15.9155;58.3872
547;3;"Bevaka; begär tillsyn om avverkning inte skett";A 23767-2022;SÖDERKÖPING;Avverkning tillåten: äldre anmälan;Medel;31.8;2022-06-09;-1508;2027-06-08;1.8;1.84139197120089;Föryngringsavverkning;Normal skog;FALSE;TRUE;"rödlistad/bilaga IV-fridlyst art inom 150 m (6/8 §, buffertzon); hög skog >= 20 m på 67 %";0;0;0;0;0;3;0;16.4;0;0.666;2645;Harsbo-Sverkersholm;2645;Harsbo-Sverkersholm;"";Lucanus cervus (ekoxe, LC, fridlyst, 2020);574191;6469063;16.2678;58.35617
548;3;"Bevaka; begär tillsyn om avverkning inte skett";A 26614-2022;KINDA;Avverkning tillåten: äldre anmälan;Medel;31.8;2022-06-27;-1490;2027-06-26;1.8;1.78957057500929;Föryngringsavverkning;Normal skog;FALSE;TRUE;"hög skoglig naturvärdessannolikhet (HCVF 79); hög skog >= 20 m på 98 %";0;0;0;0;0;0;0;78.7;0;0.981;1097;Ivranäs;1097;Sommenäs;"";"";524246;6427200;15.41002;57.98578
549;3;"Bevaka; begär tillsyn om avverkning inte skett";A 46908-2022;KINDA;Avverkning tillåten: äldre anmälan;Medel;31.8;2022-10-17;-1378;2027-10-16;1.8;1.80964675811897;Avverkning för annat ändamål;Normal skog;FALSE;TRUE;"hög skoglig naturvärdessannolikhet (HCVF 79); hög skog >= 20 m på 90 %";0;0;0;0;0;17;0;78.9;0.048;0.902;3172;Föllingsö;6758;Krogsfall;"";"";539192;6426916;15.66272;57.98216
550;3;"Bevaka; begär tillsyn om avverkning inte skett";A 51748-2023;SÖDERKÖPING;Avverkning tillåten: äldre anmälan;Medel;31.8;2023-10-23;-1007;2028-10-21;1.8;1.75628755014883;Föryngringsavverkning;Normal skog;FALSE;TRUE;"hög skoglig naturvärdessannolikhet (HCVF 74); hög skog >= 20 m på 88 %";0;0;0;0;0;13;0;74.5;0.024;0.883;6727;Norrkrog;1524;Svartdalen;"";"";586451;6479791;16.48128;58.45024
551;3;"Bevaka; begär tillsyn om avverkning inte skett";A 10412-2023;FINSPÅNG;Avverkning tillåten: äldre anmälan;Medel;31.7;2023-03-02;-1242;2028-02-29;1.7;1.6891547799987;Föryngringsavverkning;Normal skog;FALSE;TRUE;"hög skoglig naturvärdessannolikhet (HCVF 75); hög skog >= 20 m på 85 %";0;0;0;0;0;14;0;75.2;0;0.853;4231;Motala äng;2638;Abborrsjön;"";"Tomicus minor (mindre märgborre, LC, 2021); Hertelidea botryosa (vedskivlav, NT, 2021); Cladonia parasitica (dvärgbägarlav, NT, 2020); Porodaedalea pini (tallticka, NT, 2021)";542191;6535014;15.73337;58.95268
552;3;"Bevaka; begär tillsyn om avverkning inte skett";A 40619-2025;ÅTVIDABERG;Avverkning tillåten: äldre anmälan;Medel;31.7;2025-08-27;-333;2030-08-26;1.2;1.7206474901437;Föryngringsavverkning;Normal skog;FALSE;TRUE;"hög skoglig naturvärdessannolikhet (HCVF 80); hög skog >= 20 m på 96 %";0;0;0;0;0;65;0;79.6;0;0.959;2401;Ekhultebergen;990;Grävsätter;"";"";576064;6446919;16.29255;58.157
553;3;"Bevaka; begär tillsyn om avverkning inte skett";A 40625-2025;ÅTVIDABERG;Avverkning tillåten: äldre anmälan;Medel;31.7;2025-08-27;-333;2030-08-26;1.6;1.71385065964844;Föryngringsavverkning;Normal skog;FALSE;TRUE;"hög skoglig naturvärdessannolikhet (HCVF 72); hög skog >= 20 m på 99 %";0;0;0;0;0;13;0;72.5;0;0.988;2441;Ekhultebergen;783;Grävsätter;"";"Alleniella complanata (platt fjädermossa, LC, 2020); Antitrichia curtipendula (fällmossa, LC, 2020); Homalothecium sericeum (guldlockmossa, LC, 2020); Inocutis rheades (rävticka, LC, 2020); Sparassis crispa (blomkålssvamp, LC, 2020); Carbonicola anthracophila (kolflarnlav, NT, 2020); Cladonia parasitica (dvärgbägarlav, NT, 2020); Crustoderma corneum (hornvaxskinn, NT, 2020); Hertelidea botryosa (vedskivlav, NT, 2020); Microcalicium ahlneri (kortskaftad ärgspik, NT, 2020); Porodaedalea pini (tallticka, NT, 2020)";575883;6447257;16.28958;58.16007
554;3;"Bevaka; begär tillsyn om avverkning inte skett";A 2967-2024;KINDA;Avverkning tillåten: äldre anmälan;Medel;31.6;2024-01-24;-914;2029-01-22;1.6;1.57585222995009;Föryngringsavverkning;Normal skog;FALSE;TRUE;"hög skoglig naturvärdessannolikhet (HCVF 83); hög skog >= 20 m på 98 %";0;0;0;0;0;10;0;83.1;0;0.984;2351;Lönningehult;4848;Klefsbergen;"";"";547383;6412435;15.79833;57.85131
555;3;"Bevaka; begär tillsyn om avverkning inte skett";A 2644-2025;KINDA;Avverkning tillåten: äldre anmälan;Medel;31.6;2025-01-19;-553;2030-01-18;1.6;1.63318399320822;Avverkning för annat ändamål;Normal skog;FALSE;TRUE;"hög skoglig naturvärdessannolikhet (HCVF 86); hög skog >= 20 m på 94 %";0;0;0;0;0;13;0;85.7;0.125;0.942;1243;Törnevik;1245;Törnevik;"";"";534581;6449488;15.58808;58.18527
556;3;"Bevaka; begär tillsyn om avverkning inte skett";A 34231-2025;NORRKÖPING;Avverkning tillåten: äldre anmälan;Medel;31.6;2025-07-07;-384;2030-07-06;1.5;1.64908304999478;Föryngringsavverkning;Normal skog;FALSE;TRUE;"hög skoglig naturvärdessannolikhet (HCVF 73); hög skog >= 20 m på 82 %";0;0;0;0;0;25;0;72.7;0;0.817;3260;Nybygget-Duvhult;3176;Stockgölen;"";"";559333;6510459;16.02476;58.73016
557;3;"Bevaka; begär tillsyn om avverkning inte skett";A 31534-2023;LINKÖPING;Avverkning tillåten: äldre anmälan;Medel;31.5;2023-07-09;-1113;2028-07-07;1.5;1.54100932394899;Föryngringsavverkning;Normal skog;FALSE;TRUE;"hög skoglig naturvärdessannolikhet (HCVF 71); hög skog >= 20 m på 100 %";0;0;0;0;0;9;0;70.6;0;0.996;2876;Sörstugan;1810;Packarps lövskog;"";"";526092;6445917;15.44333;58.15378
558;3;"Bevaka; begär tillsyn om avverkning inte skett";A 31831-2023;KINDA;Avverkning tillåten: äldre anmälan;Medel;31.5;2023-07-11;-1111;2028-07-09;1.3;1.51170053000245;Föryngringsavverkning;Normal skog;FALSE;TRUE;"hög skoglig naturvärdessannolikhet (HCVF 83); hög skog >= 20 m på 86 %";0;0;0;0;0;3;0;82.8;0.151;0.861;2370;Knastraberget;2093;Tegelsätter;"";"";548567;6435863;15.82308;58.06158
559;3;"Bevaka; begär tillsyn om avverkning inte skett";A 2966-2024;KINDA;Avverkning tillåten: äldre anmälan;Medel;31.5;2024-01-24;-914;2029-01-22;1.5;1.45617895884803;Föryngringsavverkning;Normal skog;FALSE;TRUE;"hög skoglig naturvärdessannolikhet (HCVF 93); hög skog >= 20 m på 100 %";0;0;0;0;0;8;0;93;0;1;1670;Lönningehult;4773;Klefsbergen;"";"";547360;6413102;15.79807;57.8573
560;3;"Bevaka; begär tillsyn om avverkning inte skett";A 35764-2025;BOXHOLM;Avverkning tillåten: äldre anmälan;Medel;31.5;2025-07-22;-369;2030-07-21;1.5;1.47775519000571;Föryngringsavverkning;Normal skog;FALSE;TRUE;"hög skoglig naturvärdessannolikhet (HCVF 80); hög skog >= 20 m på 93 %";0;0;0;0;0;14;0;79.9;0.014;0.927;1734;Ivranäs;700;Idebo;"";"";518151;6425905;15.30686;57.97444
561;3;"Bevaka; begär tillsyn om avverkning inte skett";A 1760-2024;KINDA;Avverkning tillåten: äldre anmälan;Medel;31.4;2024-01-16;-922;2029-01-14;1.4;1.38849843149912;Föryngringsavverkning;Normal skog;FALSE;TRUE;"hög skoglig naturvärdessannolikhet (HCVF 72); hög skog >= 20 m på 91 %";0;0;0;0;0;22;0;72.2;0;0.91;2854;Viggeby;2009;Hackelboön;"";Actaea spicata (svart trolldruva, LC, 2023);542179;6446841;15.7168;58.16083
562;3;"Bevaka; begär tillsyn om avverkning inte skett";A 1399-2025;SÖDERKÖPING;Avverkning tillåten: äldre anmälan;Medel;31.4;2025-01-10;-562;2030-01-09;1.4;1.42294776865449;Föryngringsavverkning;Normal skog;FALSE;TRUE;"rödlistad/bilaga IV-fridlyst art inom 150 m (6/8 §, buffertzon); hög skog >= 20 m på 95 %";0;0;0;0;0;8;0;65.4;0.007;0.953;1090;Passdalsån;1084;Korsnäs;"";"Dactylorhiza sambucina (Adam och Eva, NT, fridlyst, 2020); Eptesicus nilssonii (nordfladdermus, NT, 2013); Fistulina hepatica (oxtungssvamp, NT, 2025)";596525;6465281;16.64773;58.31786
563;3;"Bevaka; begär tillsyn om avverkning inte skett";A 49834-2025;KINDA;Avverkning tillåten: äldre anmälan;Medel;31.4;2025-10-10;-289;2030-10-09;1.4;1.42874435125031;Föryngringsavverkning;Normal skog;FALSE;TRUE;"hög skoglig naturvärdessannolikhet (HCVF 78); hög skog >= 20 m på 96 %";0;0;0;0;0;0;0;78;0;0.964;1073;Ivranäs;1039;Sommenäs;"";"";523983;6427708;15.40563;57.99035
564;3;"Bevaka; begär tillsyn om avverkning inte skett";A 59081-2025;KINDA;Avverkning tillåten: äldre anmälan;Medel;31.4;2025-11-27;-241;2030-11-26;1.3;1.38441460299619;Föryngringsavverkning;Normal skog;FALSE;TRUE;"allmän fridlyst art (t.ex. orkidé) inom 150 m, ej utlösande; hög skoglig naturvärdessannolikhet (HCVF 71); hög skog >= 20 m på 99 %";0;0;0;0;0;2;0;70.7;0;0.993;3143;Yxefall;754;Fagerhults lövskog;"";Hepatica nobilis (blåsippa, LC, fridlyst, 2011);531202;6433867;15.52854;58.04523
565;3;"Bevaka; begär tillsyn om avverkning inte skett";A 61779-2025;KINDA;Avverkning tillåten: äldre anmälan;Medel;31.4;2025-12-11;-227;2030-12-10;1.4;1.36886119500247;Föryngringsavverkning;Normal skog;FALSE;TRUE;"rödlistad/bilaga IV-fridlyst art inom 150 m (6/8 §, buffertzon); hög skog >= 20 m på 99 %";0;0;0;0;0;3;0;59.5;0;0.986;1442;Idhult;1509;Idhult;"";"Epipactis atrorubens (purpurknipprot, LC, fridlyst, 2026); Hieracium sparsidens (spretfibbla, NT, 2011)";557590;6426957;15.97379;57.98053
566;3;"Bevaka; begär tillsyn om avverkning inte skett";A 5545-2026;LINKÖPING;Avverkning tillåten: äldre anmälan;Medel;31.4;2026-01-28;-179;2031-01-27;1.4;1.35608385878704;Föryngringsavverkning;Normal skog;FALSE;TRUE;"rödlistad/bilaga IV-fridlyst art inom 150 m (6/8 §, buffertzon); hög skog >= 20 m på 94 %";0;0;0;0;0;3;0;28.4;0;0.943;1848;Sätravallen;1848;Sätravallen;"";Lucanus cervus (ekoxe, LC, fridlyst, 2020);544953;6454540;15.76542;58.22971
567;3;"Bevaka; begär tillsyn om avverkning inte skett";A 14124-2026;ÅTVIDABERG;Avverkning tillåten: äldre anmälan;Medel;31.4;2026-03-18;-130;2031-03-17;1.3;1.42200000000163;Föryngringsavverkning;Normal skog;FALSE;TRUE;"hög skoglig naturvärdessannolikhet (HCVF 75); hög skog >= 20 m på 96 %";0;0;0;0;0;0;0;74.7;0.049;0.958;5015;Hägerstad;2303;Skrickerum;"";"";581170;6449494;16.38018;58.17922
568;3;"Bevaka; begär tillsyn om avverkning inte skett";A 3845-2022;FINSPÅNG;Avverkning tillåten: äldre anmälan;Medel;31.3;2022-01-26;-1642;2027-01-25;1.3;1.31637614549464;Föryngringsavverkning;Normal skog;FALSE;TRUE;"hög skoglig naturvärdessannolikhet (HCVF 76); hög skog >= 20 m på 96 %";0;0;0;0;0;1;0;76.1;0;0.962;6885;Stockhult;6856;Hällestads-Torp;"";"";531785;6515841;15.54977;58.7814
569;3;"Bevaka; begär tillsyn om avverkning inte skett";A 54324-2022;SÖDERKÖPING;Avverkning tillåten: äldre anmälan;Medel;31.3;2022-11-17;-1347;2027-11-16;1.2;1.3383273000001;Föryngringsavverkning;Normal skog;FALSE;TRUE;"hög skoglig naturvärdessannolikhet (HCVF 92); hög skog >= 20 m på 94 %";0;0;0;0;0;12;0;92.3;0;0.935;3806;Vegalla;3788;Vegalla;"";"";570968;6468317;16.21252;58.35
570;3;"Bevaka; begär tillsyn om avverkning inte skett";A 44565-2023;VALDEMARSVIK;Avverkning tillåten: äldre anmälan;Medel;31.3;2023-09-14;-1046;2028-09-12;1.4;1.34789226260874;Föryngringsavverkning;Normal skog;FALSE;TRUE;"rödlistad/bilaga IV-fridlyst art inom 150 m (6/8 §, buffertzon); hög skog >= 20 m på 66 %";0;0;0;0;0;4;0;27.3;0;0.665;1036;Sankt Anna och Gryts skärgårdar;1036;Ämtö;"";"Lucanus cervus (ekoxe, LC, fridlyst, 2026); Alces alces (älg, NT, 2022)";609469;6461572;16.8668;58.28153
571;3;"Bevaka; begär tillsyn om avverkning inte skett";A 22878-2023;ÅTVIDABERG;Avverkning tillåten: äldre anmälan;Medel;31.2;2023-05-26;-1157;2028-05-24;1.2;1.20812286475301;Föryngringsavverkning;Normal skog;FALSE;TRUE;"rödlistad/bilaga IV-fridlyst art inom 150 m (6/8 §, buffertzon); hög skog >= 20 m på 77 %";0;0;0;0;0;5;0;37;0.052;0.77;1576;Stockmossen;1576;Stockmossen;"";"Lucanus cervus (ekoxe, LC, fridlyst, 2020); Porodaedalea pini (tallticka, NT, 2024)";552743;6459959;15.89929;58.27751
572;3;"Bevaka; begär tillsyn om avverkning inte skett";A 27698-2023;FINSPÅNG;Avverkning tillåten: äldre anmälan;Medel;31.2;2023-06-18;-1134;2028-06-16;1.3;1.20418429494905;Föryngringsavverkning;Normal skog;FALSE;TRUE;"allmän fridlyst art (t.ex. orkidé) inom 150 m, ej utlösande; hög skoglig naturvärdessannolikhet (HCVF 78); hög skog >= 20 m på 98 %";0;0;0;0;0;24;0;77.7;0;0.984;4818;Asketorp;4105;Gällsängenskogen;"";"Hepatica nobilis (blåsippa, LC, fridlyst, 2022); Dicranum flagellare (flagellkvastmossa, LC, 2023); Phellinidium ferrugineofuscum (ullticka, NT, 2021)";546698;6529271;15.8105;58.90064
573;3;"Bevaka; begär tillsyn om avverkning inte skett";A 28487-2025;SÖDERKÖPING;Avverkning tillåten: äldre anmälan;Medel;31.2;2025-06-09;-412;2030-06-08;1.2;1.20286303595519;Föryngringsavverkning;Normal skog;FALSE;TRUE;"hög skoglig naturvärdessannolikhet (HCVF 76); hög skog >= 20 m på 99 %";0;0;0;0;0;1;0;76.1;0;0.993;631;Svensmarö;631;Svensmarö;"";"";605248;6467759;16.79767;58.3381
574;3;"Bevaka; begär tillsyn om avverkning inte skett";A 37345-2025;SÖDERKÖPING;Avverkning tillåten: äldre anmälan;Medel;31.2;2025-08-07;-353;2030-08-06;1.2;1.18285700620133;Föryngringsavverkning;Normal skog;FALSE;TRUE;"rödlistad/bilaga IV-fridlyst art inom 150 m (6/8 §, buffertzon); hög skog >= 20 m på 54 %";0;0;0;0;0;6;0;38.6;0;0.535;4905;Ramunderberget;4908;Ramunderberget;"";Lucanus cervus (ekoxe, LC, fridlyst, 2022);576505;6478184;16.31037;58.43767
575;3;"Bevaka; begär tillsyn om avverkning inte skett";A 1102-2023;MOTALA;Avverkning tillåten: äldre anmälan;Medel;31.1;2023-01-09;-1294;2028-01-08;1.1;1.0787883691589;Föryngringsavverkning;Normal skog;FALSE;TRUE;"hög skoglig naturvärdessannolikhet (HCVF 78); hög skog >= 20 m på 99 %";0;0;0;0;0;0;0;78.3;0;0.99;1287;Ringarhultsån;3371;Fågelmossen;"";"";515081;6506646;15.26024;58.69973
576;3;"Bevaka; begär tillsyn om avverkning inte skett";A 28556-2023;FINSPÅNG;Avverkning tillåten: äldre anmälan;Medel;31.1;2023-06-26;-1126;2028-06-24;1.1;1.11930558270104;Föryngringsavverkning;Normal skog;FALSE;TRUE;"hög skoglig naturvärdessannolikhet (HCVF 71); hög skog >= 20 m på 95 %";0;0;0;0;0;2;0;70.9;0;0.948;6656;Stora Mossen (Igelfors);6646;Stora mossen;"";"";532290;6515922;15.55851;58.78209
577;3;"Bevaka; begär tillsyn om avverkning inte skett";A 19995-2025;NORRKÖPING;Avverkning tillåten: äldre anmälan;Medel;31.1;2025-04-24;-458;2030-04-23;1;1.05039132234887;Föryngringsavverkning;Normal skog;FALSE;TRUE;"hög skoglig naturvärdessannolikhet (HCVF 83); hög skog >= 20 m på 78 %";0;0;0;0;0;6;0;83.2;0;0.777;2999;Stora Rimmö;2999;Stora Rimmö;"";"Leucobryum glaucum (blåmossa, LC, 2025); Sparassis crispa (blomkålssvamp, LC, 2025); Lactarius musteus (tallriska, NT, 2012)";608401;6481417;16.85794;58.45994
578;3;"Bevaka; begär tillsyn om avverkning inte skett";A 52662-2021;KINDA;Avverkning tillåten: äldre anmälan;Medel;31;2021-09-27;-1763;2026-09-26;1;1.04638434175106;Föryngringsavverkning;Normal skog;FALSE;TRUE;"rödlistad/bilaga IV-fridlyst art inom 150 m (6/8 §, buffertzon); hög skog >= 20 m på 86 %";0;0;0;0;0;1;0;56;0.006;0.861;4042;Knastraberget;3549;Tegelsätter;"";Lucanus cervus (ekoxe, LC, fridlyst, 2026);546301;6435008;15.78452;58.05416
579;3;"Bevaka; begär tillsyn om avverkning inte skett";A 53891-2021;SÖDERKÖPING;Avverkning tillåten: äldre anmälan;Medel;31;2021-09-30;-1760;2026-09-29;1;1.04800241929823;Föryngringsavverkning;Normal skog;FALSE;TRUE;"rödlistad/bilaga IV-fridlyst art inom 150 m (6/8 §, buffertzon); hög skog >= 20 m på 89 %";0;0;0;0;0;6;0;20.6;0.046;0.892;4136;Össby lindäng;8128;Ekhammarviken;"";Lucanus cervus (ekoxe, LC, fridlyst, 2026);566878;6473661;16.14421;58.39863
580;3;"Bevaka; begär tillsyn om avverkning inte skett";A 55744-2021;FINSPÅNG;Avverkning tillåten: äldre anmälan;Medel;31;2021-10-07;-1753;2026-10-06;1;0.993952004998806;Föryngringsavverkning;Normal skog;FALSE;TRUE;"hög skoglig naturvärdessannolikhet (HCVF 82); hög skog >= 20 m på 96 %";0;0;0;0;0;9;0;81.6;0.051;0.957;6779;Asketorp;2099;Gäddöskogen;"";"";550123;6526306;15.86926;58.87363
581;3;"Bevaka; begär tillsyn om avverkning inte skett";A 7142-2022;KINDA;Avverkning tillåten: äldre anmälan;Medel;31;2022-02-11;-1626;2027-02-10;1;0.973318320000917;Föryngringsavverkning;Normal skog;FALSE;TRUE;"hög skoglig naturvärdessannolikhet (HCVF 81); hög skog >= 20 m på 100 %";0;0;0;0;0;0;0;81.3;0;0.996;1127;Ivranäs;1126;Sommenäs;"";"";524210;6427299;15.40943;57.98667
582;3;"Bevaka; begär tillsyn om avverkning inte skett";A 7840-2022;LINKÖPING;Avverkning tillåten: äldre anmälan;Medel;31;2022-02-16;-1621;2027-02-15;1;1.04316300049756;Föryngringsavverkning;Normal skog;FALSE;TRUE;"hög skoglig naturvärdessannolikhet (HCVF 79); hög skog >= 20 m på 99 %";0;0;0;0;0;16;0;78.8;0;0.99;8198;Ramshult;6189;Limmernskogarna;"";"Arthonia vinosa (rostfläck, LC, 2012); Lactifluus volemus (mandelriska, LC, 2012); Artomyces pyxidatus (kandelabersvamp, NT, 2012)";525776;6457509;15.43924;58.25791
583;3;"Bevaka; begär tillsyn om avverkning inte skett";A 12898-2022;FINSPÅNG;Avverkning tillåten: äldre anmälan;Medel;31;2022-03-22;-1587;2027-03-21;1;1.03036408809503;Föryngringsavverkning;Normal skog;FALSE;TRUE;"hög skoglig naturvärdessannolikhet (HCVF 80); hög skog >= 20 m på 82 %";0;0;0;0;0;0;0;79.5;0;0.822;5688;Stora Mossen (Igelfors);5582;Trollkäringeskogen;"";"";537330;6516207;15.64573;58.78424
584;3;"Bevaka; begär tillsyn om avverkning inte skett";A 12508-2024;ÅTVIDABERG;Avverkning tillåten: äldre anmälan;Medel;31;2024-03-28;-850;2029-03-27;1;1.00269523128709;Föryngringsavverkning;Normal skog;FALSE;TRUE;"rödlistad/bilaga IV-fridlyst art inom 150 m (6/8 §, buffertzon); hög skog >= 20 m på 90 %";0;0;0;0;0;1;0;19;0.152;0.905;6258;Fallingeberg;3483;Skrickerum;"";Lucanus cervus (ekoxe, LC, fridlyst, 2026);581026;6451487;16.37843;58.19714
585;3;"Bevaka; begär tillsyn om avverkning inte skett";A 19897-2022;KINDA;Avverkning tillåten: äldre anmälan;Medel;30.9;2022-05-16;-1532;2027-05-15;0.9;0.926296413854277;Föryngringsavverkning;Normal skog;FALSE;TRUE;"hög skoglig naturvärdessannolikhet (HCVF 82); hög skog >= 20 m på 100 %";0;0;0;0;0;0;0;81.9;0;1;1432;Bäckängsmon;1432;Bäckängsmon;"";"";553441;6438358;15.90624;58.08344
586;3;"Bevaka; begär tillsyn om avverkning inte skett";A 18005-2023;ÅTVIDABERG;Avverkning tillåten: äldre anmälan;Medel;30.9;2023-04-24;-1189;2028-04-22;0.9;0.852507391548623;Föryngringsavverkning;Normal skog;FALSE;TRUE;"hög skoglig naturvärdessannolikhet (HCVF 73); hög skog >= 20 m på 100 %";0;0;0;0;0;3;0;72.9;0;1;1769;Trulstorpet;3090;Kulla ängar;"";"";560519;6443045;16.02744;58.12461
587;3;"Bevaka; begär tillsyn om avverkning inte skett";A 27513-2023;ÅTVIDABERG;Avverkning tillåten: äldre anmälan;Medel;30.9;2023-06-20;-1132;2028-06-18;0.9;0.917454371596221;Föryngringsavverkning;Normal skog;FALSE;TRUE;"hög skoglig naturvärdessannolikhet (HCVF 91); hög skog >= 20 m på 100 %";0;0;0;0;0;12;0;91.3;0;1;4304;Fröjerum;795;Tarant;"";"";567217;6453299;16.14409;58.21573
588;3;"Bevaka; begär tillsyn om avverkning inte skett";A 36175-2025;BOXHOLM;Avverkning tillåten: äldre anmälan;Medel;30.9;2025-07-29;-362;2030-07-28;0.9;0.900166244998699;Föryngringsavverkning;Normal skog;FALSE;TRUE;"hög skoglig naturvärdessannolikhet (HCVF 72); hög skog >= 20 m på 100 %";0;0;0;0;0;6;0;72;0.033;0.996;1304;Bösebo;5666;Romanäs;"";"";505904;6439953;15.10017;58.10095
589;3;"Bevaka; begär tillsyn om avverkning inte skett";A 37551-2025;BOXHOLM;Avverkning tillåten: äldre anmälan;Medel;30.9;2025-08-11;-349;2030-08-10;0.7;0.936407914555026;Föryngringsavverkning;Normal skog;FALSE;TRUE;"hög skoglig naturvärdessannolikhet (HCVF 76); hög skog >= 20 m på 89 %";0;0;0;0;0;3;0;75.5;0.002;0.889;4681;Bösebo;2272;Romanäs;"";Porodaedalea pini (tallticka, NT, 2020);503198;6437760;15.05422;58.08128
590;3;"Bevaka; begär tillsyn om avverkning inte skett";A 46649-2025;SÖDERKÖPING;Avverkning tillåten: äldre anmälan;Medel;30.9;2025-09-26;-303;2030-09-25;0.9;0.890119229996257;Föryngringsavverkning;Normal skog;FALSE;TRUE;"rödlistad/bilaga IV-fridlyst art inom 150 m (6/8 §, buffertzon); hög skog >= 20 m på 100 %";0;0;0;0;0;2;0;29.7;0;1;2211;Vegalla;2191;Vegalla;"";Lucanus cervus (ekoxe, LC, fridlyst, 2020);570723;6466657;16.20782;58.33513
591;3;"Bevaka; begär tillsyn om avverkning inte skett";A 52773-2021;ÅTVIDABERG;Avverkning tillåten: äldre anmälan;Medel;30.8;2021-09-28;-1762;2026-09-27;0.8;0.755694861513004;Föryngringsavverkning;Normal skog;FALSE;TRUE;"rödlistad/bilaga IV-fridlyst art inom 150 m (6/8 §, buffertzon); hög skog >= 20 m på 99 %";0;0;0;0;0;1;0;25;0;0.992;3958;Åtvidsnäs;1849;Tarant;"";Lucanus cervus (ekoxe, LC, fridlyst, 2020);563973;6453662;16.08899;58.21947
592;3;"Bevaka; begär tillsyn om avverkning inte skett";A 56581-2021;VALDEMARSVIK;Avverkning tillåten: äldre anmälan;Medel;30.8;2021-10-11;-1749;2026-10-10;0.8;0.80904204115076;Föryngringsavverkning;Normal skog;FALSE;TRUE;"rödlistad/bilaga IV-fridlyst art inom 150 m (6/8 §, buffertzon); hög skog >= 20 m på 82 %";0;0;0;0;0;4;0;26.8;0;0.817;2712;Sankt Anna och Gryts skärgårdar;1859;Gamlebofjärdens naturreservat;"";Lucanus cervus (ekoxe, LC, fridlyst, 2021);606397;6452534;16.81031;58.20115
593;3;"Bevaka; begär tillsyn om avverkning inte skett";A 59125-2022;BOXHOLM;Avverkning tillåten: äldre anmälan;Medel;30.8;2022-12-09;-1325;2027-12-08;0.8;0.786526128556672;Föryngringsavverkning;Normal skog;FALSE;TRUE;"hög skoglig naturvärdessannolikhet (HCVF 71); hög skog >= 20 m på 98 %";0;0;0;0;0;1;0;71.3;0;0.982;3330;Ivranäs naturreservat;1609;Aspenäs;"";"";519529;6430312;15.33052;58.01396
594;3;"Bevaka; begär tillsyn om avverkning inte skett";A 252-2023;VALDEMARSVIK;Avverkning tillåten: äldre anmälan;Medel;30.8;2022-12-27;-1307;2027-12-26;0.9;0.843050803558528;Föryngringsavverkning;Normal skog;FALSE;TRUE;"hög skoglig naturvärdessannolikhet (HCVF 82); hög skog >= 20 m på 50 %";0;0;0;0;0;2;0;82.5;0;0.505;7788;Fallingeberg;5760;Vargmossen;"";"";583983;6463343;16.43301;58.30304
595;3;"Bevaka; begär tillsyn om avverkning inte skett";A 39930-2023;ÅTVIDABERG;Avverkning tillåten: äldre anmälan;Medel;30.8;2023-08-30;-1061;2028-08-28;0.8;0.79110479244818;Föryngringsavverkning;Normal skog;FALSE;TRUE;"allmän fridlyst art (t.ex. orkidé) inom 150 m, ej utlösande; hög skoglig naturvärdessannolikhet (HCVF 91); hög skog >= 20 m på 100 %";0;0;0;0;0;15;0;91.4;0;1;2386;Ingelstorp;3929;Herrsätter;"";"Hepatica nobilis (blåsippa, LC, fridlyst, 2020); Herzogiella seligeri (stubbspretmossa, LC, 2009); Microbregma emarginatum (granbarkgnagare, LC, 2009); Phellinidium ferrugineofuscum (ullticka, NT, 2009); Porodaedalea pini (tallticka, NT, 2020)";556770;6456660;15.96713;58.24739
596;3;"Bevaka; begär tillsyn om avverkning inte skett";A 53163-2023;ÅTVIDABERG;Avverkning tillåten: äldre anmälan;Medel;30.8;2023-10-30;-1000;2028-10-28;0.8;0.768771694744076;Föryngringsavverkning;Normal skog;FALSE;TRUE;"hög skoglig naturvärdessannolikhet (HCVF 74); hög skog >= 20 m på 98 %";0;0;0;0;0;0;0;74.5;0;0.984;2172;Fornborgen-Grävsten;691;Ytterby;"";"";552719;6465566;15.90015;58.32787
597;3;"Bevaka; begär tillsyn om avverkning inte skett";A 55944-2024;LINKÖPING;Avverkning tillåten: äldre anmälan;Medel;30.8;2024-11-27;-606;2029-11-26;0.8;0.824820339551941;Föryngringsavverkning;Normal skog;FALSE;TRUE;"rödlistad/bilaga IV-fridlyst art inom 150 m (6/8 §, buffertzon); hög skog >= 20 m på 92 %";0;0;0;0;0;5;0;28;0.048;0.916;5116;Älgbosätter;4354;Limmernskogarna;"";Lucanus cervus (ekoxe, LC, fridlyst, 2020);531553;6456731;15.53758;58.25055
598;3;"Bevaka; begär tillsyn om avverkning inte skett";A 58737-2024;KINDA;Avverkning tillåten: äldre anmälan;Medel;30.8;2024-12-09;-594;2029-12-08;0.8;0.756567843496893;Föryngringsavverkning;Normal skog;FALSE;TRUE;"hög skoglig naturvärdessannolikhet (HCVF 83); hög skog >= 20 m på 99 %";0;0;0;0;0;7;0;83;0;0.987;4982;Yxefall;1139;Fagerhults lövskog;"";"Actaea spicata (svart trolldruva, LC, 2021); Antitrichia curtipendula (fällmossa, LC, 2021)";531333;6436955;15.53117;58.07294
599;3;"Bevaka; begär tillsyn om avverkning inte skett";A 35765-2025;BOXHOLM;Avverkning tillåten: äldre anmälan;Medel;30.8;2025-07-22;-369;2030-07-21;0.6;0.782205120005086;Föryngringsavverkning;Normal skog;FALSE;TRUE;"hög skoglig naturvärdessannolikhet (HCVF 79); hög skog >= 20 m på 73 %";0;0;0;0;0;17;0;78.9;0;0.731;1671;Ivranäs;693;Idebo;"";"";518214;6425875;15.30792;57.97416
600;3;"Bevaka; begär tillsyn om avverkning inte skett";A 52776-2021;ÅTVIDABERG;Avverkning tillåten: äldre anmälan;Medel;30.7;2021-09-28;-1762;2026-09-27;0.7;0.739543709047278;Föryngringsavverkning;Normal skog;FALSE;TRUE;"rödlistad/bilaga IV-fridlyst art inom 150 m (6/8 §, buffertzon); hög skog >= 20 m på 99 %";0;0;0;0;0;1;0;29.3;0;0.991;4230;Åtvidsnäs;1899;Tarant;"";Lucanus cervus (ekoxe, LC, fridlyst, 2020);564017;6454008;16.08982;58.22257
601;3;"Bevaka; begär tillsyn om avverkning inte skett";A 1356-2022;ÅTVIDABERG;Avverkning tillåten: äldre anmälan;Medel;30.7;2022-01-12;-1656;2027-01-11;0.7;0.702477787152305;Föryngringsavverkning;Normal skog;FALSE;TRUE;"hög skoglig naturvärdessannolikhet (HCVF 71); hög skog >= 20 m på 100 %";0;0;0;0;0;8;0.00502594901212269;70.9;0;0.996;6291;Fornborgen-Grävsten;4290;Långdalsgölen;"";"Microbregma emarginatum (granbarkgnagare, LC, 2010); Sparassis crispa (blomkålssvamp, LC, 2025); Porodaedalea pini (tallticka, NT, 2010); Fomitiporia robusta (ekticka, NT, 2025)";559407;6467511;16.01483;58.34448
602;3;"Bevaka; begär tillsyn om avverkning inte skett";A 49146-2023;ÅTVIDABERG;Avverkning tillåten: äldre anmälan;Medel;30.7;2023-10-05;-1025;2028-10-03;0.7;0.721589535403159;Föryngringsavverkning;Normal skog;FALSE;TRUE;"rödlistad/bilaga IV-fridlyst art inom 150 m (6/8 §, buffertzon); hög skog >= 20 m på 100 %";0;0;0;0;0;1;0;6.5;0;0.995;3622;Herrsätter;2937;Långdalsgölen;"";Lucanus cervus (ekoxe, LC, fridlyst, 2020);559383;6463837;16.01347;58.31149
603;3;"Bevaka; begär tillsyn om avverkning inte skett";A 61649-2023;LINKÖPING;Avverkning tillåten: äldre anmälan;Medel;30.7;2023-12-05;-964;2028-12-03;0.7;0.691560470704505;Föryngringsavverkning;Normal skog;FALSE;TRUE;"rödlistad/bilaga IV-fridlyst art inom 150 m (6/8 §, buffertzon); hög skog >= 20 m på 94 %";0;0;0;0;0;3;0;48.3;0;0.938;1646;Brokinds lövskogar;1646;Brokinds lövskog;"";Lucanus cervus (ekoxe, LC, fridlyst, 2020);541362;6453031;15.70402;58.21651
604;3;"Bevaka; begär tillsyn om avverkning inte skett";A 44170-2025;LINKÖPING;Avverkning tillåten: äldre anmälan;Medel;30.7;2025-09-15;-314;2030-09-14;0.7;0.70609931325037;Föryngringsavverkning;Normal skog;FALSE;TRUE;"rödlistad/bilaga IV-fridlyst art inom 150 m (6/8 §, buffertzon); hög skog >= 20 m på 98 %";0;0;0;0;0;5;0;15.6;0;0.982;4788;Runstorp;4788;Runstorp;"";Epipactis atrorubens (purpurknipprot, LC, fridlyst, 2013);551990;6481665;15.89135;58.47253
605;3;"Bevaka; begär tillsyn om avverkning inte skett";A 68348-2021;MOTALA;Avverkning tillåten: äldre anmälan;Medel;30.6;2021-11-28;-1701;2026-11-27;0.6;0.58921163264513;Föryngringsavverkning;Normal skog;FALSE;TRUE;"hög skoglig naturvärdessannolikhet (HCVF 76); hög skog >= 20 m på 71 %";0;0;0;0;0;3;0;76.5;0;0.706;3646;Kärnskogsmossen;3646;Kärnskogsmossen;"";"";517269;6517586;15.29883;58.79789
606;3;"Bevaka; begär tillsyn om avverkning inte skett";A 71768-2021;ÅTVIDABERG;Avverkning tillåten: äldre anmälan;Medel;30.6;2021-12-13;-1686;2026-12-12;0.6;0.553264355704375;Föryngringsavverkning;Normal skog;FALSE;TRUE;"hög skoglig naturvärdessannolikhet (HCVF 77); hög skog >= 20 m på 95 %";0;0;0;0;0;0;0;77.4;0;0.946;3939;Fröjerum;1644;Härvelsbo;"";"";568096;6453097;16.15899;58.21378
607;3;"Bevaka; begär tillsyn om avverkning inte skett";A 4770-2023;NORRKÖPING;Avverkning tillåten: äldre anmälan;Medel;30.6;2023-01-31;-1272;2028-01-30;0.6;0.598385369998962;Föryngringsavverkning;Normal skog;FALSE;TRUE;"hög skoglig naturvärdessannolikhet (HCVF 79); hög skog >= 20 m på 81 %";0;0;0;0;0;11;0;78.9;0;0.814;2578;Mjälnäs sumpskog;3109;Rövareberget;"";Porodaedalea pini (tallticka, NT, 2025);568274;6517461;16.18128;58.79171
608;3;"Bevaka; begär tillsyn om avverkning inte skett";A 31668-2023;NORRKÖPING;Avverkning tillåten: äldre anmälan;Medel;30.6;2023-07-10;-1112;2028-07-08;0.5;0.565019094994944;Föryngringsavverkning;Normal skog;FALSE;TRUE;"hög skoglig naturvärdessannolikhet (HCVF 76); hög skog >= 20 m på 100 %";0;0;0;0;0;13;0;75.5;0;1;3551;Nybygget-Duvhult;4722;Rödgölen;"";"";564192;6512291;16.10917;58.74592
609;3;"Bevaka; begär tillsyn om avverkning inte skett";A 38230-2023;LINKÖPING;Avverkning tillåten: äldre anmälan;Medel;30.6;2023-08-23;-1068;2028-08-21;0.6;0.616608332050964;Föryngringsavverkning;Normal skog;FALSE;TRUE;"rödlistad/bilaga IV-fridlyst art inom 150 m (6/8 §, buffertzon); hög skog >= 20 m på 82 %";0;0;0;0;0;7;0;10.1;0;0.823;8326;Västra Harg;7967;Västra Hargs lövskogar;"";"Epipactis helleborine (skogsknipprot, LC, fridlyst, 2024); Neottia ovata (tvåblad, LC, fridlyst, 2024); Platanthera chlorantha (grönvit nattviol, LC, fridlyst, 2024)";523949;6460708;15.40844;58.28675
610;3;"Bevaka; begär tillsyn om avverkning inte skett";A 45457-2023;SÖDERKÖPING;Avverkning tillåten: äldre anmälan;Medel;30.6;2023-09-25;-1035;2028-09-23;0.6;0.635235854994878;Föryngringsavverkning;Normal skog;FALSE;TRUE;"rödlistad/bilaga IV-fridlyst art inom 150 m (6/8 §, buffertzon); hög skog >= 20 m på 79 %";0;0;0;0;0;12;0;46;0;0.79;1504;Svensmarö;1504;Svensmarö;"";Lucanus cervus (ekoxe, LC, fridlyst, 2020);603010;6463783;16.7577;58.30294
611;3;"Bevaka; begär tillsyn om avverkning inte skett";A 2744-2024;FINSPÅNG;Avverkning tillåten: äldre anmälan;Medel;30.6;2024-01-23;-915;2029-01-21;0.6;0.646017579999752;Föryngringsavverkning;Normal skog;FALSE;TRUE;"allmän fridlyst art (t.ex. orkidé) inom 150 m, ej utlösande; hög skoglig naturvärdessannolikhet (HCVF 77); hög skog >= 20 m på 96 %";0;0;0;0;0;6;0;77.3;0.088;0.962;2362;Torsmossen;3924;Vallerängstorp;"";"Platanthera chlorantha (grönvit nattviol, LC, fridlyst, 2019); Oxyporus corticola (barkticka, LC, 2010); Hypochaeris maculata (slåtterfibbla, NT, 2019); Scorzonera humilis (svinrot, NT, 2019)";548105;6540182;15.83728;58.99846
612;3;"Bevaka; begär tillsyn om avverkning inte skett";A 2951-2024;SÖDERKÖPING;Avverkning tillåten: äldre anmälan;Medel;30.6;2024-01-24;-914;2029-01-22;0.6;0.637377649550373;Föryngringsavverkning;Normal skog;FALSE;TRUE;"hög skoglig naturvärdessannolikhet (HCVF 76); hög skog >= 20 m på 100 %";0;0;0;0;0;1;0;76;0;1;2933;Harsbo-Sverkersholm;2933;Harsbo-Sverkersholm;"";"";573674;6470639;16.25949;58.3704
613;3;"Bevaka; begär tillsyn om avverkning inte skett";A 2969-2024;KINDA;Avverkning tillåten: äldre anmälan;Medel;30.6;2024-01-24;-914;2029-01-22;0.6;0.563209401742788;Föryngringsavverkning;Normal skog;FALSE;TRUE;"hög skoglig naturvärdessannolikhet (HCVF 93); hög skog >= 20 m på 100 %";0;0;0;0;0;6;0;92.7;0;1;2231;Lönningehult;4881;Klefsbergen;"";"";547366;6412576;15.79806;57.85257
614;3;"Bevaka; begär tillsyn om avverkning inte skett";A 26604-2022;KINDA;Avverkning tillåten: äldre anmälan;Medel;30.5;2022-06-27;-1490;2027-06-26;0.5;0.475588079999946;Föryngringsavverkning;Normal skog;FALSE;TRUE;"hög skoglig naturvärdessannolikhet (HCVF 72); hög skog >= 20 m på 99 %";0;0;0;0;0;6;0;71.9;0;0.989;772;Smedstorp;3176;Rocks mosse;"";"";525303;6421631;15.42731;57.9357
615;3;"Bevaka; begär tillsyn om avverkning inte skett";A 42059-2022;ÅTVIDABERG;Avverkning tillåten: äldre anmälan;Medel;30.5;2022-09-26;-1399;2027-09-25;0.5;0.539076296048309;Föryngringsavverkning;Normal skog;FALSE;TRUE;"hög skoglig naturvärdessannolikhet (HCVF 84); hög skog >= 20 m på 100 %";0;0;0;0;0;0;0;83.6;0;1;3757;Herrsätter;2274;Ytterby;"";"";552930;6463625;15.90331;58.31041
616;3;"Bevaka; begär tillsyn om avverkning inte skett";A 47051-2022;KINDA;Avverkning tillåten: äldre anmälan;Medel;30.5;2022-10-18;-1377;2027-10-17;0.5;0.51407369745872;Föryngringsavverkning;Normal skog;FALSE;TRUE;"rödlistad/bilaga IV-fridlyst art inom 150 m (6/8 §, buffertzon); hög skog >= 20 m på 96 %";0;0;0;0;0;8;0;49.2;0;0.96;1807;Knastraberget;2294;Bråtberget;"";Lucanus cervus (ekoxe, LC, fridlyst, 2011);552285;6435062;15.88591;58.05397
617;3;"Bevaka; begär tillsyn om avverkning inte skett";A 27642-2023;ÅTVIDABERG;Avverkning tillåten: äldre anmälan;Medel;30.5;2023-06-20;-1132;2028-06-18;0.5;0.480130054300421;Föryngringsavverkning;Normal skog;FALSE;TRUE;"hög skoglig naturvärdessannolikhet (HCVF 90); hög skog >= 20 m på 100 %";0;0;0;0;0;7;0;89.7;0;1;4192;Fröjerum;1084;Tarant;"";"";567487;6453177;16.14864;58.21459
618;3;"Bevaka; begär tillsyn om avverkning inte skett";A 27986-2023;ÅTVIDABERG;Avverkning tillåten: äldre anmälan;Medel;30.5;2023-06-21;-1131;2028-06-19;0.5;0.478669970507803;Föryngringsavverkning;Normal skog;FALSE;TRUE;"hög skoglig naturvärdessannolikhet (HCVF 79); hög skog >= 20 m på 100 %";0;0;0;0;0;1;0;79.4;0;1;4170;Stora och Lilla Löpgöl;1745;Tarant;"";"";568156;6452826;16.15993;58.21133
619;3;"Bevaka; begär tillsyn om avverkning inte skett";A 42753-2023;SÖDERKÖPING;Avverkning tillåten: äldre anmälan;Medel;30.5;2023-09-12;-1048;2028-09-10;0.5;0.488508690001099;Föryngringsavverkning;Normal skog;FALSE;TRUE;"hög skoglig naturvärdessannolikhet (HCVF 92); hög skog >= 20 m på 100 %";0;0;0;0;0;12;0;92;0;1;3886;Vegalla;3868;Vegalla;"";"";570973;6468352;16.21261;58.35031
620;3;"Bevaka; begär tillsyn om avverkning inte skett";A 44819-2023;SÖDERKÖPING;Avverkning tillåten: äldre anmälan;Medel;30.5;2023-09-21;-1039;2028-09-19;0.5;0.484815999999555;Föryngringsavverkning;Normal skog;FALSE;TRUE;"hög skoglig naturvärdessannolikhet (HCVF 70); hög skog >= 20 m på 95 %";0;0;0;0;0;0;0;70;0;0.946;2501;Vegalla;2491;Vegalla;"";"";571611;6466806;16.22303;58.33633
621;3;"Bevaka; begär tillsyn om avverkning inte skett";A 48555-2023;SÖDERKÖPING;Avverkning tillåten: äldre anmälan;Medel;30.5;2023-10-09;-1021;2028-10-07;0.5;0.470803434995457;Föryngringsavverkning;Normal skog;FALSE;TRUE;"hög skoglig naturvärdessannolikhet (HCVF 72); hög skog >= 20 m på 66 %";0;0;0;0;0;0;0;72.2;0;0.655;9612;Stora Ulvebo;644;Käringbergen;"";"";587537;6471054;16.49654;58.37158
622;3;"Bevaka; begär tillsyn om avverkning inte skett";A 52861-2023;KINDA;Avverkning tillåten: äldre anmälan;Medel;30.5;2023-10-20;-1010;2028-10-18;0.5;0.532460592100443;Föryngringsavverkning;Normal skog;FALSE;TRUE;"hög skoglig naturvärdessannolikhet (HCVF 73); hög skog >= 20 m på 100 %";0;0;0;0;0;1;0;73.3;0.02;1;3493;Västra Eneby;7172;Tegelsätter;"";"";544503;6431914;15.75346;58.02654
623;3;"Bevaka; begär tillsyn om avverkning inte skett";A 15082-2024;NORRKÖPING;Avverkning tillåten: äldre anmälan;Medel;30.5;2024-04-17;-830;2029-04-16;0.5;0.511388390004309;Föryngringsavverkning;Normal skog;FALSE;TRUE;"hög skoglig naturvärdessannolikhet (HCVF 76); hög skog >= 20 m på 86 %";0;0;0;0;0;0;0;75.5;0;0.855;1234;Krankensjöarnas sumpskogar;1234;Krankenbäcken;"";"";574034;6514870;16.28005;58.76749
624;3;"Bevaka; begär tillsyn om avverkning inte skett";A 17301-2024;YDRE;Avverkning tillåten: äldre anmälan;Medel;30.5;2024-05-02;-815;2029-05-01;0.5;0.490140540000797;Föryngringsavverkning;Normal skog;FALSE;TRUE;"hög skoglig naturvärdessannolikhet (HCVF 75); hög skog >= 20 m på 100 %";0;0;0;0;0;8;0;74.8;0.031;0.998;3546;Gibbehult;1413;Nästången;"";"";523492;6417975;15.39637;57.90295
625;3;"Bevaka; begär tillsyn om avverkning inte skett";A 22687-2022;KINDA;Avverkning tillåten: äldre anmälan;Medel;30.4;2022-06-02;-1515;2027-06-01;0.4;0.443458882751409;Föryngringsavverkning;Normal skog;FALSE;TRUE;"hög skoglig naturvärdessannolikhet (HCVF 82); hög skog >= 20 m på 91 %";0;0;0;0;0;2;0;81.7;0;0.914;5281;Knastraberget;4501;Tegelsätter;"";"";545048;6434867;15.76325;58.05301
626;3;"Bevaka; begär tillsyn om avverkning inte skett";A 25188-2022;KINDA;Avverkning tillåten: äldre anmälan;Medel;30.1;2022-06-17;-1500;2027-06-16;0.1;0.117382416250464;Föryngringsavverkning;Normal skog;FALSE;TRUE;"hög skoglig naturvärdessannolikhet (HCVF 71); hög skog >= 20 m på 100 %";0;0;0;0;0;6;0;71.2;0;1;2702;Ekhult;2702;Ekhult;"";"";557492;6420769;15.97064;57.92497
627;3;"Bevaka; begär tillsyn om avverkning inte skett";A 37214-2023;ÅTVIDABERG;Avverkning tillåten: äldre anmälan;Medel;30.1;2023-08-17;-1074;2028-08-15;0.1;0.0557040750488406;Föryngringsavverkning;Normal skog;FALSE;TRUE;"hög skoglig naturvärdessannolikhet (HCVF 83); hög skog >= 20 m på 100 %";0;0;0;0;0;3;0.0301296801550081;83.1;0;1;5667;Herrsätter;1056;Långdalsgölen;"";"";561371;6464492;16.04756;58.3171
628;3;"Bevaka; begär tillsyn om avverkning inte skett";A 26021-2022;KINDA;Avverkning tillåten: äldre anmälan;Medel;30;2022-06-22;-1495;2027-06-21;5.8;0.0444655953037481;Föryngringsavverkning;Normal skog;FALSE;TRUE;"hög skoglig naturvärdessannolikhet (HCVF 72); hög skog >= 20 m på 94 %";0;0;0;0;0;1;0;71.5;0;0.941;3611;Lönningehult;6190;Hökhult;"";"";547176;6419749;15.79628;57.91702
629;3;"Bevaka; begär tillsyn om avverkning inte skett";A 33562-2022;KINDA;Avverkning tillåten: äldre anmälan;Medel;30;2022-08-16;-1440;2027-08-15;5.8;0.0452762422554416;Föryngringsavverkning;Normal skog;FALSE;TRUE;"hög skoglig naturvärdessannolikhet (HCVF 72); hög skog >= 20 m på 94 %";0;0;0;0;0;1;0;71.5;0;0.941;3611;Lönningehult;6190;Hökhult;"";"";547176;6419749;15.79628;57.91702
630;3;"Bevaka; begär tillsyn om avverkning inte skett";A 56587-2021;SÖDERKÖPING;Avverkning tillåten: äldre anmälan;Medel;25.5;2021-10-11;-1749;2026-10-10;0.5;0.521623834200436;Föryngringsavverkning;Normal skog;FALSE;TRUE;"naturvårdsavtal/biotopskydd överlappar; hög skog >= 20 m på 100 %";0;0;0;0;0;1;0;63.9;0;1;1589;Herrborum;1589;Herrborum;"";"";596475;6470292;16.64897;58.36286
631;3;"Bevaka; begär tillsyn om avverkning inte skett";A 59516-2023;VALDEMARSVIK;Avverkning tillåten: äldre anmälan;Medel;20.4;2023-11-24;-975;2028-11-22;0.4;0.365850526245753;Avverkning för annat ändamål;Normal skog;FALSE;TRUE;rödlistad/bilaga IV-fridlyst art inom 150 m (6/8 §, buffertzon);0;0;0;0;0;2;0;33.5;0.008;0.314;3382;Högved;5557;Kattedals gammelskog;"";Lucanus cervus (ekoxe, LC, fridlyst, 2012);598687;6451651;16.67881;58.19502
